type,prefix,location,moonCycle,origin,artist,attributes__category,description,no (new),no,name,moonPhase,image,attributes__gender,attributes__trait1,attributes__trait2,attributes__trait3,attributes__trait4,attributes__trait5,attributes__infrastructures,attributes__resources,attributes__overwatch,attributes__aura,attributes__spirit
Character,MTG,Moon,1,Asia,GIN,Moon Trainer,A true teacher at heart. GIN is the trailblazer whose bravery is anchored to his sound judgment and kindness.,,21,GIN,New Moon,https://ipfs.tothemoon.net/ipfs/QmSUNEcmuvg1KPKU6BBxmYSFGveRCMvZVPL61ktMHy549U,Male,Knowledge,Leader,Logic,Reliability,Generosity,3,2,3,,
Character,MTG,Moon,1,Asia,GIN,Moon Trainer,A true teacher at heart. GIN is the trailblazer whose bravery is anchored to his sound judgment and kindness.,,1,GIN,New Moon,https://ipfs.tothemoon.net/ipfs/QmVVHRoVyJcjTWghPtzrQ1SLoaTfVfLct8txc65S3XTVpN,Male,Knowledge,Leader,Logic,Reliability,Generosity,1,1,2,,
Character,MTG,Moon,1,Asia,GIN,Moon Trainer,A true teacher at heart. GIN is the trailblazer whose bravery is anchored to his sound judgment and kindness.,,15,GIN,New Moon,https://ipfs.tothemoon.net/ipfs/QmU1d3qtwK1LGe9HzRreh9ii8sfAmS9JiSVUq4phQXBGps,Male,Knowledge,Leader,Logic,Reliability,Generosity,1,2,2,,
Character,MTG,Moon,1,Europe,GIN,Moon Trainer,A true teacher at heart. GIN is the trailblazer whose bravery is anchored to his sound judgment and kindness.,,62,GIN,New Moon,https://ipfs.tothemoon.net/ipfs/QmTNL6GoSixf5QZpi7tjTXT9eFtGFHK9GSuW1TtktYvA6V,Male,Knowledge,Leader,Logic,Reliability,Generosity,2,3,2,,
Character,MTG,Moon,1,North America,GIN,Moon Trainer,A true teacher at heart. GIN is the trailblazer whose bravery is anchored to his sound judgment and kindness.,,43,GIN,New Moon,https://ipfs.tothemoon.net/ipfs/QmNSnu8zeoTF7yhdNVPv4L68aBN3aiWBts6og1U5gMhjh2,Male,Knowledge,Leader,Logic,Reliability,Generosity,3,2,2,,
Character,MTG,Moon,1,South America,GIN,Moon Trainer,A true teacher at heart. GIN is the trailblazer whose bravery is anchored to his sound judgment and kindness.,,89,GIN,New Moon,https://ipfs.tothemoon.net/ipfs/QmQ8ZeayW4eTjRARMi5JswBAR9fUiUPeW5LfZbpukXs4xL,Male,Knowledge,Leader,Logic,Reliability,Generosity,1,3,1,,
Character,MTG,Moon,1,Asia,GIN,Moon Trainer,A true teacher at heart. GIN is the trailblazer whose bravery is anchored to his sound judgment and kindness.,,19,GIN,New Moon,https://ipfs.tothemoon.net/ipfs/QmSRqzB4FZXHiWChW8X1EuABk73uKXAeGKxmDDR8JcHDLA,Male,Knowledge,Leader,Logic,Reliability,Generosity,3,2,3,,
Character,MTG,Moon,1,Africa,GIN,Moon Trainer,A true teacher at heart. GIN is the trailblazer whose bravery is anchored to his sound judgment and kindness.,,70,GIN,New Moon,https://ipfs.tothemoon.net/ipfs/Qmejoc3NZqvXB2CoTn9soG64J55P4BLvwHqsmsC1N1toZn,Male,Knowledge,Leader,Logic,Reliability,Generosity,3,2,1,,
Character,MTG,Moon,1,North America,GIN,Moon Trainer,A true teacher at heart. GIN is the trailblazer whose bravery is anchored to his sound judgment and kindness.,,29,GIN,New Moon,https://ipfs.tothemoon.net/ipfs/QmbiakoDvCaR2yzhzRfUD2p9Kj699NptWZVjh1yPJuUCy6,Male,Knowledge,Leader,Logic,Reliability,Generosity,2,1,2,,
Character,MTG,Moon,1,North America,GIN,Moon Trainer,A true teacher at heart. GIN is the trailblazer whose bravery is anchored to his sound judgment and kindness.,,42,GIN,New Moon,https://ipfs.tothemoon.net/ipfs/QmSjYnD2dgUiNxzcHV6LctkfvpgAMBMVeu3U7Pdrm4NtEt,Male,Knowledge,Leader,Logic,Reliability,Generosity,2,3,3,,
Character,MTG,Moon,1,Asia,GIN,Moon Trainer,A true teacher at heart. GIN is the trailblazer whose bravery is anchored to his sound judgment and kindness.,,2,GIN,New Moon,https://ipfs.tothemoon.net/ipfs/QmcA5UmuqKa5wmooJSWcKTj9KYEzTTYT4yN2uJariWFxD5,Male,Knowledge,Leader,Logic,Reliability,Generosity,1,3,2,,
Character,MTG,Moon,1,South America,GIN,Moon Trainer,A true teacher at heart. GIN is the trailblazer whose bravery is anchored to his sound judgment and kindness.,,94,GIN,New Moon,https://ipfs.tothemoon.net/ipfs/QmNwVhd6XQmsJF7SmL88qyV1Zm4pMjWv7RyF1za6kwLh8i,Male,Knowledge,Leader,Logic,Reliability,Generosity,2,1,1,,
Character,MTG,Moon,1,North America,GIN,Moon Trainer,A true teacher at heart. GIN is the trailblazer whose bravery is anchored to his sound judgment and kindness.,,33,GIN,New Moon,https://ipfs.tothemoon.net/ipfs/QmUkM7yJeQt8MAX6fntycYabxvU5Qa22YUA7HW9ebjqYS3,Male,Knowledge,Leader,Logic,Reliability,Generosity,3,3,3,,
Character,MTG,Moon,1,Europe,GIN,Moon Trainer,A true teacher at heart. GIN is the trailblazer whose bravery is anchored to his sound judgment and kindness.,,59,GIN,New Moon,https://ipfs.tothemoon.net/ipfs/QmdeweTwKswm9iCEYYWbutdyRCHxDLqtmvg7AbfzSBvrEM,Male,Knowledge,Leader,Logic,Reliability,Generosity,2,1,1,,
Character,MTG,Moon,1,South America,GIN,Moon Trainer,A true teacher at heart. GIN is the trailblazer whose bravery is anchored to his sound judgment and kindness.,,92,GIN,New Moon,https://ipfs.tothemoon.net/ipfs/QmbuQjEzAPSydU6mk55fRnfFDv3gTnk6aaF2Wj1xeDGV9a,Male,Knowledge,Leader,Logic,Reliability,Generosity,1,3,2,,
Character,MTG,Moon,1,Asia,GIN,Moon Trainer,A true teacher at heart. GIN is the trailblazer whose bravery is anchored to his sound judgment and kindness.,,9,GIN,New Moon,https://ipfs.tothemoon.net/ipfs/QmRoPaxB9U7AbnMCz5ptr6uxSBu8J6x8PRf7y6Xt8Mz6g8,Male,Knowledge,Leader,Logic,Reliability,Generosity,2,2,1,,
Character,MTG,Moon,1,Asia,GIN,Moon Trainer,A true teacher at heart. GIN is the trailblazer whose bravery is anchored to his sound judgment and kindness.,,5,GIN,New Moon,https://ipfs.tothemoon.net/ipfs/QmXhWNyqdkmDHMGH6oExymuvvCdWuGJZ1NPRrc6VhPm3Sz,Male,Knowledge,Leader,Logic,Reliability,Generosity,1,3,2,,
Character,MTG,Moon,1,Europe,GIN,Moon Trainer,A true teacher at heart. GIN is the trailblazer whose bravery is anchored to his sound judgment and kindness.,,47,GIN,New Moon,https://ipfs.tothemoon.net/ipfs/QmQcCpuPdh5BDLR4t2gWvPsK1KdjF8EA79Xj27DY6G1azu,Male,Knowledge,Leader,Logic,Reliability,Generosity,3,1,1,,
Character,MTG,Moon,1,Europe,GIN,Moon Trainer,A true teacher at heart. GIN is the trailblazer whose bravery is anchored to his sound judgment and kindness.,,56,GIN,New Moon,https://ipfs.tothemoon.net/ipfs/QmTxd2U2nDHujZcAgvteDEwVbGzV5nx1cV2j9mFSbovdLT,Male,Knowledge,Leader,Logic,Reliability,Generosity,2,3,2,,
Character,MTG,Moon,1,South America,GIN,Moon Trainer,A true teacher at heart. GIN is the trailblazer whose bravery is anchored to his sound judgment and kindness.,,87,GIN,New Moon,https://ipfs.tothemoon.net/ipfs/QmTQuxpoLTa9zDYyThyxVRHQMTFRdM2h4i3MXXSSyM7SPe,Male,Knowledge,Leader,Logic,Reliability,Generosity,2,2,2,,
Character,MTG,Moon,1,North America,GIN,Moon Trainer,A true teacher at heart. GIN is the trailblazer whose bravery is anchored to his sound judgment and kindness.,,31,GIN,New Moon,https://ipfs.tothemoon.net/ipfs/Qmd7i9pMNjHfRrNwRZy66jia1qkEtk8NtJ2iH51v1zHrV6,Male,Knowledge,Leader,Logic,Reliability,Generosity,2,3,3,,
Character,MTG,Moon,1,Africa,GIN,Moon Trainer,A true teacher at heart. GIN is the trailblazer whose bravery is anchored to his sound judgment and kindness.,,72,GIN,New Moon,https://ipfs.tothemoon.net/ipfs/QmbPzCQ9MJUgUEWQEc57JeimXtsMkLXjkaPCgz3bQvwKK5,Male,Knowledge,Leader,Logic,Reliability,Generosity,1,1,1,,
Character,MTG,Moon,1,Asia,GIN,Moon Trainer,A true teacher at heart. GIN is the trailblazer whose bravery is anchored to his sound judgment and kindness.,,3,GIN,New Moon,https://ipfs.tothemoon.net/ipfs/QmNXP3nNowZrFUtgzDgw6k9m2PmhcZeffK4CF69gsVz1Ev,Male,Knowledge,Leader,Logic,Reliability,Generosity,1,1,2,,
Character,MTG,Moon,1,Africa,GIN,Moon Trainer,A true teacher at heart. GIN is the trailblazer whose bravery is anchored to his sound judgment and kindness.,,69,GIN,New Moon,https://ipfs.tothemoon.net/ipfs/QmWhmSF3WeSrknhwaNBeEJkUgV1XcaUUM5VqsGxd26Broh,Male,Knowledge,Leader,Logic,Reliability,Generosity,2,2,2,,
Character,MTG,Moon,1,Africa,GIN,Moon Trainer,A true teacher at heart. GIN is the trailblazer whose bravery is anchored to his sound judgment and kindness.,,75,GIN,New Moon,https://ipfs.tothemoon.net/ipfs/Qme1zub6aUAnh69Nd8CJnFsuGHTZNZDxmAqkZ5HxEYT4Lt,Male,Knowledge,Leader,Logic,Reliability,Generosity,2,3,2,,
Character,MTG,Moon,1,South America,GIN,Moon Trainer,A true teacher at heart. GIN is the trailblazer whose bravery is anchored to his sound judgment and kindness.,,83,GIN,New Moon,https://ipfs.tothemoon.net/ipfs/QmcG2Zzh8JGwrWJNNVxmE1eiVZqVHK4DqUTXBZnRJjqrkY,Male,Knowledge,Leader,Logic,Reliability,Generosity,2,1,3,,
Character,MTG,Moon,1,Asia,GIN,Moon Trainer,A true teacher at heart. GIN is the trailblazer whose bravery is anchored to his sound judgment and kindness.,,10,GIN,New Moon,https://ipfs.tothemoon.net/ipfs/QmfZv1Q7jkM9s7VzgkVrbS2AcrkFHpjdXJAfoCF1gfXGYS,Male,Knowledge,Leader,Logic,Reliability,Generosity,2,2,3,,
Character,MTG,Moon,1,Asia,GIN,Moon Trainer,A true teacher at heart. GIN is the trailblazer whose bravery is anchored to his sound judgment and kindness.,,22,GIN,New Moon,https://ipfs.tothemoon.net/ipfs/QmQCVES7HVphPN4Dd3jn69deyovkwUvq5EY7isTCW96Eka,Male,Knowledge,Leader,Logic,Reliability,Generosity,1,3,3,,
Character,MTG,Moon,1,South America,GIN,Moon Trainer,A true teacher at heart. GIN is the trailblazer whose bravery is anchored to his sound judgment and kindness.,,82,GIN,New Moon,https://ipfs.tothemoon.net/ipfs/QmSsCBT1ay3o7mZMoZBwKzVRzsRysT5mBiDUnwCZzoiUqG,Male,Knowledge,Leader,Logic,Reliability,Generosity,3,1,1,,
Character,MTG,Moon,1,Asia,GIN,Moon Trainer,A true teacher at heart. GIN is the trailblazer whose bravery is anchored to his sound judgment and kindness.,,17,GIN,New Moon,https://ipfs.tothemoon.net/ipfs/QmU3qJhvNAWjbxSsoPxPSjgF3uTuREtvADmVzLHCbBaYbg,Male,Knowledge,Leader,Logic,Reliability,Generosity,2,3,3,,
Character,MTG,Moon,1,North America,GIN,Moon Trainer,A true teacher at heart. GIN is the trailblazer whose bravery is anchored to his sound judgment and kindness.,,26,GIN,New Moon,https://ipfs.tothemoon.net/ipfs/Qmcm9xeYg6Jr92MCRefyVvhY5NMBZyPdSLbWthCTH78oAk,Male,Knowledge,Leader,Logic,Reliability,Generosity,1,2,3,,
Character,MTG,Moon,1,Europe,GIN,Moon Trainer,A true teacher at heart. GIN is the trailblazer whose bravery is anchored to his sound judgment and kindness.,,55,GIN,New Moon,https://ipfs.tothemoon.net/ipfs/QmdDokiN2RHnGVtjqEhNFmonZ8e78RbSnVGyNfk5w6BNYZ,Male,Knowledge,Leader,Logic,Reliability,Generosity,2,2,1,,
Character,MTG,Moon,1,South America,GIN,Moon Trainer,A true teacher at heart. GIN is the trailblazer whose bravery is anchored to his sound judgment and kindness.,,88,GIN,New Moon,https://ipfs.tothemoon.net/ipfs/QmNsa1UBJqoiw9CJN8qXqMQ16rzp7TRkAqMYmsWpZqYHPY,Male,Knowledge,Leader,Logic,Reliability,Generosity,1,2,3,,
Character,MTG,Moon,1,Asia,GIN,Moon Trainer,A true teacher at heart. GIN is the trailblazer whose bravery is anchored to his sound judgment and kindness.,,25,GIN,New Moon,https://ipfs.tothemoon.net/ipfs/Qmeu7Q21w8F65mAR4DyvzHMxcRgkkfnY8N1nZij2eo5TXa,Male,Knowledge,Leader,Logic,Reliability,Generosity,1,3,3,,
Character,MTG,Moon,1,Europe,GIN,Moon Trainer,A true teacher at heart. GIN is the trailblazer whose bravery is anchored to his sound judgment and kindness.,,65,GIN,New Moon,https://ipfs.tothemoon.net/ipfs/QmUyTCCbBLXixfQoJDmgHGCX9HKFjZsBr468xArosE97Xk,Male,Knowledge,Leader,Logic,Reliability,Generosity,1,1,1,,
Character,MTG,Moon,1,Europe,GIN,Moon Trainer,A true teacher at heart. GIN is the trailblazer whose bravery is anchored to his sound judgment and kindness.,,64,GIN,New Moon,https://ipfs.tothemoon.net/ipfs/QmbiXQKz3LQSeSMeJ9NkZfPpefPLFzt7Caz5DxQxKcN9hJ,Male,Knowledge,Leader,Logic,Reliability,Generosity,1,2,3,,
Character,MTG,Moon,1,North America,GIN,Moon Trainer,A true teacher at heart. GIN is the trailblazer whose bravery is anchored to his sound judgment and kindness.,,44,GIN,New Moon,https://ipfs.tothemoon.net/ipfs/QmVG4n8Tv47LtU7a9qvtVkaL8VFFLjJB3Er7YGbnRydkVM,Male,Knowledge,Leader,Logic,Reliability,Generosity,3,1,2,,
Character,MTG,Moon,1,Asia,GIN,Moon Trainer,A true teacher at heart. GIN is the trailblazer whose bravery is anchored to his sound judgment and kindness.,,23,GIN,New Moon,https://ipfs.tothemoon.net/ipfs/QmYuBQbMxhKeNyqYpy8rUsr13Q2Bxm14SSc5HLRQhWLg5U,Male,Knowledge,Leader,Logic,Reliability,Generosity,1,3,3,,
Character,MTG,Moon,1,Asia,GIN,Moon Trainer,A true teacher at heart. GIN is the trailblazer whose bravery is anchored to his sound judgment and kindness.,,18,GIN,New Moon,https://ipfs.tothemoon.net/ipfs/QmciZay447sXqJxWmJzmCQDJM1BbuZYy43mWaYdkyGCrPk,Male,Knowledge,Leader,Logic,Reliability,Generosity,2,3,1,,
Character,MTG,Moon,1,North America,GIN,Moon Trainer,A true teacher at heart. GIN is the trailblazer whose bravery is anchored to his sound judgment and kindness.,,30,GIN,New Moon,https://ipfs.tothemoon.net/ipfs/QmV2edaJ98yf7WHiW1veppXfaHfKzVrx8uRm9kt32UhLUA,Male,Knowledge,Leader,Logic,Reliability,Generosity,3,1,2,,
Character,MTG,Moon,1,North America,GIN,Moon Trainer,A true teacher at heart. GIN is the trailblazer whose bravery is anchored to his sound judgment and kindness.,,41,GIN,New Moon,https://ipfs.tothemoon.net/ipfs/QmSDUnC6cCeefKGYwtDYfHNFsyrcLhXd1b3bEdrbkjDcby,Male,Knowledge,Leader,Logic,Reliability,Generosity,2,3,1,,
Character,MTG,Moon,1,South America,GIN,Moon Trainer,A true teacher at heart. GIN is the trailblazer whose bravery is anchored to his sound judgment and kindness.,,93,GIN,New Moon,https://ipfs.tothemoon.net/ipfs/Qmdf8C3Ldygv98YeaVWbT7SBEGGSx5nAyhyp3JiAnD47re,Male,Knowledge,Leader,Logic,Reliability,Generosity,2,3,2,,
Character,MTG,Moon,1,Asia,GIN,Moon Trainer,A true teacher at heart. GIN is the trailblazer whose bravery is anchored to his sound judgment and kindness.,,8,GIN,New Moon,https://ipfs.tothemoon.net/ipfs/Qmc7aFJEsUSyr1wGPD9nb4S7NabrhNAemLLR4nFtpzjDkY,Male,Knowledge,Leader,Logic,Reliability,Generosity,1,3,1,,
Character,MTG,Moon,1,South America,GIN,Moon Trainer,A true teacher at heart. GIN is the trailblazer whose bravery is anchored to his sound judgment and kindness.,,84,GIN,New Moon,https://ipfs.tothemoon.net/ipfs/QmXZb7XZtmfXZYUBt599WPVWsvoCgaRS3XREjaivrHtTFM,Male,Knowledge,Leader,Logic,Reliability,Generosity,1,2,1,,
Character,MTG,Moon,1,North America,GIN,Moon Trainer,A true teacher at heart. GIN is the trailblazer whose bravery is anchored to his sound judgment and kindness.,,40,GIN,New Moon,https://ipfs.tothemoon.net/ipfs/QmXWxEgS9WKMn9aQXiqnFixCNZfCsa8CeixJRfTsnKQVSB,Male,Knowledge,Leader,Logic,Reliability,Generosity,3,2,2,,
Character,MTG,Moon,1,Africa,GIN,Moon Trainer,A true teacher at heart. GIN is the trailblazer whose bravery is anchored to his sound judgment and kindness.,,67,GIN,New Moon,https://ipfs.tothemoon.net/ipfs/QmYhACWMS2fSVbRttq7ZBLWX3SgPfTqobHyRUogWuDVE2Z,Male,Knowledge,Leader,Logic,Reliability,Generosity,3,1,1,,
Character,MTG,Moon,1,Europe,GIN,Moon Trainer,A true teacher at heart. GIN is the trailblazer whose bravery is anchored to his sound judgment and kindness.,,57,GIN,New Moon,https://ipfs.tothemoon.net/ipfs/QmNyRmttF4oaitqo5prCwMey2mJjZHMfib6xGacNYkVeJ1,Male,Knowledge,Leader,Logic,Reliability,Generosity,2,3,3,,
Character,MTG,Moon,1,Africa,GIN,Moon Trainer,A true teacher at heart. GIN is the trailblazer whose bravery is anchored to his sound judgment and kindness.,,71,GIN,New Moon,https://ipfs.tothemoon.net/ipfs/QmWSRknYp3o746rCRYLSQhC5hU3R8PWjsoBJ97hUJBerAj,Male,Knowledge,Leader,Logic,Reliability,Generosity,1,3,2,,
Character,MTG,Moon,1,North America,GIN,Moon Trainer,A true teacher at heart. GIN is the trailblazer whose bravery is anchored to his sound judgment and kindness.,,35,GIN,New Moon,https://ipfs.tothemoon.net/ipfs/QmUyDrTvZdgJiPm8BPaXigNQD7M5q5nGMNKfw36fQJANjY,Male,Knowledge,Leader,Logic,Reliability,Generosity,1,1,3,,
Character,MTG,Moon,1,Europe,GIN,Moon Trainer,A true teacher at heart. GIN is the trailblazer whose bravery is anchored to his sound judgment and kindness.,,51,GIN,New Moon,https://ipfs.tothemoon.net/ipfs/QmWsbotno2LNKkPLBMhRdPbiSgrGdUWYfdsvQ1uSn9pUkU,Male,Knowledge,Leader,Logic,Reliability,Generosity,3,3,2,,
Character,MTG,Moon,1,Europe,GIN,Moon Trainer,A true teacher at heart. GIN is the trailblazer whose bravery is anchored to his sound judgment and kindness.,,48,GIN,New Moon,https://ipfs.tothemoon.net/ipfs/QmdePX59jAxxNLrVAnBXwKatCfbR3BtiMVJe3vB3xdVkoh,Male,Knowledge,Leader,Logic,Reliability,Generosity,3,2,2,,
Character,MTG,Moon,1,North America,GIN,Moon Trainer,A true teacher at heart. GIN is the trailblazer whose bravery is anchored to his sound judgment and kindness.,,37,GIN,New Moon,https://ipfs.tothemoon.net/ipfs/QmesGCfenRRBsC1B5AA3WZkLCwVS3ftebVuoqtCjLZCjkH,Male,Knowledge,Leader,Logic,Reliability,Generosity,3,1,1,,
Character,MTG,Moon,1,Africa,GIN,Moon Trainer,A true teacher at heart. GIN is the trailblazer whose bravery is anchored to his sound judgment and kindness.,,76,GIN,New Moon,https://ipfs.tothemoon.net/ipfs/QmParNac5dBxgSMCsF3GgCrhWdzqeZsepAL6WRNb8w8vNS,Male,Knowledge,Leader,Logic,Reliability,Generosity,2,1,2,,
Character,MTG,Moon,1,South America,GIN,Moon Trainer,A true teacher at heart. GIN is the trailblazer whose bravery is anchored to his sound judgment and kindness.,,81,GIN,New Moon,https://ipfs.tothemoon.net/ipfs/QmWo81HxCEiy1aPEu54BiaRWhbJM3PgErWvuP5ubebsNTN,Male,Knowledge,Leader,Logic,Reliability,Generosity,1,2,2,,
Character,MTG,Moon,1,South America,GIN,Moon Trainer,A true teacher at heart. GIN is the trailblazer whose bravery is anchored to his sound judgment and kindness.,,91,GIN,New Moon,https://ipfs.tothemoon.net/ipfs/QmSj9FmKhjjfdGFyDihNk3zbKw37ar6cFGLKQS6QBB3iXK,Male,Knowledge,Leader,Logic,Reliability,Generosity,3,1,3,,
Character,MTG,Moon,1,Europe,GIN,Moon Trainer,A true teacher at heart. GIN is the trailblazer whose bravery is anchored to his sound judgment and kindness.,,63,GIN,New Moon,https://ipfs.tothemoon.net/ipfs/Qma1FHNJLBZh9FGXkFJcrTjqHxKYDsYvt86LDXgWRxZxwm,Male,Knowledge,Leader,Logic,Reliability,Generosity,1,1,2,,
Character,MTG,Moon,1,North America,GIN,Moon Trainer,A true teacher at heart. GIN is the trailblazer whose bravery is anchored to his sound judgment and kindness.,,45,GIN,New Moon,https://ipfs.tothemoon.net/ipfs/QmZ43M2bPLvK32mNhSQQwDp53Mkg6QYbDjbyXiyhyQi6Me,Male,Knowledge,Leader,Logic,Reliability,Generosity,2,2,2,,
Character,MTG,Moon,1,North America,GIN,Moon Trainer,A true teacher at heart. GIN is the trailblazer whose bravery is anchored to his sound judgment and kindness.,,36,GIN,New Moon,https://ipfs.tothemoon.net/ipfs/QmbbdvwouWNprHc5EbmcLpwaPGSqyjRF93qFLuWXQFf6Q8,Male,Knowledge,Leader,Logic,Reliability,Generosity,1,3,1,,
Character,MTG,Moon,1,Africa,GIN,Moon Trainer,A true teacher at heart. GIN is the trailblazer whose bravery is anchored to his sound judgment and kindness.,,74,GIN,New Moon,https://ipfs.tothemoon.net/ipfs/QmUkRND6EwrfefK7p5EvVgdN9NsEJTmJjodKz9Gjv16T5S,Male,Knowledge,Leader,Logic,Reliability,Generosity,3,1,2,,
Character,MTG,Moon,1,Africa,GIN,Moon Trainer,A true teacher at heart. GIN is the trailblazer whose bravery is anchored to his sound judgment and kindness.,,77,GIN,New Moon,https://ipfs.tothemoon.net/ipfs/QmNNdn4NWrcpKAm1R5BhYg8j6Z2bn5SJiwgcTNdZrsKvgF,Male,Knowledge,Leader,Logic,Reliability,Generosity,2,1,3,,
Character,MTG,Moon,1,Australia,GIN,Moon Trainer,A true teacher at heart. GIN is the trailblazer whose bravery is anchored to his sound judgment and kindness.,,97,GIN,New Moon,https://ipfs.tothemoon.net/ipfs/Qmf8bBU1SvYm1Q8SKWjFDmoAcMjXLidJnZovYz2AHMvUUM,Male,Knowledge,Leader,Logic,Reliability,Generosity,2,2,3,,
Character,MTG,Moon,1,Asia,GIN,Moon Trainer,A true teacher at heart. GIN is the trailblazer whose bravery is anchored to his sound judgment and kindness.,,24,GIN,New Moon,https://ipfs.tothemoon.net/ipfs/QmSPFqrKddvZrbgpWYoKvBfutxfMvomzV5ZyBKWytQ3qw8,Male,Knowledge,Leader,Logic,Reliability,Generosity,2,1,3,,
Character,MTG,Moon,1,Australia,GIN,Moon Trainer,A true teacher at heart. GIN is the trailblazer whose bravery is anchored to his sound judgment and kindness.,,99,GIN,New Moon,https://ipfs.tothemoon.net/ipfs/QmeiVQ9TkHLLCmJfbJm6LSuNMNNF21ZXxn8frFtAPEn36c,Male,Knowledge,Leader,Logic,Reliability,Generosity,2,2,1,,
Character,MTG,Moon,1,North America,GIN,Moon Trainer,A true teacher at heart. GIN is the trailblazer whose bravery is anchored to his sound judgment and kindness.,,39,GIN,New Moon,https://ipfs.tothemoon.net/ipfs/QmW4adgTscrbQCSiwYvxDVU86ZvkybjKAwBpKcP5xSbgHx,Male,Knowledge,Leader,Logic,Reliability,Generosity,3,2,1,,
Character,MTG,Moon,1,Africa,GIN,Moon Trainer,A true teacher at heart. GIN is the trailblazer whose bravery is anchored to his sound judgment and kindness.,,68,GIN,New Moon,https://ipfs.tothemoon.net/ipfs/Qmch4gVgWyBKq3gxLu2cXK6tz9REC7Wc4xtKcDzxkNJssn,Male,Knowledge,Leader,Logic,Reliability,Generosity,2,3,1,,
Character,MTG,Moon,1,Africa,GIN,Moon Trainer,A true teacher at heart. GIN is the trailblazer whose bravery is anchored to his sound judgment and kindness.,,80,GIN,New Moon,https://ipfs.tothemoon.net/ipfs/QmPLbTkXHUMyz6HuENowFUb4Bm1E1aRLKAgYZmesEAnGXC,Male,Knowledge,Leader,Logic,Reliability,Generosity,1,3,3,,
Character,MTG,Moon,1,Africa,GIN,Moon Trainer,A true teacher at heart. GIN is the trailblazer whose bravery is anchored to his sound judgment and kindness.,,66,GIN,New Moon,https://ipfs.tothemoon.net/ipfs/QmQgS5tudVTG9Hs3EX8dHNpavFfCZhFzpwKiZVRnN6iWVN,Male,Knowledge,Leader,Logic,Reliability,Generosity,3,3,1,,
Character,MTG,Moon,1,Asia,GIN,Moon Trainer,A true teacher at heart. GIN is the trailblazer whose bravery is anchored to his sound judgment and kindness.,,14,GIN,New Moon,https://ipfs.tothemoon.net/ipfs/QmX7jcB3XpDrnfozVavgr5FHjddRtvxHrJynjzbbEaT5k3,Male,Knowledge,Leader,Logic,Reliability,Generosity,1,1,3,,
Character,MTG,Moon,1,North America,GIN,Moon Trainer,A true teacher at heart. GIN is the trailblazer whose bravery is anchored to his sound judgment and kindness.,,38,GIN,New Moon,https://ipfs.tothemoon.net/ipfs/QmPvCyajZ7WNrk4kppp6gfmZggPny5P9citcNQ26ckg16q,Male,Knowledge,Leader,Logic,Reliability,Generosity,1,1,1,,
Character,MTG,Moon,1,Africa,GIN,Moon Trainer,A true teacher at heart. GIN is the trailblazer whose bravery is anchored to his sound judgment and kindness.,,73,GIN,New Moon,https://ipfs.tothemoon.net/ipfs/QmbR5JgehQgvtxhVXwW6F7VRfBKCnmSeDokXHP8N2AGNZX,Male,Knowledge,Leader,Logic,Reliability,Generosity,2,1,1,,
Character,MTG,Moon,1,South America,GIN,Moon Trainer,A true teacher at heart. GIN is the trailblazer whose bravery is anchored to his sound judgment and kindness.,,86,GIN,New Moon,https://ipfs.tothemoon.net/ipfs/QmYfPtCeUoSp1PVC9eouxTWupCuz4nGob1QRVKp3PGakfz,Male,Knowledge,Leader,Logic,Reliability,Generosity,2,1,2,,
Character,MTG,Moon,1,Asia,GIN,Moon Trainer,A true teacher at heart. GIN is the trailblazer whose bravery is anchored to his sound judgment and kindness.,,12,GIN,New Moon,https://ipfs.tothemoon.net/ipfs/QmSt81uiaGwYHA4oGzp8w8LBpbqDGwjfbsJXd9KbTUi3CG,Male,Knowledge,Leader,Logic,Reliability,Generosity,3,3,3,,
Character,MTG,Moon,1,Africa,GIN,Moon Trainer,A true teacher at heart. GIN is the trailblazer whose bravery is anchored to his sound judgment and kindness.,,79,GIN,New Moon,https://ipfs.tothemoon.net/ipfs/QmdBYki8BX7yyd3GYm9TWYGJGKgVrnusehk7cEo5x25HbC,Male,Knowledge,Leader,Logic,Reliability,Generosity,3,3,3,,
Character,MTG,Moon,1,North America,GIN,Moon Trainer,A true teacher at heart. GIN is the trailblazer whose bravery is anchored to his sound judgment and kindness.,,32,GIN,New Moon,https://ipfs.tothemoon.net/ipfs/QmRW9EaXgrdxQRqY9aEMtgHF7Hvj2AwiY82GN8yzMNzhCK,Male,Knowledge,Leader,Logic,Reliability,Generosity,2,1,2,,
Character,MTG,Moon,1,South America,GIN,Moon Trainer,A true teacher at heart. GIN is the trailblazer whose bravery is anchored to his sound judgment and kindness.,,90,GIN,New Moon,https://ipfs.tothemoon.net/ipfs/QmV3Tshbi2woNYiGDDCcvG4piLt8xGoxVrLaEaH6nS8gZi,Male,Knowledge,Leader,Logic,Reliability,Generosity,3,1,3,,
Character,MTG,Moon,1,Europe,GIN,Moon Trainer,A true teacher at heart. GIN is the trailblazer whose bravery is anchored to his sound judgment and kindness.,,50,GIN,New Moon,https://ipfs.tothemoon.net/ipfs/QmaGTiupZ8wzvFrGPGuRpB4KUtZ5KtMTK4hi5yXCprpMTf,Male,Knowledge,Leader,Logic,Reliability,Generosity,3,3,3,,
Character,MTG,Moon,1,North America,GIN,Moon Trainer,A true teacher at heart. GIN is the trailblazer whose bravery is anchored to his sound judgment and kindness.,,27,GIN,New Moon,https://ipfs.tothemoon.net/ipfs/QmUYauvUtCfSxeyvJfgmr9uH1rhrq1qQ3vrGNrL99BGUE2,Male,Knowledge,Leader,Logic,Reliability,Generosity,1,2,2,,
Character,MTG,Moon,1,Australia,GIN,Moon Trainer,A true teacher at heart. GIN is the trailblazer whose bravery is anchored to his sound judgment and kindness.,,98,GIN,New Moon,https://ipfs.tothemoon.net/ipfs/Qmc6tRpw5rJ9UgoGHQrAY1RqXUKcFYh3AVSRxEqsGJerHo,Male,Knowledge,Leader,Logic,Reliability,Generosity,1,1,2,,
Character,MTG,Moon,1,South America,GIN,Moon Trainer,A true teacher at heart. GIN is the trailblazer whose bravery is anchored to his sound judgment and kindness.,,85,GIN,New Moon,https://ipfs.tothemoon.net/ipfs/QmXK8dQNmfhcYMmpvVGbUwo2R4Nm6D79WJAowjyG3zWyXU,Male,Knowledge,Leader,Logic,Reliability,Generosity,1,1,1,,
Character,MTG,Moon,1,Europe,GIN,Moon Trainer,A true teacher at heart. GIN is the trailblazer whose bravery is anchored to his sound judgment and kindness.,,60,GIN,New Moon,https://ipfs.tothemoon.net/ipfs/Qmc3h4U2y1dbKmHoRCje64F1uAiVMJSeTfb32dGw5gRhcA,Male,Knowledge,Leader,Logic,Reliability,Generosity,2,3,1,,
Character,MTG,Moon,1,North America,GIN,Moon Trainer,A true teacher at heart. GIN is the trailblazer whose bravery is anchored to his sound judgment and kindness.,,28,GIN,New Moon,https://ipfs.tothemoon.net/ipfs/QmPyGEL4x2agsz8JLk6jsiMNByznK5hK7uqvB4ECdV9MGe,Male,Knowledge,Leader,Logic,Reliability,Generosity,2,2,3,,
Character,MTG,Moon,1,Asia,GIN,Moon Trainer,A true teacher at heart. GIN is the trailblazer whose bravery is anchored to his sound judgment and kindness.,,7,GIN,New Moon,https://ipfs.tothemoon.net/ipfs/QmRhQ46cxbszakgH82MYcbuhSjsrojoWu7RdXavdQrCQmj,Male,Knowledge,Leader,Logic,Reliability,Generosity,2,2,3,,
Character,MTG,Moon,1,Europe,GIN,Moon Trainer,A true teacher at heart. GIN is the trailblazer whose bravery is anchored to his sound judgment and kindness.,,46,GIN,New Moon,https://ipfs.tothemoon.net/ipfs/QmWXnujH3ddobPzSCp6uC48qXMDjdWjqEX6RRdAwYNVgqA,Male,Knowledge,Leader,Logic,Reliability,Generosity,3,1,3,,
Character,MTG,Moon,1,Asia,GIN,Moon Trainer,A true teacher at heart. GIN is the trailblazer whose bravery is anchored to his sound judgment and kindness.,,11,GIN,New Moon,https://ipfs.tothemoon.net/ipfs/QmSk342xZb74C7aSftEHjHoe4jK7ekLuQ1YHHWzxXt4mQB,Male,Knowledge,Leader,Logic,Reliability,Generosity,3,3,2,,
Character,MTG,Moon,1,Europe,GIN,Moon Trainer,A true teacher at heart. GIN is the trailblazer whose bravery is anchored to his sound judgment and kindness.,,49,GIN,New Moon,https://ipfs.tothemoon.net/ipfs/QmeewWaPfNYMjBF7QM6tGw59iSUbWXeJrw3T2XUr2gd2U5,Male,Knowledge,Leader,Logic,Reliability,Generosity,3,2,1,,
Character,MTG,Moon,1,Europe,GIN,Moon Trainer,A true teacher at heart. GIN is the trailblazer whose bravery is anchored to his sound judgment and kindness.,,58,GIN,New Moon,https://ipfs.tothemoon.net/ipfs/QmWn348eWS1aR5dRekBz2k8uhhw3De64Bhy4K8yJhxTcmW,Male,Knowledge,Leader,Logic,Reliability,Generosity,3,2,3,,
Character,MTG,Moon,1,Asia,GIN,Moon Trainer,A true teacher at heart. GIN is the trailblazer whose bravery is anchored to his sound judgment and kindness.,,20,GIN,New Moon,https://ipfs.tothemoon.net/ipfs/QmYntMzY8mutCHaUTyqAwJJ8WbbwijCHAHrx5Bc1vnyHGN,Male,Knowledge,Leader,Logic,Reliability,Generosity,1,2,3,,
Character,MTG,Moon,1,Africa,GIN,Moon Trainer,A true teacher at heart. GIN is the trailblazer whose bravery is anchored to his sound judgment and kindness.,,78,GIN,New Moon,https://ipfs.tothemoon.net/ipfs/Qmeb4JVUbR2y2UM5NuRb4FJ8Yz3coejy3NNbqFTwidKNk5,Male,Knowledge,Leader,Logic,Reliability,Generosity,2,1,3,,
Character,MTG,Moon,1,Europe,GIN,Moon Trainer,A true teacher at heart. GIN is the trailblazer whose bravery is anchored to his sound judgment and kindness.,,52,GIN,New Moon,https://ipfs.tothemoon.net/ipfs/QmXHVYQPxpLQPS9rDzJdQgJoGrxqAaHBPQfgmmK8Zz2CSV,Male,Knowledge,Leader,Logic,Reliability,Generosity,1,1,3,,
Character,MTG,Moon,1,South America,GIN,Moon Trainer,A true teacher at heart. GIN is the trailblazer whose bravery is anchored to his sound judgment and kindness.,,95,GIN,New Moon,https://ipfs.tothemoon.net/ipfs/QmZUP2VFp8iQ9g2bugLoxiPmBxKGpXGsVtgt9HkKfFHuJy,Male,Knowledge,Leader,Logic,Reliability,Generosity,3,3,3,,
Character,MTG,Moon,1,Australia,GIN,Moon Trainer,A true teacher at heart. GIN is the trailblazer whose bravery is anchored to his sound judgment and kindness.,,96,GIN,New Moon,https://ipfs.tothemoon.net/ipfs/Qmcc2JZtuViNoEvGwwhiYiXdtViVAJ4fd1DsvV1LcTokrr,Male,Knowledge,Leader,Logic,Reliability,Generosity,1,2,1,,
Character,MTG,Moon,1,Europe,GIN,Moon Trainer,A true teacher at heart. GIN is the trailblazer whose bravery is anchored to his sound judgment and kindness.,,54,GIN,New Moon,https://ipfs.tothemoon.net/ipfs/QmQqE62LVrgbuD181iGGZzG8CDbe7DoyQnFR8sSdYS7X5M,Male,Knowledge,Leader,Logic,Reliability,Generosity,1,1,3,,
Character,MTG,Moon,1,Europe,GIN,Moon Trainer,A true teacher at heart. GIN is the trailblazer whose bravery is anchored to his sound judgment and kindness.,,53,GIN,New Moon,https://ipfs.tothemoon.net/ipfs/QmdAahNhF5GyLar1a8nLQc33VJA3WhBh9ys52VbRat2HDV,Male,Knowledge,Leader,Logic,Reliability,Generosity,2,2,1,,
Character,MTG,Moon,1,Asia,GIN,Moon Trainer,A true teacher at heart. GIN is the trailblazer whose bravery is anchored to his sound judgment and kindness.,,13,GIN,New Moon,https://ipfs.tothemoon.net/ipfs/QmPPoZdiYnUykzcKCeEwWPbCr4LC5D4QiioL1pqVEMexem,Male,Knowledge,Leader,Logic,Reliability,Generosity,1,2,1,,
Character,MTG,Moon,1,North America,GIN,Moon Trainer,A true teacher at heart. GIN is the trailblazer whose bravery is anchored to his sound judgment and kindness.,,34,GIN,New Moon,https://ipfs.tothemoon.net/ipfs/Qmd496nVPZjndKBZqpWPAwmMcz7m9KjmKwRoq9A3tvnnTg,Male,Knowledge,Leader,Logic,Reliability,Generosity,2,2,2,,
Character,MTG,Moon,1,Europe,GIN,Moon Trainer,A true teacher at heart. GIN is the trailblazer whose bravery is anchored to his sound judgment and kindness.,,61,GIN,New Moon,https://ipfs.tothemoon.net/ipfs/QmXpkpd4hvLm5kRGr5iZh3dexWxvfF8kcehGho5vihPEum,Male,Knowledge,Leader,Logic,Reliability,Generosity,1,2,2,,
Character,MTG,Moon,1,Asia,GIN,Moon Trainer,A true teacher at heart. GIN is the trailblazer whose bravery is anchored to his sound judgment and kindness.,,16,GIN,New Moon,https://ipfs.tothemoon.net/ipfs/QmNkXi1adU7RBt85SneUBRoTuGXj9CosXwE7Eb5UsJcsi8,Male,Knowledge,Leader,Logic,Reliability,Generosity,3,3,1,,
Character,MTG,Moon,1,Asia,GIN,Moon Trainer,A true teacher at heart. GIN is the trailblazer whose bravery is anchored to his sound judgment and kindness.,,4,GIN,New Moon,https://ipfs.tothemoon.net/ipfs/QmZrEThtR4XEyKKGsJzNUESSJ7FttDQ8mikXjbaMzMZ7Tw,Male,Knowledge,Leader,Logic,Reliability,Generosity,3,3,2,,
Character,MTG,Moon,1,Asia,GIN,Moon Trainer,A true teacher at heart. GIN is the trailblazer whose bravery is anchored to his sound judgment and kindness.,,6,GIN,New Moon,https://ipfs.tothemoon.net/ipfs/QmS3bcBmHPTgmRyQAvAS4yqcHmVe1uBMKJ22JHFXZxv4vX,Male,Knowledge,Leader,Logic,Reliability,Generosity,1,3,1,,
Character,MTG,Moon,1,Antarctica,GIN,Moon Trainer,A true teacher at heart. GIN is the trailblazer whose bravery is anchored to his sound judgment and kindness.,,100,GIN,New Moon,https://ipfs.tothemoon.net/ipfs/QmRkQxHsTqqKek1ErBCkJtJykAHCz2JVsfkjC3ttqsccM7,Male,Knowledge,Leader,Logic,Reliability,Generosity,3,3,1,,
Character,MTJ,Moon,1,North America,GIN,Moon Trainer,The entire universe is working in his favour and he knows it. His good things will come attitude makes JAX a man of ease and composure in any situation.,,42,JAX,New Moon,https://ipfs.tothemoon.net/ipfs/QmWsuSpd1pvpMR16Z6QA9PtP9NrbU4P57KJmNwcr2mN7yf,Male,Gratitude,Luck,Clever,Charisma,Calm,2,3,3,,
Character,MTJ,Moon,1,North America,GIN,Moon Trainer,The entire universe is working in his favour and he knows it. His good things will come attitude makes JAX a man of ease and composure in any situation.,,43,JAX,New Moon,https://ipfs.tothemoon.net/ipfs/QmUfCqFzFqmLX3J9mrpgMZXkxTk6TSkwg8S7ctCo6xywJF,Male,Gratitude,Luck,Clever,Charisma,Calm,3,2,2,,
Character,MTJ,Moon,1,North America,GIN,Moon Trainer,The entire universe is working in his favour and he knows it. His good things will come attitude makes JAX a man of ease and composure in any situation.,,36,JAX,New Moon,https://ipfs.tothemoon.net/ipfs/Qmcr2WxaaXRR1tds3LeW2LC1snAx6PnMDFWVjwwrPimYVQ,Male,Gratitude,Luck,Clever,Charisma,Calm,1,3,1,,
Character,MTJ,Moon,1,Africa,GIN,Moon Trainer,The entire universe is working in his favour and he knows it. His good things will come attitude makes JAX a man of ease and composure in any situation.,,77,JAX,New Moon,https://ipfs.tothemoon.net/ipfs/QmTw2XXf1SCnHbTqUPGYRL7YciAWyLMAsHNxbYhVsYKYQL,Male,Gratitude,Luck,Clever,Charisma,Calm,2,1,3,,
Character,MTJ,Moon,1,Australia,GIN,Moon Trainer,The entire universe is working in his favour and he knows it. His good things will come attitude makes JAX a man of ease and composure in any situation.,,96,JAX,New Moon,https://ipfs.tothemoon.net/ipfs/QmccrmEDvHFufkAsgFFbeWoATZdKDUimuNn7qodXFKcyYb,Male,Gratitude,Luck,Clever,Charisma,Calm,1,2,1,,
Character,MTJ,Moon,1,Europe,GIN,Moon Trainer,The entire universe is working in his favour and he knows it. His good things will come attitude makes JAX a man of ease and composure in any situation.,,64,JAX,New Moon,https://ipfs.tothemoon.net/ipfs/QmT1S3x2VYWXQ36vzeUhGdJVdaztVji93DxvxktBk27zwY,Male,Gratitude,Luck,Clever,Charisma,Calm,1,2,3,,
Character,MTJ,Moon,1,North America,GIN,Moon Trainer,The entire universe is working in his favour and he knows it. His good things will come attitude makes JAX a man of ease and composure in any situation.,,31,JAX,New Moon,https://ipfs.tothemoon.net/ipfs/QmTiQfDbpNhCuaPWejnjC66VYauJkiGJEo7HCj2PEXENv8,Male,Gratitude,Luck,Clever,Charisma,Calm,2,3,3,,
Character,MTJ,Moon,1,North America,GIN,Moon Trainer,The entire universe is working in his favour and he knows it. His good things will come attitude makes JAX a man of ease and composure in any situation.,,37,JAX,New Moon,https://ipfs.tothemoon.net/ipfs/QmboDLfAzzHaKDCXY17pfvasexjyZcVWnNYaDDrbRT1jj5,Male,Gratitude,Luck,Clever,Charisma,Calm,3,1,1,,
Character,MTJ,Moon,1,Europe,GIN,Moon Trainer,The entire universe is working in his favour and he knows it. His good things will come attitude makes JAX a man of ease and composure in any situation.,,51,JAX,New Moon,https://ipfs.tothemoon.net/ipfs/QmdHPZTaDU1NYNZQQa4Np6QWR9gawqPMg6oLt5zXKMXWdE,Male,Gratitude,Luck,Clever,Charisma,Calm,3,3,2,,
Character,MTJ,Moon,1,Europe,GIN,Moon Trainer,The entire universe is working in his favour and he knows it. His good things will come attitude makes JAX a man of ease and composure in any situation.,,58,JAX,New Moon,https://ipfs.tothemoon.net/ipfs/QmecqmT6zPw5ZjTVoKHeB4C8TikG8qBvmW1LV5TPbtTBPJ,Male,Gratitude,Luck,Clever,Charisma,Calm,3,2,3,,
Character,MTJ,Moon,1,Europe,GIN,Moon Trainer,The entire universe is working in his favour and he knows it. His good things will come attitude makes JAX a man of ease and composure in any situation.,,59,JAX,New Moon,https://ipfs.tothemoon.net/ipfs/QmfXHZizxCAqjhbXQEKxqV4ytEpP9uDkBbwyRjJsfzHNYV,Male,Gratitude,Luck,Clever,Charisma,Calm,2,1,1,,
Character,MTJ,Moon,1,South America,GIN,Moon Trainer,The entire universe is working in his favour and he knows it. His good things will come attitude makes JAX a man of ease and composure in any situation.,,92,JAX,New Moon,https://ipfs.tothemoon.net/ipfs/QmPyjLSfpSbaX2HtSgekipuVWKtEeaiQyERQcuxxu6HrrH,Male,Gratitude,Luck,Clever,Charisma,Calm,1,3,2,,
Character,MTJ,Moon,1,Australia,GIN,Moon Trainer,The entire universe is working in his favour and he knows it. His good things will come attitude makes JAX a man of ease and composure in any situation.,,99,JAX,New Moon,https://ipfs.tothemoon.net/ipfs/QmaYr6f75Qe7TDFuwPRne2f3Lf6CnzH2kmLaZo5zbdyBXV,Male,Gratitude,Luck,Clever,Charisma,Calm,2,2,1,,
Character,MTJ,Moon,1,Asia,GIN,Moon Trainer,The entire universe is working in his favour and he knows it. His good things will come attitude makes JAX a man of ease and composure in any situation.,,12,JAX,New Moon,https://ipfs.tothemoon.net/ipfs/QmZtfsk2TFHbUTwEhpaqJvxHANTEWXEySYL27D8PmnHVgp,Male,Gratitude,Luck,Clever,Charisma,Calm,3,3,3,,
Character,MTJ,Moon,1,South America,GIN,Moon Trainer,The entire universe is working in his favour and he knows it. His good things will come attitude makes JAX a man of ease and composure in any situation.,,91,JAX,New Moon,https://ipfs.tothemoon.net/ipfs/QmWUvRmqKTxfsfweHmGZUxvgUkVF5ZbifAomwwK5DmonLz,Male,Gratitude,Luck,Clever,Charisma,Calm,3,1,3,,
Character,MTJ,Moon,1,Asia,GIN,Moon Trainer,The entire universe is working in his favour and he knows it. His good things will come attitude makes JAX a man of ease and composure in any situation.,,13,JAX,New Moon,https://ipfs.tothemoon.net/ipfs/QmPNDbTnFvN5a5Gyu1VcBquqeKhGCMH9mrYyPJb1e2fAba,Male,Gratitude,Luck,Clever,Charisma,Calm,1,2,1,,
Character,MTJ,Moon,1,Antarctica,GIN,Moon Trainer,The entire universe is working in his favour and he knows it. His good things will come attitude makes JAX a man of ease and composure in any situation.,,100,JAX,New Moon,https://ipfs.tothemoon.net/ipfs/QmXjMG1NKWJ3hCKXtZBYLSjke3GmPvat8TVMDmzTMQos5n,Male,Gratitude,Luck,Clever,Charisma,Calm,3,3,1,,
Character,MTJ,Moon,1,Europe,GIN,Moon Trainer,The entire universe is working in his favour and he knows it. His good things will come attitude makes JAX a man of ease and composure in any situation.,,52,JAX,New Moon,https://ipfs.tothemoon.net/ipfs/QmdPqMTksBbi8k3ez2ZKCmeH2APAi4UHzkpXFZrCMrpLVL,Male,Gratitude,Luck,Clever,Charisma,Calm,1,1,3,,
Character,MTJ,Moon,1,Asia,GIN,Moon Trainer,The entire universe is working in his favour and he knows it. His good things will come attitude makes JAX a man of ease and composure in any situation.,,16,JAX,New Moon,https://ipfs.tothemoon.net/ipfs/QmaWef52pz2NGMBFjWggmKTA81m4jiHXNChBrJ9qqC119F,Male,Gratitude,Luck,Clever,Charisma,Calm,3,3,1,,
Character,MTJ,Moon,1,Africa,GIN,Moon Trainer,The entire universe is working in his favour and he knows it. His good things will come attitude makes JAX a man of ease and composure in any situation.,,79,JAX,New Moon,https://ipfs.tothemoon.net/ipfs/QmYweRiokv65NMASJRnEwYoiKzUNjfJy8cREZrQWWTVY8K,Male,Gratitude,Luck,Clever,Charisma,Calm,3,3,3,,
Character,MTJ,Moon,1,North America,GIN,Moon Trainer,The entire universe is working in his favour and he knows it. His good things will come attitude makes JAX a man of ease and composure in any situation.,,27,JAX,New Moon,https://ipfs.tothemoon.net/ipfs/QmcNm96FNGxVHLtq8HDreBpsZNSrKcApsrPCYroQcKyKFz,Male,Gratitude,Luck,Clever,Charisma,Calm,1,2,2,,
Character,MTJ,Moon,1,Europe,GIN,Moon Trainer,The entire universe is working in his favour and he knows it. His good things will come attitude makes JAX a man of ease and composure in any situation.,,56,JAX,New Moon,https://ipfs.tothemoon.net/ipfs/QmWftfjVqZ2F9Lk3PcFgA5FeUASEwLd4UZPs19PeyMnvUL,Male,Gratitude,Luck,Clever,Charisma,Calm,2,3,2,,
Character,MTJ,Moon,1,Africa,GIN,Moon Trainer,The entire universe is working in his favour and he knows it. His good things will come attitude makes JAX a man of ease and composure in any situation.,,73,JAX,New Moon,https://ipfs.tothemoon.net/ipfs/QmTivDJoDSqJ5iEfvpwwqZYL9spZiwfviJtLn1rfiWKkM9,Male,Gratitude,Luck,Clever,Charisma,Calm,2,1,1,,
Character,MTJ,Moon,1,Europe,GIN,Moon Trainer,The entire universe is working in his favour and he knows it. His good things will come attitude makes JAX a man of ease and composure in any situation.,,49,JAX,New Moon,https://ipfs.tothemoon.net/ipfs/QmRwXcQP9j6ur1uycxoxMcYZs56CcAnCsQMMyr396aczdK,Male,Gratitude,Luck,Clever,Charisma,Calm,3,2,1,,
Character,MTJ,Moon,1,Africa,GIN,Moon Trainer,The entire universe is working in his favour and he knows it. His good things will come attitude makes JAX a man of ease and composure in any situation.,,74,JAX,New Moon,https://ipfs.tothemoon.net/ipfs/Qmee7jeBrLSEDWvbt6jR3vfCmdsWkjRmBNDcfM7BmKjij8,Male,Gratitude,Luck,Clever,Charisma,Calm,3,1,2,,
Character,MTJ,Moon,1,Europe,GIN,Moon Trainer,The entire universe is working in his favour and he knows it. His good things will come attitude makes JAX a man of ease and composure in any situation.,,47,JAX,New Moon,https://ipfs.tothemoon.net/ipfs/QmQEpF48aAUJhm2xDyyqwDaSh9CBZ8TQJi8KUpHKSCsYRK,Male,Gratitude,Luck,Clever,Charisma,Calm,3,1,1,,
Character,MTJ,Moon,1,North America,GIN,Moon Trainer,The entire universe is working in his favour and he knows it. His good things will come attitude makes JAX a man of ease and composure in any situation.,,35,JAX,New Moon,https://ipfs.tothemoon.net/ipfs/QmThrD6QJcFkrb4GJWDa2jTc6NAM5SVH7GTrrTTimLfjE7,Male,Gratitude,Luck,Clever,Charisma,Calm,1,1,3,,
Character,MTJ,Moon,1,Africa,GIN,Moon Trainer,The entire universe is working in his favour and he knows it. His good things will come attitude makes JAX a man of ease and composure in any situation.,,69,JAX,New Moon,https://ipfs.tothemoon.net/ipfs/QmXEcz2pMnDfpMPA6KQQRDZ6MFr57G4EuMMCZd4vcwEQ3J,Male,Gratitude,Luck,Clever,Charisma,Calm,2,2,2,,
Character,MTJ,Moon,1,South America,GIN,Moon Trainer,The entire universe is working in his favour and he knows it. His good things will come attitude makes JAX a man of ease and composure in any situation.,,82,JAX,New Moon,https://ipfs.tothemoon.net/ipfs/QmZVrLLR1EBTHT4iZjXgzMHnwWRRRu5xcoLP9Lnq6w1ha6,Male,Gratitude,Luck,Clever,Charisma,Calm,3,1,1,,
Character,MTJ,Moon,1,Europe,GIN,Moon Trainer,The entire universe is working in his favour and he knows it. His good things will come attitude makes JAX a man of ease and composure in any situation.,,65,JAX,New Moon,https://ipfs.tothemoon.net/ipfs/QmY7NLBK7gHwKvM49Mn5SaDT4JxEDQfQsh6s47UPRpR9pv,Male,Gratitude,Luck,Clever,Charisma,Calm,1,1,1,,
Character,MTJ,Moon,1,North America,GIN,Moon Trainer,The entire universe is working in his favour and he knows it. His good things will come attitude makes JAX a man of ease and composure in any situation.,,32,JAX,New Moon,https://ipfs.tothemoon.net/ipfs/QmWCARxsCzqhTd9UMVLhWurgEcQjfzCLBqGF7tav7KoN5S,Male,Gratitude,Luck,Clever,Charisma,Calm,2,1,2,,
Character,MTJ,Moon,1,Africa,GIN,Moon Trainer,The entire universe is working in his favour and he knows it. His good things will come attitude makes JAX a man of ease and composure in any situation.,,71,JAX,New Moon,https://ipfs.tothemoon.net/ipfs/QmZfVtvc2nnb9ycEyeU9mtsTAiJLNS2T7auR5nXobHZxHr,Male,Gratitude,Luck,Clever,Charisma,Calm,1,3,2,,
Character,MTJ,Moon,1,Asia,GIN,Moon Trainer,The entire universe is working in his favour and he knows it. His good things will come attitude makes JAX a man of ease and composure in any situation.,,20,JAX,New Moon,https://ipfs.tothemoon.net/ipfs/QmX3nrzzAu8FZD8hJzyo4XWwbkKKWDBJUWTmXivXtLBcdD,Male,Gratitude,Luck,Clever,Charisma,Calm,1,2,3,,
Character,MTJ,Moon,1,Europe,GIN,Moon Trainer,The entire universe is working in his favour and he knows it. His good things will come attitude makes JAX a man of ease and composure in any situation.,,48,JAX,New Moon,https://ipfs.tothemoon.net/ipfs/QmTi8UoqXAfWQRFrPe3fQPKPUHqzWwHahLxuzGQe94uXEE,Male,Gratitude,Luck,Clever,Charisma,Calm,3,2,2,,
Character,MTJ,Moon,1,Asia,GIN,Moon Trainer,The entire universe is working in his favour and he knows it. His good things will come attitude makes JAX a man of ease and composure in any situation.,,9,JAX,New Moon,https://ipfs.tothemoon.net/ipfs/QmRxWFa6F4CrkBVwKtvjLWPCx17UwaeSczCDEQr6f8XuH6,Male,Gratitude,Luck,Clever,Charisma,Calm,2,2,1,,
Character,MTJ,Moon,1,South America,GIN,Moon Trainer,The entire universe is working in his favour and he knows it. His good things will come attitude makes JAX a man of ease and composure in any situation.,,88,JAX,New Moon,https://ipfs.tothemoon.net/ipfs/QmcD2SQvCwpZJWaAwgkNx7C6TuDAUZpVd5GC89eQLUw6B6,Male,Gratitude,Luck,Clever,Charisma,Calm,1,2,3,,
Character,MTJ,Moon,1,Asia,GIN,Moon Trainer,The entire universe is working in his favour and he knows it. His good things will come attitude makes JAX a man of ease and composure in any situation.,,21,JAX,New Moon,https://ipfs.tothemoon.net/ipfs/QmNbcNvK4m17h3zpACkQM982XYn32UK2gxnBEXn2jpvgod,Male,Gratitude,Luck,Clever,Charisma,Calm,3,2,3,,
Character,MTJ,Moon,1,Africa,GIN,Moon Trainer,The entire universe is working in his favour and he knows it. His good things will come attitude makes JAX a man of ease and composure in any situation.,,80,JAX,New Moon,https://ipfs.tothemoon.net/ipfs/QmbXJWua1QAoxnAEJuVKj7j7nDzQdkYFi2irFaLTnnkZ2o,Male,Gratitude,Luck,Clever,Charisma,Calm,1,3,3,,
Character,MTJ,Moon,1,Asia,GIN,Moon Trainer,The entire universe is working in his favour and he knows it. His good things will come attitude makes JAX a man of ease and composure in any situation.,,25,JAX,New Moon,https://ipfs.tothemoon.net/ipfs/QmYrsCdaaeGUSYaxMXzZoEjz5BkEWaqgRQYQvNyTKbeRRQ,Male,Gratitude,Luck,Clever,Charisma,Calm,1,3,3,,
Character,MTJ,Moon,1,North America,GIN,Moon Trainer,The entire universe is working in his favour and he knows it. His good things will come attitude makes JAX a man of ease and composure in any situation.,,30,JAX,New Moon,https://ipfs.tothemoon.net/ipfs/QmacUJdMbVXavUAyDPJKUy1GCcPJ8m3KN5s9ZeihsU9mWA,Male,Gratitude,Luck,Clever,Charisma,Calm,3,1,2,,
Character,MTJ,Moon,1,Asia,GIN,Moon Trainer,The entire universe is working in his favour and he knows it. His good things will come attitude makes JAX a man of ease and composure in any situation.,,1,JAX,New Moon,https://ipfs.tothemoon.net/ipfs/QmaAFPFzxPMUKMjf1JvubT8VXUh1A2oC2VeGdTgTAPqoEP,Male,Gratitude,Luck,Clever,Charisma,Calm,1,1,2,,
Character,MTJ,Moon,1,Africa,GIN,Moon Trainer,The entire universe is working in his favour and he knows it. His good things will come attitude makes JAX a man of ease and composure in any situation.,,76,JAX,New Moon,https://ipfs.tothemoon.net/ipfs/QmVbtdsfLMDMk48ZzKLPxZQz9Sa3Ep4Jips5tSwW94iFSF,Male,Gratitude,Luck,Clever,Charisma,Calm,2,1,2,,
Character,MTJ,Moon,1,South America,GIN,Moon Trainer,The entire universe is working in his favour and he knows it. His good things will come attitude makes JAX a man of ease and composure in any situation.,,93,JAX,New Moon,https://ipfs.tothemoon.net/ipfs/QmRQnPPAN3j1eN6eJCEVHZSvHbkUyi5jpHcfKLpaNYztgj,Male,Gratitude,Luck,Clever,Charisma,Calm,2,3,2,,
Character,MTJ,Moon,1,South America,GIN,Moon Trainer,The entire universe is working in his favour and he knows it. His good things will come attitude makes JAX a man of ease and composure in any situation.,,83,JAX,New Moon,https://ipfs.tothemoon.net/ipfs/QmbJfJjBEYQFeUM3yviRWkj87AVPuxUWEPafshtZjCQ7gZ,Male,Gratitude,Luck,Clever,Charisma,Calm,2,1,3,,
Character,MTJ,Moon,1,Africa,GIN,Moon Trainer,The entire universe is working in his favour and he knows it. His good things will come attitude makes JAX a man of ease and composure in any situation.,,67,JAX,New Moon,https://ipfs.tothemoon.net/ipfs/QmUnxDLS7nK44MZF6h3eEmcRHyh96pRh4jjQrrDUr9C1UZ,Male,Gratitude,Luck,Clever,Charisma,Calm,3,1,1,,
Character,MTJ,Moon,1,Africa,GIN,Moon Trainer,The entire universe is working in his favour and he knows it. His good things will come attitude makes JAX a man of ease and composure in any situation.,,78,JAX,New Moon,https://ipfs.tothemoon.net/ipfs/QmWwpCdCVft6PyLEy6cpE6LS3BY77zmJEq42WCFuNTLXdc,Male,Gratitude,Luck,Clever,Charisma,Calm,2,1,3,,
Character,MTJ,Moon,1,North America,GIN,Moon Trainer,The entire universe is working in his favour and he knows it. His good things will come attitude makes JAX a man of ease and composure in any situation.,,26,JAX,New Moon,https://ipfs.tothemoon.net/ipfs/QmYJ6Bar8Qxtux3pqq9FVZ6cx6Z6vvA9Bs2nuSs5SrFpz8,Male,Gratitude,Luck,Clever,Charisma,Calm,1,2,3,,
Character,MTJ,Moon,1,Europe,GIN,Moon Trainer,The entire universe is working in his favour and he knows it. His good things will come attitude makes JAX a man of ease and composure in any situation.,,57,JAX,New Moon,https://ipfs.tothemoon.net/ipfs/QmbTpEuM7rDinQWorKUEk7oruso2nedB6WfccGdsoWQjTN,Male,Gratitude,Luck,Clever,Charisma,Calm,2,3,3,,
Character,MTJ,Moon,1,Australia,GIN,Moon Trainer,The entire universe is working in his favour and he knows it. His good things will come attitude makes JAX a man of ease and composure in any situation.,,97,JAX,New Moon,https://ipfs.tothemoon.net/ipfs/QmQV9BZGsBM7eJp7vfSnHyjpEtrjcJi6jAqjpjbEXFYhYp,Male,Gratitude,Luck,Clever,Charisma,Calm,2,2,3,,
Character,MTJ,Moon,1,Asia,GIN,Moon Trainer,The entire universe is working in his favour and he knows it. His good things will come attitude makes JAX a man of ease and composure in any situation.,,3,JAX,New Moon,https://ipfs.tothemoon.net/ipfs/QmWib8dhQPshFbVo2ViH6nge2W7SqG6Sh25bkNECWoAGj3,Male,Gratitude,Luck,Clever,Charisma,Calm,1,1,2,,
Character,MTJ,Moon,1,Asia,GIN,Moon Trainer,The entire universe is working in his favour and he knows it. His good things will come attitude makes JAX a man of ease and composure in any situation.,,17,JAX,New Moon,https://ipfs.tothemoon.net/ipfs/QmcUAVuVHjHPVkP8kp9HeCtY6UMZE7zfsCxRPvog4Rr6C1,Male,Gratitude,Luck,Clever,Charisma,Calm,2,3,3,,
Character,MTJ,Moon,1,Asia,GIN,Moon Trainer,The entire universe is working in his favour and he knows it. His good things will come attitude makes JAX a man of ease and composure in any situation.,,24,JAX,New Moon,https://ipfs.tothemoon.net/ipfs/QmPjWFLt4Ls1GqJVJEghnbzANgAJsNeFopAz2bUMfG7dP8,Male,Gratitude,Luck,Clever,Charisma,Calm,2,1,3,,
Character,MTJ,Moon,1,Africa,GIN,Moon Trainer,The entire universe is working in his favour and he knows it. His good things will come attitude makes JAX a man of ease and composure in any situation.,,72,JAX,New Moon,https://ipfs.tothemoon.net/ipfs/QmaLrY6vsPU8iD7Guaj1txkuqtBSek3sdPxbMaGk4EyTy6,Male,Gratitude,Luck,Clever,Charisma,Calm,1,1,1,,
Character,MTJ,Moon,1,Asia,GIN,Moon Trainer,The entire universe is working in his favour and he knows it. His good things will come attitude makes JAX a man of ease and composure in any situation.,,5,JAX,New Moon,https://ipfs.tothemoon.net/ipfs/Qmbdrg81tWPkNn9atXGW2i26QtntWARW4UaBAELKB6Spzs,Male,Gratitude,Luck,Clever,Charisma,Calm,1,3,2,,
Character,MTJ,Moon,1,Asia,GIN,Moon Trainer,The entire universe is working in his favour and he knows it. His good things will come attitude makes JAX a man of ease and composure in any situation.,,19,JAX,New Moon,https://ipfs.tothemoon.net/ipfs/QmcAU2S9LVdeqwpfSyNxxcpsrrJbBcdL1nsU4ukbwc4NUR,Male,Gratitude,Luck,Clever,Charisma,Calm,3,2,3,,
Character,MTJ,Moon,1,South America,GIN,Moon Trainer,The entire universe is working in his favour and he knows it. His good things will come attitude makes JAX a man of ease and composure in any situation.,,87,JAX,New Moon,https://ipfs.tothemoon.net/ipfs/QmcwoK5Az7QYCA9PTX9qfd822pSDiYhKcAiwq5t5Np3aEW,Male,Gratitude,Luck,Clever,Charisma,Calm,2,2,2,,
Character,MTJ,Moon,1,Asia,GIN,Moon Trainer,The entire universe is working in his favour and he knows it. His good things will come attitude makes JAX a man of ease and composure in any situation.,,2,JAX,New Moon,https://ipfs.tothemoon.net/ipfs/QmdJ6Pripyk31r5RR67wPZV5U2HYyFrvNLyNAEgrotz2N3,Male,Gratitude,Luck,Clever,Charisma,Calm,1,3,2,,
Character,MTJ,Moon,1,South America,GIN,Moon Trainer,The entire universe is working in his favour and he knows it. His good things will come attitude makes JAX a man of ease and composure in any situation.,,85,JAX,New Moon,https://ipfs.tothemoon.net/ipfs/QmbmQ7wb5se9ZiNM3yAhLJf9dvkDeTXHw5a4w8KWtUqiTv,Male,Gratitude,Luck,Clever,Charisma,Calm,1,1,1,,
Character,MTJ,Moon,1,Africa,GIN,Moon Trainer,The entire universe is working in his favour and he knows it. His good things will come attitude makes JAX a man of ease and composure in any situation.,,68,JAX,New Moon,https://ipfs.tothemoon.net/ipfs/QmUGxRCasxNfQntfYjmL7hJHJnGKCrmrjwqBuA1f2mCcad,Male,Gratitude,Luck,Clever,Charisma,Calm,2,3,1,,
Character,MTJ,Moon,1,Africa,GIN,Moon Trainer,The entire universe is working in his favour and he knows it. His good things will come attitude makes JAX a man of ease and composure in any situation.,,70,JAX,New Moon,https://ipfs.tothemoon.net/ipfs/QmPtrnywYoZ7JfoPLs9FeK9HaY62avSkFP5bsz4gzXjjAz,Male,Gratitude,Luck,Clever,Charisma,Calm,3,2,1,,
Character,MTJ,Moon,1,North America,GIN,Moon Trainer,The entire universe is working in his favour and he knows it. His good things will come attitude makes JAX a man of ease and composure in any situation.,,38,JAX,New Moon,https://ipfs.tothemoon.net/ipfs/QmcLqnG2MU9u2K5GoQJ1NN8jqscYFg1QMfo6mi8xuJvnVe,Male,Gratitude,Luck,Clever,Charisma,Calm,1,1,1,,
Character,MTJ,Moon,1,North America,GIN,Moon Trainer,The entire universe is working in his favour and he knows it. His good things will come attitude makes JAX a man of ease and composure in any situation.,,33,JAX,New Moon,https://ipfs.tothemoon.net/ipfs/QmSJSEfeckJiHqr7SRntAgEV3YcAAbhQARzbbd5AHdHk4i,Male,Gratitude,Luck,Clever,Charisma,Calm,3,3,3,,
Character,MTJ,Moon,1,South America,GIN,Moon Trainer,The entire universe is working in his favour and he knows it. His good things will come attitude makes JAX a man of ease and composure in any situation.,,95,JAX,New Moon,https://ipfs.tothemoon.net/ipfs/QmYq6RHtCmho62JChZtB2B5wVH6Y4xNjrN844XfNBGNAK8,Male,Gratitude,Luck,Clever,Charisma,Calm,3,3,3,,
Character,MTJ,Moon,1,Australia,GIN,Moon Trainer,The entire universe is working in his favour and he knows it. His good things will come attitude makes JAX a man of ease and composure in any situation.,,98,JAX,New Moon,https://ipfs.tothemoon.net/ipfs/QmQKjLv4HkBjrnwh6TJ3bZKhAsvj5W7zu5WtP4sdqHUfUZ,Male,Gratitude,Luck,Clever,Charisma,Calm,1,1,2,,
Character,MTJ,Moon,1,North America,GIN,Moon Trainer,The entire universe is working in his favour and he knows it. His good things will come attitude makes JAX a man of ease and composure in any situation.,,45,JAX,New Moon,https://ipfs.tothemoon.net/ipfs/QmYN1FZbF3n2uYKjDxhptTh6d1PuPBuPws2HUvVmD1rMLW,Male,Gratitude,Luck,Clever,Charisma,Calm,2,2,2,,
Character,MTJ,Moon,1,Asia,GIN,Moon Trainer,The entire universe is working in his favour and he knows it. His good things will come attitude makes JAX a man of ease and composure in any situation.,,18,JAX,New Moon,https://ipfs.tothemoon.net/ipfs/QmRBCQKr7V2qUPZuRqutoyAmvrmTgALcGRFkGWEfioUXai,Male,Gratitude,Luck,Clever,Charisma,Calm,2,3,1,,
Character,MTJ,Moon,1,North America,GIN,Moon Trainer,The entire universe is working in his favour and he knows it. His good things will come attitude makes JAX a man of ease and composure in any situation.,,29,JAX,New Moon,https://ipfs.tothemoon.net/ipfs/QmVmcuB3D58gvFBN39Z3gam3QZHCjDwhSq2jXb5Ls2MuiM,Male,Gratitude,Luck,Clever,Charisma,Calm,2,1,2,,
Character,MTJ,Moon,1,Africa,GIN,Moon Trainer,The entire universe is working in his favour and he knows it. His good things will come attitude makes JAX a man of ease and composure in any situation.,,75,JAX,New Moon,https://ipfs.tothemoon.net/ipfs/QmWkLb72YDPJ5eREbmnBuCUCfkmD8YaoLX3aehvVhueBSG,Male,Gratitude,Luck,Clever,Charisma,Calm,2,3,2,,
Character,MTJ,Moon,1,Europe,GIN,Moon Trainer,The entire universe is working in his favour and he knows it. His good things will come attitude makes JAX a man of ease and composure in any situation.,,60,JAX,New Moon,https://ipfs.tothemoon.net/ipfs/QmZqv38GGUonvY52KjrfztYCMkXdYYKzwqLvWJn13LFMdY,Male,Gratitude,Luck,Clever,Charisma,Calm,2,3,1,,
Character,MTJ,Moon,1,North America,GIN,Moon Trainer,The entire universe is working in his favour and he knows it. His good things will come attitude makes JAX a man of ease and composure in any situation.,,40,JAX,New Moon,https://ipfs.tothemoon.net/ipfs/QmNrU8uHQaHDZvQwTPEbthrS318ukeEVi25v6SvNMoeRp5,Male,Gratitude,Luck,Clever,Charisma,Calm,3,2,2,,
Character,MTJ,Moon,1,Europe,GIN,Moon Trainer,The entire universe is working in his favour and he knows it. His good things will come attitude makes JAX a man of ease and composure in any situation.,,62,JAX,New Moon,https://ipfs.tothemoon.net/ipfs/QmULbuf1wxkg6huWm5LBx7RvKuR9wg8TRJiHdzVAcVX9Qp,Male,Gratitude,Luck,Clever,Charisma,Calm,2,3,2,,
Character,MTJ,Moon,1,Asia,GIN,Moon Trainer,The entire universe is working in his favour and he knows it. His good things will come attitude makes JAX a man of ease and composure in any situation.,,14,JAX,New Moon,https://ipfs.tothemoon.net/ipfs/QmbzFEek4RAgqSnSkvW1ExcBAW62sYZNgPyhGu9wHrgRAs,Male,Gratitude,Luck,Clever,Charisma,Calm,1,1,3,,
Character,MTJ,Moon,1,Europe,GIN,Moon Trainer,The entire universe is working in his favour and he knows it. His good things will come attitude makes JAX a man of ease and composure in any situation.,,61,JAX,New Moon,https://ipfs.tothemoon.net/ipfs/QmdZck5nN1Pfx3Cx4g921ZH1vHUAvjtZuXnteC7WdSTgJf,Male,Gratitude,Luck,Clever,Charisma,Calm,1,2,2,,
Character,MTJ,Moon,1,South America,GIN,Moon Trainer,The entire universe is working in his favour and he knows it. His good things will come attitude makes JAX a man of ease and composure in any situation.,,94,JAX,New Moon,https://ipfs.tothemoon.net/ipfs/QmdxDB2qSq4HSTmz5APLgVhQn3jzDH4H3jdw8a9d8aH1bJ,Male,Gratitude,Luck,Clever,Charisma,Calm,2,1,1,,
Character,MTJ,Moon,1,Asia,GIN,Moon Trainer,The entire universe is working in his favour and he knows it. His good things will come attitude makes JAX a man of ease and composure in any situation.,,7,JAX,New Moon,https://ipfs.tothemoon.net/ipfs/QmSonLqWX2t1xZ24aRs1b32GfsAKxMHFRNLXNwxh2GDZXH,Male,Gratitude,Luck,Clever,Charisma,Calm,2,2,3,,
Character,MTJ,Moon,1,Asia,GIN,Moon Trainer,The entire universe is working in his favour and he knows it. His good things will come attitude makes JAX a man of ease and composure in any situation.,,11,JAX,New Moon,https://ipfs.tothemoon.net/ipfs/QmVBhrnR2pnZCrpMsPfR4RYn7ZWyt1wQ7mvuVzF1PcojDq,Male,Gratitude,Luck,Clever,Charisma,Calm,3,3,2,,
Character,MTJ,Moon,1,Europe,GIN,Moon Trainer,The entire universe is working in his favour and he knows it. His good things will come attitude makes JAX a man of ease and composure in any situation.,,46,JAX,New Moon,https://ipfs.tothemoon.net/ipfs/QmRpm87H6WbiuFKB1sGFRHi5CSfvq3hYprWSrK1Fe8mqSF,Male,Gratitude,Luck,Clever,Charisma,Calm,3,1,3,,
Character,MTJ,Moon,1,South America,GIN,Moon Trainer,The entire universe is working in his favour and he knows it. His good things will come attitude makes JAX a man of ease and composure in any situation.,,81,JAX,New Moon,https://ipfs.tothemoon.net/ipfs/QmcgsbW52qMRrQQLr2QhJZ3QrEkp7maVxYyuJB6jLVqfkA,Male,Gratitude,Luck,Clever,Charisma,Calm,1,2,2,,
Character,MTJ,Moon,1,Asia,GIN,Moon Trainer,The entire universe is working in his favour and he knows it. His good things will come attitude makes JAX a man of ease and composure in any situation.,,23,JAX,New Moon,https://ipfs.tothemoon.net/ipfs/QmZ8o3LDHJSjKXwULQ22VtQJnGywM8bJt6JweXXwz2BTFi,Male,Gratitude,Luck,Clever,Charisma,Calm,1,3,3,,
Character,MTJ,Moon,1,Europe,GIN,Moon Trainer,The entire universe is working in his favour and he knows it. His good things will come attitude makes JAX a man of ease and composure in any situation.,,53,JAX,New Moon,https://ipfs.tothemoon.net/ipfs/QmbWbGtivWiuq56t84eexHfDFarj3dzuduZ5JQ65PmTXtN,Male,Gratitude,Luck,Clever,Charisma,Calm,2,2,1,,
Character,MTJ,Moon,1,Asia,GIN,Moon Trainer,The entire universe is working in his favour and he knows it. His good things will come attitude makes JAX a man of ease and composure in any situation.,,15,JAX,New Moon,https://ipfs.tothemoon.net/ipfs/QmNgWYUyNSqkCFQ8abU4FKN1piZ9unCnLJVVp4EL6qtPjk,Male,Gratitude,Luck,Clever,Charisma,Calm,1,2,2,,
Character,MTJ,Moon,1,Asia,GIN,Moon Trainer,The entire universe is working in his favour and he knows it. His good things will come attitude makes JAX a man of ease and composure in any situation.,,8,JAX,New Moon,https://ipfs.tothemoon.net/ipfs/QmbqTGLwc896emFXzbi9W665bVwckBUmJq42ApsWe5bnPf,Male,Gratitude,Luck,Clever,Charisma,Calm,1,3,1,,
Character,MTJ,Moon,1,South America,GIN,Moon Trainer,The entire universe is working in his favour and he knows it. His good things will come attitude makes JAX a man of ease and composure in any situation.,,84,JAX,New Moon,https://ipfs.tothemoon.net/ipfs/QmUYQjns4tLx93vEBwMWjXEHBxAoPBrjRdxJNeH8KqaGa6,Male,Gratitude,Luck,Clever,Charisma,Calm,1,2,1,,
Character,MTJ,Moon,1,North America,GIN,Moon Trainer,The entire universe is working in his favour and he knows it. His good things will come attitude makes JAX a man of ease and composure in any situation.,,28,JAX,New Moon,https://ipfs.tothemoon.net/ipfs/QmRXthEzhmVZDNECkJwFsDs1jkCVQAdxrktSsLEf45TrV1,Male,Gratitude,Luck,Clever,Charisma,Calm,2,2,3,,
Character,MTJ,Moon,1,Asia,GIN,Moon Trainer,The entire universe is working in his favour and he knows it. His good things will come attitude makes JAX a man of ease and composure in any situation.,,22,JAX,New Moon,https://ipfs.tothemoon.net/ipfs/QmfXpdzT8ZcnB4iQ6wh3zuWQ2YqZkRaQhANbUTs1wErtyG,Male,Gratitude,Luck,Clever,Charisma,Calm,1,3,3,,
Character,MTJ,Moon,1,Africa,GIN,Moon Trainer,The entire universe is working in his favour and he knows it. His good things will come attitude makes JAX a man of ease and composure in any situation.,,66,JAX,New Moon,https://ipfs.tothemoon.net/ipfs/QmUbCF1fPVVqLEuJhi6bnkGHF5cBKubyHhpJfATthQHeUE,Male,Gratitude,Luck,Clever,Charisma,Calm,3,3,1,,
Character,MTJ,Moon,1,Europe,GIN,Moon Trainer,The entire universe is working in his favour and he knows it. His good things will come attitude makes JAX a man of ease and composure in any situation.,,50,JAX,New Moon,https://ipfs.tothemoon.net/ipfs/QmP1SNdEJKHbTriYAG6Dp6e46EMFyB69VwXHhJdN5TaYKX,Male,Gratitude,Luck,Clever,Charisma,Calm,3,3,3,,
Character,MTJ,Moon,1,South America,GIN,Moon Trainer,The entire universe is working in his favour and he knows it. His good things will come attitude makes JAX a man of ease and composure in any situation.,,89,JAX,New Moon,https://ipfs.tothemoon.net/ipfs/QmfPdSVu47scNVjt3KvXA6ur1YRNyYe86uTKZDvCjYTUfc,Male,Gratitude,Luck,Clever,Charisma,Calm,1,3,1,,
Character,MTJ,Moon,1,Asia,GIN,Moon Trainer,The entire universe is working in his favour and he knows it. His good things will come attitude makes JAX a man of ease and composure in any situation.,,6,JAX,New Moon,https://ipfs.tothemoon.net/ipfs/QmZXQU3ZgG6sMEKBgN4UDvEssrs6Pmbw2ZY3N4GvkqLzV6,Male,Gratitude,Luck,Clever,Charisma,Calm,1,3,1,,
Character,MTJ,Moon,1,Asia,GIN,Moon Trainer,The entire universe is working in his favour and he knows it. His good things will come attitude makes JAX a man of ease and composure in any situation.,,4,JAX,New Moon,https://ipfs.tothemoon.net/ipfs/QmWUdbNZo8buZEr3PeqYsH8GxBTCe9EmqvFuTnDpQHsRoM,Male,Gratitude,Luck,Clever,Charisma,Calm,3,3,2,,
Character,MTJ,Moon,1,South America,GIN,Moon Trainer,The entire universe is working in his favour and he knows it. His good things will come attitude makes JAX a man of ease and composure in any situation.,,90,JAX,New Moon,https://ipfs.tothemoon.net/ipfs/QmNzEgTNFrsgCtWHZVZE4XpAWgLFjxdJEd5vBqeGXu2G1p,Male,Gratitude,Luck,Clever,Charisma,Calm,3,1,3,,
Character,MTJ,Moon,1,Asia,GIN,Moon Trainer,The entire universe is working in his favour and he knows it. His good things will come attitude makes JAX a man of ease and composure in any situation.,,10,JAX,New Moon,https://ipfs.tothemoon.net/ipfs/QmUfe4FtbS6f2943m1kJgF9Ax5EgabT33fRSvSmQoDYXFu,Male,Gratitude,Luck,Clever,Charisma,Calm,2,2,3,,
Character,MTJ,Moon,1,North America,GIN,Moon Trainer,The entire universe is working in his favour and he knows it. His good things will come attitude makes JAX a man of ease and composure in any situation.,,34,JAX,New Moon,https://ipfs.tothemoon.net/ipfs/QmNdEpNyFSoGXm2bopEEfr83QHFcRUeY5ds1KBiLkHam3X,Male,Gratitude,Luck,Clever,Charisma,Calm,2,2,2,,
Character,MTJ,Moon,1,Europe,GIN,Moon Trainer,The entire universe is working in his favour and he knows it. His good things will come attitude makes JAX a man of ease and composure in any situation.,,63,JAX,New Moon,https://ipfs.tothemoon.net/ipfs/QmSGe5hnT5gxFsyhkJes4h54d4bxLxr12JPGknoL6bHqZT,Male,Gratitude,Luck,Clever,Charisma,Calm,1,1,2,,
Character,MTJ,Moon,1,Europe,GIN,Moon Trainer,The entire universe is working in his favour and he knows it. His good things will come attitude makes JAX a man of ease and composure in any situation.,,55,JAX,New Moon,https://ipfs.tothemoon.net/ipfs/QmQAGBJXBaSBVUSG926qRhVeExnDHjN4qhsvV1A4HF7Hoj,Male,Gratitude,Luck,Clever,Charisma,Calm,2,2,1,,
Character,MTJ,Moon,1,North America,GIN,Moon Trainer,The entire universe is working in his favour and he knows it. His good things will come attitude makes JAX a man of ease and composure in any situation.,,44,JAX,New Moon,https://ipfs.tothemoon.net/ipfs/QmWE4NwZaF7pLAvsWTb3YrRbtEnNCYMMczonenFV1naqii,Male,Gratitude,Luck,Clever,Charisma,Calm,3,1,2,,
Character,MTJ,Moon,1,North America,GIN,Moon Trainer,The entire universe is working in his favour and he knows it. His good things will come attitude makes JAX a man of ease and composure in any situation.,,41,JAX,New Moon,https://ipfs.tothemoon.net/ipfs/QmXqGo78dEh6n32VxDN2NzgKHAcWNMmRbB2Cy86qRHuZT9,Male,Gratitude,Luck,Clever,Charisma,Calm,2,3,1,,
Character,MTJ,Moon,1,North America,GIN,Moon Trainer,The entire universe is working in his favour and he knows it. His good things will come attitude makes JAX a man of ease and composure in any situation.,,39,JAX,New Moon,https://ipfs.tothemoon.net/ipfs/QmZXZr3FkxKyBAFziKsQkE4pTME5PZ15ckT2ZeGWmXfXEo,Male,Gratitude,Luck,Clever,Charisma,Calm,3,2,1,,
Character,MTJ,Moon,1,Europe,GIN,Moon Trainer,The entire universe is working in his favour and he knows it. His good things will come attitude makes JAX a man of ease and composure in any situation.,,54,JAX,New Moon,https://ipfs.tothemoon.net/ipfs/QmYeqdxpxrE8na5Tah1SMmPnVZWPUhedP4GfrgDN9sQNAu,Male,Gratitude,Luck,Clever,Charisma,Calm,1,1,3,,
Character,MTJ,Moon,1,South America,GIN,Moon Trainer,The entire universe is working in his favour and he knows it. His good things will come attitude makes JAX a man of ease and composure in any situation.,,86,JAX,New Moon,https://ipfs.tothemoon.net/ipfs/QmW2ADrixgWcHS4EBCvh4S53J3Q5ACoJH4K7xqA3ZWHgx6,Male,Gratitude,Luck,Clever,Charisma,Calm,2,1,2,,
Character,MTP,Moon,1,North America,GIN,Moon Trainer,"It's easy to go with the flow and maintain child-like wonder with an unwavering belief like PXL's. Of course, a playful, can-do attitude is part of this package, but her most striking trait is her insurmountable fearlessness.",,42,PXL,New Moon,https://ipfs.tothemoon.net/ipfs/QmXeKsFWdfaiUxkjzCaPyAPF8ti4fCt8DDLS7gzjPmrixE,Female,Courage,Faith,Adaptability,Humor,Curiosity,2,3,3,,
Character,MTP,Moon,1,South America,GIN,Moon Trainer,"It's easy to go with the flow and maintain child-like wonder with an unwavering belief like PXL's. Of course, a playful, can-do attitude is part of this package, but her most striking trait is her insurmountable fearlessness.",,81,PXL,New Moon,https://ipfs.tothemoon.net/ipfs/QmeRseqPUDhGJPTQC3GdBtvzi4GXs5xcXRms9UGYYGsC7M,Female,Courage,Faith,Adaptability,Humor,Curiosity,1,2,2,,
Character,MTP,Moon,1,Africa,GIN,Moon Trainer,"It's easy to go with the flow and maintain child-like wonder with an unwavering belief like PXL's. Of course, a playful, can-do attitude is part of this package, but her most striking trait is her insurmountable fearlessness.",,78,PXL,New Moon,https://ipfs.tothemoon.net/ipfs/QmPcBFXDxDWZwfhnkXDyVMRC3rbAZ7GZrL5cqBftwBc98e,Female,Courage,Faith,Adaptability,Humor,Curiosity,2,1,3,,
Character,MTP,Moon,1,North America,GIN,Moon Trainer,"It's easy to go with the flow and maintain child-like wonder with an unwavering belief like PXL's. Of course, a playful, can-do attitude is part of this package, but her most striking trait is her insurmountable fearlessness.",,40,PXL,New Moon,https://ipfs.tothemoon.net/ipfs/QmZZfAoGmmwet4iQupH7Fs84go6mEoXjppYMa6hTLBqjVG,Female,Courage,Faith,Adaptability,Humor,Curiosity,3,2,2,,
Character,MTP,Moon,1,Africa,GIN,Moon Trainer,"It's easy to go with the flow and maintain child-like wonder with an unwavering belief like PXL's. Of course, a playful, can-do attitude is part of this package, but her most striking trait is her insurmountable fearlessness.",,75,PXL,New Moon,https://ipfs.tothemoon.net/ipfs/QmdeGFZ9L7ydZPUZnsmkRy1jQyEutPcuHZk6ME4K22XrSG,Female,Courage,Faith,Adaptability,Humor,Curiosity,2,3,2,,
Character,MTP,Moon,1,Africa,GIN,Moon Trainer,"It's easy to go with the flow and maintain child-like wonder with an unwavering belief like PXL's. Of course, a playful, can-do attitude is part of this package, but her most striking trait is her insurmountable fearlessness.",,67,PXL,New Moon,https://ipfs.tothemoon.net/ipfs/QmdfcUeqaA2FjvXtwdipUnBmNoxrh2BPa9yawTEKRCbcuX,Female,Courage,Faith,Adaptability,Humor,Curiosity,3,1,1,,
Character,MTP,Moon,1,Africa,GIN,Moon Trainer,"It's easy to go with the flow and maintain child-like wonder with an unwavering belief like PXL's. Of course, a playful, can-do attitude is part of this package, but her most striking trait is her insurmountable fearlessness.",,71,PXL,New Moon,https://ipfs.tothemoon.net/ipfs/QmQmt2g2iAZSinRPcGfJyw3QJ417xXSCzJeygcAAMbQ3VJ,Female,Courage,Faith,Adaptability,Humor,Curiosity,1,3,2,,
Character,MTP,Moon,1,South America,GIN,Moon Trainer,"It's easy to go with the flow and maintain child-like wonder with an unwavering belief like PXL's. Of course, a playful, can-do attitude is part of this package, but her most striking trait is her insurmountable fearlessness.",,91,PXL,New Moon,https://ipfs.tothemoon.net/ipfs/QmUS2n5BS6BGhM4p1BkDWkYHTZxCorAg9WhL7CAnr41pd7,Female,Courage,Faith,Adaptability,Humor,Curiosity,3,1,3,,
Character,MTP,Moon,1,Europe,GIN,Moon Trainer,"It's easy to go with the flow and maintain child-like wonder with an unwavering belief like PXL's. Of course, a playful, can-do attitude is part of this package, but her most striking trait is her insurmountable fearlessness.",,51,PXL,New Moon,https://ipfs.tothemoon.net/ipfs/QmNuDhX9QuG2gx3n6sLpSCkA7vZoCzCfGhUfpxwCWPLZMZ,Female,Courage,Faith,Adaptability,Humor,Curiosity,3,3,2,,
Character,MTP,Moon,1,Europe,GIN,Moon Trainer,"It's easy to go with the flow and maintain child-like wonder with an unwavering belief like PXL's. Of course, a playful, can-do attitude is part of this package, but her most striking trait is her insurmountable fearlessness.",,48,PXL,New Moon,https://ipfs.tothemoon.net/ipfs/QmeyYuquNairXx41BXY5N3RYkebgYYTpJXk68gx7aAK6Sm,Female,Courage,Faith,Adaptability,Humor,Curiosity,3,2,2,,
Character,MTP,Moon,1,Asia,GIN,Moon Trainer,"It's easy to go with the flow and maintain child-like wonder with an unwavering belief like PXL's. Of course, a playful, can-do attitude is part of this package, but her most striking trait is her insurmountable fearlessness.",,5,PXL,New Moon,https://ipfs.tothemoon.net/ipfs/QmTwVxHLzmJHyWomYdtB2tRMLCf84nTjMBKZN9mnfGwVaG,Female,Courage,Faith,Adaptability,Humor,Curiosity,1,3,2,,
Character,MTP,Moon,1,South America,GIN,Moon Trainer,"It's easy to go with the flow and maintain child-like wonder with an unwavering belief like PXL's. Of course, a playful, can-do attitude is part of this package, but her most striking trait is her insurmountable fearlessness.",,82,PXL,New Moon,https://ipfs.tothemoon.net/ipfs/QmXMC1XJRYKhLQnj5QE7RDDvf4cC3JGnmActveT6mPeBp5,Female,Courage,Faith,Adaptability,Humor,Curiosity,3,1,1,,
Character,MTP,Moon,1,North America,GIN,Moon Trainer,"It's easy to go with the flow and maintain child-like wonder with an unwavering belief like PXL's. Of course, a playful, can-do attitude is part of this package, but her most striking trait is her insurmountable fearlessness.",,32,PXL,New Moon,https://ipfs.tothemoon.net/ipfs/QmPeCq6Nm5r7UQWvacmNqQ4DAANLt7tqaNhbaA7rCQJqr8,Female,Courage,Faith,Adaptability,Humor,Curiosity,2,1,2,,
Character,MTP,Moon,1,North America,GIN,Moon Trainer,"It's easy to go with the flow and maintain child-like wonder with an unwavering belief like PXL's. Of course, a playful, can-do attitude is part of this package, but her most striking trait is her insurmountable fearlessness.",,26,PXL,New Moon,https://ipfs.tothemoon.net/ipfs/QmfB3oeKvXt7ntC6Z3MYDxyU2USrjJo9ZMRNYp7YSoVn3u,Female,Courage,Faith,Adaptability,Humor,Curiosity,1,2,3,,
Character,MTP,Moon,1,Asia,GIN,Moon Trainer,"It's easy to go with the flow and maintain child-like wonder with an unwavering belief like PXL's. Of course, a playful, can-do attitude is part of this package, but her most striking trait is her insurmountable fearlessness.",,7,PXL,New Moon,https://ipfs.tothemoon.net/ipfs/QmajDPBdXA2V3k52TPhTd2cxCizsZq6jAbaSLp5pUc6fCg,Female,Courage,Faith,Adaptability,Humor,Curiosity,2,2,3,,
Character,MTP,Moon,1,South America,GIN,Moon Trainer,"It's easy to go with the flow and maintain child-like wonder with an unwavering belief like PXL's. Of course, a playful, can-do attitude is part of this package, but her most striking trait is her insurmountable fearlessness.",,84,PXL,New Moon,https://ipfs.tothemoon.net/ipfs/QmWNVvyLmgygX78n9mKrGNiq6uwm54V3JJXwruy3Zxi7KM,Female,Courage,Faith,Adaptability,Humor,Curiosity,1,2,1,,
Character,MTP,Moon,1,North America,GIN,Moon Trainer,"It's easy to go with the flow and maintain child-like wonder with an unwavering belief like PXL's. Of course, a playful, can-do attitude is part of this package, but her most striking trait is her insurmountable fearlessness.",,37,PXL,New Moon,https://ipfs.tothemoon.net/ipfs/Qme5ph8z7mCtGgEDx5SEV3mLE2oQFAebZM7v5iRCai5T19,Female,Courage,Faith,Adaptability,Humor,Curiosity,3,1,1,,
Character,MTP,Moon,1,Africa,GIN,Moon Trainer,"It's easy to go with the flow and maintain child-like wonder with an unwavering belief like PXL's. Of course, a playful, can-do attitude is part of this package, but her most striking trait is her insurmountable fearlessness.",,79,PXL,New Moon,https://ipfs.tothemoon.net/ipfs/QmeTV6yzAoZG42vPAzakK6E9AXYPecLZ61ewEQrAhyudHA,Female,Courage,Faith,Adaptability,Humor,Curiosity,3,3,3,,
Character,MTP,Moon,1,Africa,GIN,Moon Trainer,"It's easy to go with the flow and maintain child-like wonder with an unwavering belief like PXL's. Of course, a playful, can-do attitude is part of this package, but her most striking trait is her insurmountable fearlessness.",,68,PXL,New Moon,https://ipfs.tothemoon.net/ipfs/Qme7TAQaHsT1F5q3hdL6yrftN3GCxUAAZecHdwSwJcWwVR,Female,Courage,Faith,Adaptability,Humor,Curiosity,2,3,1,,
Character,MTP,Moon,1,North America,GIN,Moon Trainer,"It's easy to go with the flow and maintain child-like wonder with an unwavering belief like PXL's. Of course, a playful, can-do attitude is part of this package, but her most striking trait is her insurmountable fearlessness.",,39,PXL,New Moon,https://ipfs.tothemoon.net/ipfs/QmQtLGi4P348k3ivoFdu6jEqdVaDpE2aKrGmjrrL9TQ6KX,Female,Courage,Faith,Adaptability,Humor,Curiosity,3,2,1,,
Character,MTP,Moon,1,North America,GIN,Moon Trainer,"It's easy to go with the flow and maintain child-like wonder with an unwavering belief like PXL's. Of course, a playful, can-do attitude is part of this package, but her most striking trait is her insurmountable fearlessness.",,41,PXL,New Moon,https://ipfs.tothemoon.net/ipfs/QmaAg72skXzEZEYRVBSuZ9XkWLAZjd4Kkb381ktXD7cnPi,Female,Courage,Faith,Adaptability,Humor,Curiosity,2,3,1,,
Character,MTP,Moon,1,Africa,GIN,Moon Trainer,"It's easy to go with the flow and maintain child-like wonder with an unwavering belief like PXL's. Of course, a playful, can-do attitude is part of this package, but her most striking trait is her insurmountable fearlessness.",,74,PXL,New Moon,https://ipfs.tothemoon.net/ipfs/QmZKGpRLJ7BSS9EPGuBmpGNUJyaaXy6XAdVkcz9FXKByFr,Female,Courage,Faith,Adaptability,Humor,Curiosity,3,1,2,,
Character,MTP,Moon,1,Asia,GIN,Moon Trainer,"It's easy to go with the flow and maintain child-like wonder with an unwavering belief like PXL's. Of course, a playful, can-do attitude is part of this package, but her most striking trait is her insurmountable fearlessness.",,10,PXL,New Moon,https://ipfs.tothemoon.net/ipfs/Qmd5NcaiJx4TLiwWoRVfNNwbDkSuUSkP3eaoyeNtg9AkGK,Female,Courage,Faith,Adaptability,Humor,Curiosity,2,2,3,,
Character,MTP,Moon,1,Africa,GIN,Moon Trainer,"It's easy to go with the flow and maintain child-like wonder with an unwavering belief like PXL's. Of course, a playful, can-do attitude is part of this package, but her most striking trait is her insurmountable fearlessness.",,70,PXL,New Moon,https://ipfs.tothemoon.net/ipfs/QmaX8C6AgAxqhtqFQNaranh9oi89jGRKbCpmFXPypNFP5Q,Female,Courage,Faith,Adaptability,Humor,Curiosity,3,2,1,,
Character,MTP,Moon,1,Asia,GIN,Moon Trainer,"It's easy to go with the flow and maintain child-like wonder with an unwavering belief like PXL's. Of course, a playful, can-do attitude is part of this package, but her most striking trait is her insurmountable fearlessness.",,4,PXL,New Moon,https://ipfs.tothemoon.net/ipfs/QmWvH2XzvoDRTr97U5cg8xPnFVGDbneWoz9t3Dfhs14Ktw,Female,Courage,Faith,Adaptability,Humor,Curiosity,3,3,2,,
Character,MTP,Moon,1,South America,GIN,Moon Trainer,"It's easy to go with the flow and maintain child-like wonder with an unwavering belief like PXL's. Of course, a playful, can-do attitude is part of this package, but her most striking trait is her insurmountable fearlessness.",,95,PXL,New Moon,https://ipfs.tothemoon.net/ipfs/QmdvzXC6g14gA7W5ybtKFaB8LJvxA6U1q6c4wkX7YGyS1q,Female,Courage,Faith,Adaptability,Humor,Curiosity,3,3,3,,
Character,MTP,Moon,1,Asia,GIN,Moon Trainer,"It's easy to go with the flow and maintain child-like wonder with an unwavering belief like PXL's. Of course, a playful, can-do attitude is part of this package, but her most striking trait is her insurmountable fearlessness.",,21,PXL,New Moon,https://ipfs.tothemoon.net/ipfs/QmcPtFQFdyZQJ5tauWYXvFy7UhC6hyciLLWjhUR6Bb7Euu,Female,Courage,Faith,Adaptability,Humor,Curiosity,3,2,3,,
Character,MTP,Moon,1,Asia,GIN,Moon Trainer,"It's easy to go with the flow and maintain child-like wonder with an unwavering belief like PXL's. Of course, a playful, can-do attitude is part of this package, but her most striking trait is her insurmountable fearlessness.",,8,PXL,New Moon,https://ipfs.tothemoon.net/ipfs/QmarETqqR31Ruo1N7XunLXxghb2bUAgAnNpXw8nGjs4bps,Female,Courage,Faith,Adaptability,Humor,Curiosity,1,3,1,,
Character,MTP,Moon,1,Asia,GIN,Moon Trainer,"It's easy to go with the flow and maintain child-like wonder with an unwavering belief like PXL's. Of course, a playful, can-do attitude is part of this package, but her most striking trait is her insurmountable fearlessness.",,22,PXL,New Moon,https://ipfs.tothemoon.net/ipfs/QmZE2AmFungks6iR2pKbxh1nn6B5h5CAotGiYnBTuWnSHJ,Female,Courage,Faith,Adaptability,Humor,Curiosity,1,3,3,,
Character,MTP,Moon,1,Europe,GIN,Moon Trainer,"It's easy to go with the flow and maintain child-like wonder with an unwavering belief like PXL's. Of course, a playful, can-do attitude is part of this package, but her most striking trait is her insurmountable fearlessness.",,53,PXL,New Moon,https://ipfs.tothemoon.net/ipfs/Qmdg8SopyhdMenPbz8apwMw5tRhgtDG9ipheTSYQaPjxxq,Female,Courage,Faith,Adaptability,Humor,Curiosity,2,2,1,,
Character,MTP,Moon,1,Europe,GIN,Moon Trainer,"It's easy to go with the flow and maintain child-like wonder with an unwavering belief like PXL's. Of course, a playful, can-do attitude is part of this package, but her most striking trait is her insurmountable fearlessness.",,52,PXL,New Moon,https://ipfs.tothemoon.net/ipfs/QmPAYWEUcXdfHRkUPDuz6t5jPozqejjRJzJcTYUeagvN39,Female,Courage,Faith,Adaptability,Humor,Curiosity,1,1,3,,
Character,MTP,Moon,1,South America,GIN,Moon Trainer,"It's easy to go with the flow and maintain child-like wonder with an unwavering belief like PXL's. Of course, a playful, can-do attitude is part of this package, but her most striking trait is her insurmountable fearlessness.",,83,PXL,New Moon,https://ipfs.tothemoon.net/ipfs/QmXiCTu6g7FsHZzf7GyaNLXvdXvtzk2k4Ye6fbrAztdgCP,Female,Courage,Faith,Adaptability,Humor,Curiosity,2,1,3,,
Character,MTP,Moon,1,Africa,GIN,Moon Trainer,"It's easy to go with the flow and maintain child-like wonder with an unwavering belief like PXL's. Of course, a playful, can-do attitude is part of this package, but her most striking trait is her insurmountable fearlessness.",,69,PXL,New Moon,https://ipfs.tothemoon.net/ipfs/Qmc1WrMjpSKhWVBiZeL7fai7unhrrhyScxj5fJeHQhFvXL,Female,Courage,Faith,Adaptability,Humor,Curiosity,2,2,2,,
Character,MTP,Moon,1,Asia,GIN,Moon Trainer,"It's easy to go with the flow and maintain child-like wonder with an unwavering belief like PXL's. Of course, a playful, can-do attitude is part of this package, but her most striking trait is her insurmountable fearlessness.",,6,PXL,New Moon,https://ipfs.tothemoon.net/ipfs/QmUS52nmoohKRd2fF6oim4qdnbnfDLWvw5VGKGru7yrpMP,Female,Courage,Faith,Adaptability,Humor,Curiosity,1,3,1,,
Character,MTP,Moon,1,Australia,GIN,Moon Trainer,"It's easy to go with the flow and maintain child-like wonder with an unwavering belief like PXL's. Of course, a playful, can-do attitude is part of this package, but her most striking trait is her insurmountable fearlessness.",,99,PXL,New Moon,https://ipfs.tothemoon.net/ipfs/Qmcbvo9r2AqpNXXYEswQWnPUEhS38CwaJcAXviUxn2nuWR,Female,Courage,Faith,Adaptability,Humor,Curiosity,2,2,1,,
Character,MTP,Moon,1,North America,GIN,Moon Trainer,"It's easy to go with the flow and maintain child-like wonder with an unwavering belief like PXL's. Of course, a playful, can-do attitude is part of this package, but her most striking trait is her insurmountable fearlessness.",,31,PXL,New Moon,https://ipfs.tothemoon.net/ipfs/QmQnP7ffxmFAszazrqzTRHTjLwKygUQ5arr9bs3PysXZd8,Female,Courage,Faith,Adaptability,Humor,Curiosity,2,3,3,,
Character,MTP,Moon,1,South America,GIN,Moon Trainer,"It's easy to go with the flow and maintain child-like wonder with an unwavering belief like PXL's. Of course, a playful, can-do attitude is part of this package, but her most striking trait is her insurmountable fearlessness.",,87,PXL,New Moon,https://ipfs.tothemoon.net/ipfs/QmTX2MihB5oWuUEnS3m2Xgy8qLrz2sEuQKgRyKkHowmNhr,Female,Courage,Faith,Adaptability,Humor,Curiosity,2,2,2,,
Character,MTP,Moon,1,Antarctica,GIN,Moon Trainer,"It's easy to go with the flow and maintain child-like wonder with an unwavering belief like PXL's. Of course, a playful, can-do attitude is part of this package, but her most striking trait is her insurmountable fearlessness.",,100,PXL,New Moon,https://ipfs.tothemoon.net/ipfs/QmfHVviqrrQUCMYz9j83J8tuSmnc9tHLjURrYi581Hyhfe,Female,Courage,Faith,Adaptability,Humor,Curiosity,3,3,1,,
Character,MTP,Moon,1,Europe,GIN,Moon Trainer,"It's easy to go with the flow and maintain child-like wonder with an unwavering belief like PXL's. Of course, a playful, can-do attitude is part of this package, but her most striking trait is her insurmountable fearlessness.",,58,PXL,New Moon,https://ipfs.tothemoon.net/ipfs/Qmb2K96GBYeAM9MNri973p79L2dnTyiqcBZ451bPZj8SjA,Female,Courage,Faith,Adaptability,Humor,Curiosity,3,2,3,,
Character,MTP,Moon,1,Europe,GIN,Moon Trainer,"It's easy to go with the flow and maintain child-like wonder with an unwavering belief like PXL's. Of course, a playful, can-do attitude is part of this package, but her most striking trait is her insurmountable fearlessness.",,54,PXL,New Moon,https://ipfs.tothemoon.net/ipfs/QmW5u9VNhvoG5zHQTSaLYT2nexBbaCeVzdqRZKLV42xpFN,Female,Courage,Faith,Adaptability,Humor,Curiosity,1,1,3,,
Character,MTP,Moon,1,Europe,GIN,Moon Trainer,"It's easy to go with the flow and maintain child-like wonder with an unwavering belief like PXL's. Of course, a playful, can-do attitude is part of this package, but her most striking trait is her insurmountable fearlessness.",,63,PXL,New Moon,https://ipfs.tothemoon.net/ipfs/QmcwiF622LiVNdR7J8oi9y6WNQ3GhJvDcrXa219p7FDL7P,Female,Courage,Faith,Adaptability,Humor,Curiosity,1,1,2,,
Character,MTP,Moon,1,Asia,GIN,Moon Trainer,"It's easy to go with the flow and maintain child-like wonder with an unwavering belief like PXL's. Of course, a playful, can-do attitude is part of this package, but her most striking trait is her insurmountable fearlessness.",,14,PXL,New Moon,https://ipfs.tothemoon.net/ipfs/QmYP5dm3UYJcs5xtpFSUeqMDdgEnu2oEnjJBN6Lvxt3Mbd,Female,Courage,Faith,Adaptability,Humor,Curiosity,1,1,3,,
Character,MTP,Moon,1,Africa,GIN,Moon Trainer,"It's easy to go with the flow and maintain child-like wonder with an unwavering belief like PXL's. Of course, a playful, can-do attitude is part of this package, but her most striking trait is her insurmountable fearlessness.",,80,PXL,New Moon,https://ipfs.tothemoon.net/ipfs/QmTUtHfdmYhfdcFRJBvzQcUVtDiwwvWcPvvaVZR9TAQxbH,Female,Courage,Faith,Adaptability,Humor,Curiosity,1,3,3,,
Character,MTP,Moon,1,Asia,GIN,Moon Trainer,"It's easy to go with the flow and maintain child-like wonder with an unwavering belief like PXL's. Of course, a playful, can-do attitude is part of this package, but her most striking trait is her insurmountable fearlessness.",,9,PXL,New Moon,https://ipfs.tothemoon.net/ipfs/Qmb6RXprPDW4yoR1bUNXuCSw8N1Kn73MbXcVdjNg48Miqu,Female,Courage,Faith,Adaptability,Humor,Curiosity,2,2,1,,
Character,MTP,Moon,1,Africa,GIN,Moon Trainer,"It's easy to go with the flow and maintain child-like wonder with an unwavering belief like PXL's. Of course, a playful, can-do attitude is part of this package, but her most striking trait is her insurmountable fearlessness.",,72,PXL,New Moon,https://ipfs.tothemoon.net/ipfs/QmdmHbHkAW6yR8DawaaxFv9oECL5L1npRJgfe4a9ytfffK,Female,Courage,Faith,Adaptability,Humor,Curiosity,1,1,1,,
Character,MTP,Moon,1,Europe,GIN,Moon Trainer,"It's easy to go with the flow and maintain child-like wonder with an unwavering belief like PXL's. Of course, a playful, can-do attitude is part of this package, but her most striking trait is her insurmountable fearlessness.",,49,PXL,New Moon,https://ipfs.tothemoon.net/ipfs/QmUcpmynkkbYN7ATsb3URaGp6VmQQAxRmVM9DCM97SyN4R,Female,Courage,Faith,Adaptability,Humor,Curiosity,3,2,1,,
Character,MTP,Moon,1,Africa,GIN,Moon Trainer,"It's easy to go with the flow and maintain child-like wonder with an unwavering belief like PXL's. Of course, a playful, can-do attitude is part of this package, but her most striking trait is her insurmountable fearlessness.",,76,PXL,New Moon,https://ipfs.tothemoon.net/ipfs/QmV7KzgA8UdE5Vd7YBW6UEEWkEVVxUQCoCgVsV8PEcju63,Female,Courage,Faith,Adaptability,Humor,Curiosity,2,1,2,,
Character,MTP,Moon,1,Europe,GIN,Moon Trainer,"It's easy to go with the flow and maintain child-like wonder with an unwavering belief like PXL's. Of course, a playful, can-do attitude is part of this package, but her most striking trait is her insurmountable fearlessness.",,59,PXL,New Moon,https://ipfs.tothemoon.net/ipfs/QmQmuJ8zLcdQATN9QSx57jR1b9Zjuw1nZvtoFqZMnVyPYA,Female,Courage,Faith,Adaptability,Humor,Curiosity,2,1,1,,
Character,MTP,Moon,1,Australia,GIN,Moon Trainer,"It's easy to go with the flow and maintain child-like wonder with an unwavering belief like PXL's. Of course, a playful, can-do attitude is part of this package, but her most striking trait is her insurmountable fearlessness.",,97,PXL,New Moon,https://ipfs.tothemoon.net/ipfs/QmWjY2TtwWQLXhFi1cbBpSew7QRQUR7udRiKGs2nzXykSb,Female,Courage,Faith,Adaptability,Humor,Curiosity,2,2,3,,
Character,MTP,Moon,1,Asia,GIN,Moon Trainer,"It's easy to go with the flow and maintain child-like wonder with an unwavering belief like PXL's. Of course, a playful, can-do attitude is part of this package, but her most striking trait is her insurmountable fearlessness.",,20,PXL,New Moon,https://ipfs.tothemoon.net/ipfs/QmWahuNWowxHmNaafaKpjj5TvzKfpSeeF4bgSK13VfAcks,Female,Courage,Faith,Adaptability,Humor,Curiosity,1,2,3,,
Character,MTP,Moon,1,Asia,GIN,Moon Trainer,"It's easy to go with the flow and maintain child-like wonder with an unwavering belief like PXL's. Of course, a playful, can-do attitude is part of this package, but her most striking trait is her insurmountable fearlessness.",,23,PXL,New Moon,https://ipfs.tothemoon.net/ipfs/QmWmYeEJxaDihsTe1pMgy8XqyV4nyXRJWYvRjMrD5msa1s,Female,Courage,Faith,Adaptability,Humor,Curiosity,1,3,3,,
Character,MTP,Moon,1,Africa,GIN,Moon Trainer,"It's easy to go with the flow and maintain child-like wonder with an unwavering belief like PXL's. Of course, a playful, can-do attitude is part of this package, but her most striking trait is her insurmountable fearlessness.",,66,PXL,New Moon,https://ipfs.tothemoon.net/ipfs/QmdXdQLqfzvhTCdNJsNLZcnKs822GF7j314hZ288LXuLAc,Female,Courage,Faith,Adaptability,Humor,Curiosity,3,3,1,,
Character,MTP,Moon,1,South America,GIN,Moon Trainer,"It's easy to go with the flow and maintain child-like wonder with an unwavering belief like PXL's. Of course, a playful, can-do attitude is part of this package, but her most striking trait is her insurmountable fearlessness.",,85,PXL,New Moon,https://ipfs.tothemoon.net/ipfs/Qmdx27FQe4ZyF7tkzrD9xXrz7UiWN2c4Zhq3jvAzHXaZXa,Female,Courage,Faith,Adaptability,Humor,Curiosity,1,1,1,,
Character,MTP,Moon,1,Asia,GIN,Moon Trainer,"It's easy to go with the flow and maintain child-like wonder with an unwavering belief like PXL's. Of course, a playful, can-do attitude is part of this package, but her most striking trait is her insurmountable fearlessness.",,2,PXL,New Moon,https://ipfs.tothemoon.net/ipfs/QmeLdcna1j6MHD4gq42sPApmo7WipFPxjJD27crAjEd7A6,Female,Courage,Faith,Adaptability,Humor,Curiosity,1,3,2,,
Character,MTP,Moon,1,Europe,GIN,Moon Trainer,"It's easy to go with the flow and maintain child-like wonder with an unwavering belief like PXL's. Of course, a playful, can-do attitude is part of this package, but her most striking trait is her insurmountable fearlessness.",,50,PXL,New Moon,https://ipfs.tothemoon.net/ipfs/QmNaoYaWBZWSmj8KozmJbaMV8vjxqbS8qKaoyL3MCADLEp,Female,Courage,Faith,Adaptability,Humor,Curiosity,3,3,3,,
Character,MTP,Moon,1,South America,GIN,Moon Trainer,"It's easy to go with the flow and maintain child-like wonder with an unwavering belief like PXL's. Of course, a playful, can-do attitude is part of this package, but her most striking trait is her insurmountable fearlessness.",,88,PXL,New Moon,https://ipfs.tothemoon.net/ipfs/Qmd6TLrmaETX3xbMtrQqZZ1ejz8fBswCHegR2d7WZAbZXy,Female,Courage,Faith,Adaptability,Humor,Curiosity,1,2,3,,
Character,MTP,Moon,1,Asia,GIN,Moon Trainer,"It's easy to go with the flow and maintain child-like wonder with an unwavering belief like PXL's. Of course, a playful, can-do attitude is part of this package, but her most striking trait is her insurmountable fearlessness.",,18,PXL,New Moon,https://ipfs.tothemoon.net/ipfs/Qmbdwkgn6ybv9G7zSHmaxjUBbCa4GM3GgER8cKUW35JUuH,Female,Courage,Faith,Adaptability,Humor,Curiosity,2,3,1,,
Character,MTP,Moon,1,Europe,GIN,Moon Trainer,"It's easy to go with the flow and maintain child-like wonder with an unwavering belief like PXL's. Of course, a playful, can-do attitude is part of this package, but her most striking trait is her insurmountable fearlessness.",,62,PXL,New Moon,https://ipfs.tothemoon.net/ipfs/QmPACGKbtMGJWCVqSppS8Lh3v3VrdahCEkjcuvKNUZh1Qa,Female,Courage,Faith,Adaptability,Humor,Curiosity,2,3,2,,
Character,MTP,Moon,1,North America,GIN,Moon Trainer,"It's easy to go with the flow and maintain child-like wonder with an unwavering belief like PXL's. Of course, a playful, can-do attitude is part of this package, but her most striking trait is her insurmountable fearlessness.",,30,PXL,New Moon,https://ipfs.tothemoon.net/ipfs/QmPsA3nHzDX42uUkAiy2nmgPvTQ2L5DA2W4J8nuP5x5yQb,Female,Courage,Faith,Adaptability,Humor,Curiosity,3,1,2,,
Character,MTP,Moon,1,Asia,GIN,Moon Trainer,"It's easy to go with the flow and maintain child-like wonder with an unwavering belief like PXL's. Of course, a playful, can-do attitude is part of this package, but her most striking trait is her insurmountable fearlessness.",,11,PXL,New Moon,https://ipfs.tothemoon.net/ipfs/QmfBjE39nVcNPFxWzQ6nintDKDS4YRjn4MaFJg4NTNCP8B,Female,Courage,Faith,Adaptability,Humor,Curiosity,3,3,2,,
Character,MTP,Moon,1,Asia,GIN,Moon Trainer,"It's easy to go with the flow and maintain child-like wonder with an unwavering belief like PXL's. Of course, a playful, can-do attitude is part of this package, but her most striking trait is her insurmountable fearlessness.",,16,PXL,New Moon,https://ipfs.tothemoon.net/ipfs/QmTBeXxszwXA7auSkP3S3pnYBbSr43eFC93AGe5tGCN5nH,Female,Courage,Faith,Adaptability,Humor,Curiosity,3,3,1,,
Character,MTP,Moon,1,Asia,GIN,Moon Trainer,"It's easy to go with the flow and maintain child-like wonder with an unwavering belief like PXL's. Of course, a playful, can-do attitude is part of this package, but her most striking trait is her insurmountable fearlessness.",,1,PXL,New Moon,https://ipfs.tothemoon.net/ipfs/QmQqhLMjKRyWQUbbtb9emMuKVoeo9xWbUryVWCBYBisvSE,Female,Courage,Faith,Adaptability,Humor,Curiosity,1,1,2,,
Character,MTP,Moon,1,North America,GIN,Moon Trainer,"It's easy to go with the flow and maintain child-like wonder with an unwavering belief like PXL's. Of course, a playful, can-do attitude is part of this package, but her most striking trait is her insurmountable fearlessness.",,33,PXL,New Moon,https://ipfs.tothemoon.net/ipfs/Qmda6qHucqe1NAAEbvZyeGFnMcouodg7aEmwc6N5Se3EBt,Female,Courage,Faith,Adaptability,Humor,Curiosity,3,3,3,,
Character,MTP,Moon,1,South America,GIN,Moon Trainer,"It's easy to go with the flow and maintain child-like wonder with an unwavering belief like PXL's. Of course, a playful, can-do attitude is part of this package, but her most striking trait is her insurmountable fearlessness.",,86,PXL,New Moon,https://ipfs.tothemoon.net/ipfs/QmbKDaPNYMtJpNARhieTS1xtRUj4igi3nRHgNqpiy4h9Lw,Female,Courage,Faith,Adaptability,Humor,Curiosity,2,1,2,,
Character,MTP,Moon,1,South America,GIN,Moon Trainer,"It's easy to go with the flow and maintain child-like wonder with an unwavering belief like PXL's. Of course, a playful, can-do attitude is part of this package, but her most striking trait is her insurmountable fearlessness.",,93,PXL,New Moon,https://ipfs.tothemoon.net/ipfs/QmQ7jYTcaSUBgKhX9jHL7Dk7gFdMSjRCTbnQ7eadmrZXAt,Female,Courage,Faith,Adaptability,Humor,Curiosity,2,3,2,,
Character,MTP,Moon,1,Asia,GIN,Moon Trainer,"It's easy to go with the flow and maintain child-like wonder with an unwavering belief like PXL's. Of course, a playful, can-do attitude is part of this package, but her most striking trait is her insurmountable fearlessness.",,15,PXL,New Moon,https://ipfs.tothemoon.net/ipfs/QmWKRMurWYMHwZJYUjRFDrniPodBRtwdhmANj4m7dkNycj,Female,Courage,Faith,Adaptability,Humor,Curiosity,1,2,2,,
Character,MTP,Moon,1,Asia,GIN,Moon Trainer,"It's easy to go with the flow and maintain child-like wonder with an unwavering belief like PXL's. Of course, a playful, can-do attitude is part of this package, but her most striking trait is her insurmountable fearlessness.",,24,PXL,New Moon,https://ipfs.tothemoon.net/ipfs/QmfZhqNMZXfdUMXRNw8zMm5zSi3NMwur4yrevfhPnFtHp5,Female,Courage,Faith,Adaptability,Humor,Curiosity,2,1,3,,
Character,MTP,Moon,1,Asia,GIN,Moon Trainer,"It's easy to go with the flow and maintain child-like wonder with an unwavering belief like PXL's. Of course, a playful, can-do attitude is part of this package, but her most striking trait is her insurmountable fearlessness.",,25,PXL,New Moon,https://ipfs.tothemoon.net/ipfs/Qmb2e5zrvLF7vKdhmkN71wXKsaQ6n71TAatuECGRpLoWsH,Female,Courage,Faith,Adaptability,Humor,Curiosity,1,3,3,,
Character,MTP,Moon,1,North America,GIN,Moon Trainer,"It's easy to go with the flow and maintain child-like wonder with an unwavering belief like PXL's. Of course, a playful, can-do attitude is part of this package, but her most striking trait is her insurmountable fearlessness.",,34,PXL,New Moon,https://ipfs.tothemoon.net/ipfs/QmaEoHTqv91AMHUkZyon1UosgXtodGUMVKE71g6VoxTMaU,Female,Courage,Faith,Adaptability,Humor,Curiosity,2,2,2,,
Character,MTP,Moon,1,Europe,GIN,Moon Trainer,"It's easy to go with the flow and maintain child-like wonder with an unwavering belief like PXL's. Of course, a playful, can-do attitude is part of this package, but her most striking trait is her insurmountable fearlessness.",,65,PXL,New Moon,https://ipfs.tothemoon.net/ipfs/QmTreJR14oijmjdTeTVRRfhcTYhqd9v1QXuuX81TSHpHi3,Female,Courage,Faith,Adaptability,Humor,Curiosity,1,1,1,,
Character,MTP,Moon,1,Asia,GIN,Moon Trainer,"It's easy to go with the flow and maintain child-like wonder with an unwavering belief like PXL's. Of course, a playful, can-do attitude is part of this package, but her most striking trait is her insurmountable fearlessness.",,12,PXL,New Moon,https://ipfs.tothemoon.net/ipfs/QmUV7jeUkvyEBVVEgetFZoPhCgh7kti3JbkQfinTC79agR,Female,Courage,Faith,Adaptability,Humor,Curiosity,3,3,3,,
Character,MTP,Moon,1,Europe,GIN,Moon Trainer,"It's easy to go with the flow and maintain child-like wonder with an unwavering belief like PXL's. Of course, a playful, can-do attitude is part of this package, but her most striking trait is her insurmountable fearlessness.",,55,PXL,New Moon,https://ipfs.tothemoon.net/ipfs/QmRikp3e3PyuoPW9ipyNnBSHJQU1q9FWMghTLmubDqFNPm,Female,Courage,Faith,Adaptability,Humor,Curiosity,2,2,1,,
Character,MTP,Moon,1,Asia,GIN,Moon Trainer,"It's easy to go with the flow and maintain child-like wonder with an unwavering belief like PXL's. Of course, a playful, can-do attitude is part of this package, but her most striking trait is her insurmountable fearlessness.",,3,PXL,New Moon,https://ipfs.tothemoon.net/ipfs/QmWdm5FsHXq4Hudwr87WP5XM7u5TSL1r15h7xJd1LGza1Y,Female,Courage,Faith,Adaptability,Humor,Curiosity,1,1,2,,
Character,MTP,Moon,1,Asia,GIN,Moon Trainer,"It's easy to go with the flow and maintain child-like wonder with an unwavering belief like PXL's. Of course, a playful, can-do attitude is part of this package, but her most striking trait is her insurmountable fearlessness.",,17,PXL,New Moon,https://ipfs.tothemoon.net/ipfs/QmdDFjbudToiw5BHT9SPyoCRc2nZRpmJzFNegjrniW8Aq3,Female,Courage,Faith,Adaptability,Humor,Curiosity,2,3,3,,
Character,MTP,Moon,1,Europe,GIN,Moon Trainer,"It's easy to go with the flow and maintain child-like wonder with an unwavering belief like PXL's. Of course, a playful, can-do attitude is part of this package, but her most striking trait is her insurmountable fearlessness.",,64,PXL,New Moon,https://ipfs.tothemoon.net/ipfs/QmduvrQXQMiZ2pJGLQBtg9nNacvuHbAdmUTVJGyNgYtq9o,Female,Courage,Faith,Adaptability,Humor,Curiosity,1,2,3,,
Character,MTP,Moon,1,South America,GIN,Moon Trainer,"It's easy to go with the flow and maintain child-like wonder with an unwavering belief like PXL's. Of course, a playful, can-do attitude is part of this package, but her most striking trait is her insurmountable fearlessness.",,90,PXL,New Moon,https://ipfs.tothemoon.net/ipfs/Qme8XBuqoWcetZ9wXSENiSeK1KYbV4AELEipnSXe6dGoeV,Female,Courage,Faith,Adaptability,Humor,Curiosity,3,1,3,,
Character,MTP,Moon,1,North America,GIN,Moon Trainer,"It's easy to go with the flow and maintain child-like wonder with an unwavering belief like PXL's. Of course, a playful, can-do attitude is part of this package, but her most striking trait is her insurmountable fearlessness.",,27,PXL,New Moon,https://ipfs.tothemoon.net/ipfs/QmfYzAnM4GSFKsV1JeDvTZQ4EHhvWyTfkzanheXpRRq5d6,Female,Courage,Faith,Adaptability,Humor,Curiosity,1,2,2,,
Character,MTP,Moon,1,North America,GIN,Moon Trainer,"It's easy to go with the flow and maintain child-like wonder with an unwavering belief like PXL's. Of course, a playful, can-do attitude is part of this package, but her most striking trait is her insurmountable fearlessness.",,45,PXL,New Moon,https://ipfs.tothemoon.net/ipfs/QmVUzZHsTW7ho6ATwzLwPoUUFrv3VCyc58so38YRPuDoYL,Female,Courage,Faith,Adaptability,Humor,Curiosity,2,2,2,,
Character,MTP,Moon,1,Europe,GIN,Moon Trainer,"It's easy to go with the flow and maintain child-like wonder with an unwavering belief like PXL's. Of course, a playful, can-do attitude is part of this package, but her most striking trait is her insurmountable fearlessness.",,57,PXL,New Moon,https://ipfs.tothemoon.net/ipfs/QmcHaBmMgUQR4GCgoZBaUJvdzjMYvQ7iJFzpCe3MPE4uWY,Female,Courage,Faith,Adaptability,Humor,Curiosity,2,3,3,,
Character,MTP,Moon,1,Africa,GIN,Moon Trainer,"It's easy to go with the flow and maintain child-like wonder with an unwavering belief like PXL's. Of course, a playful, can-do attitude is part of this package, but her most striking trait is her insurmountable fearlessness.",,77,PXL,New Moon,https://ipfs.tothemoon.net/ipfs/QmdkcZQxoT4ff4am3vxUpyav9cNGbNwVDNpe3pVQfasuXQ,Female,Courage,Faith,Adaptability,Humor,Curiosity,2,1,3,,
Character,MTP,Moon,1,North America,GIN,Moon Trainer,"It's easy to go with the flow and maintain child-like wonder with an unwavering belief like PXL's. Of course, a playful, can-do attitude is part of this package, but her most striking trait is her insurmountable fearlessness.",,35,PXL,New Moon,https://ipfs.tothemoon.net/ipfs/QmNoHvEEUVrcQKSN4KeFvPkmkVoDd7pHEiKGqPnM9jzkic,Female,Courage,Faith,Adaptability,Humor,Curiosity,1,1,3,,
Character,MTP,Moon,1,North America,GIN,Moon Trainer,"It's easy to go with the flow and maintain child-like wonder with an unwavering belief like PXL's. Of course, a playful, can-do attitude is part of this package, but her most striking trait is her insurmountable fearlessness.",,29,PXL,New Moon,https://ipfs.tothemoon.net/ipfs/QmWi8ZPAhoqKzgq1tVxojPDiydmDY5xhNHrV6Lu9jkKVoE,Female,Courage,Faith,Adaptability,Humor,Curiosity,2,1,2,,
Character,MTP,Moon,1,Asia,GIN,Moon Trainer,"It's easy to go with the flow and maintain child-like wonder with an unwavering belief like PXL's. Of course, a playful, can-do attitude is part of this package, but her most striking trait is her insurmountable fearlessness.",,13,PXL,New Moon,https://ipfs.tothemoon.net/ipfs/QmPm3XEDAvKh8mYwfrcc1Zekfx9QukBtzmPAkDD1bXNLCL,Female,Courage,Faith,Adaptability,Humor,Curiosity,1,2,1,,
Character,MTP,Moon,1,North America,GIN,Moon Trainer,"It's easy to go with the flow and maintain child-like wonder with an unwavering belief like PXL's. Of course, a playful, can-do attitude is part of this package, but her most striking trait is her insurmountable fearlessness.",,38,PXL,New Moon,https://ipfs.tothemoon.net/ipfs/QmXW5UqQZLyj4CoZn59U4ah8sv2KDwZSxwcSEfWVXvQynN,Female,Courage,Faith,Adaptability,Humor,Curiosity,1,1,1,,
Character,MTP,Moon,1,North America,GIN,Moon Trainer,"It's easy to go with the flow and maintain child-like wonder with an unwavering belief like PXL's. Of course, a playful, can-do attitude is part of this package, but her most striking trait is her insurmountable fearlessness.",,36,PXL,New Moon,https://ipfs.tothemoon.net/ipfs/QmPTaCyhZCQomsCkZo3PH8yYDWawUvH7hn1b8Xmte2PhwT,Female,Courage,Faith,Adaptability,Humor,Curiosity,1,3,1,,
Character,MTP,Moon,1,Australia,GIN,Moon Trainer,"It's easy to go with the flow and maintain child-like wonder with an unwavering belief like PXL's. Of course, a playful, can-do attitude is part of this package, but her most striking trait is her insurmountable fearlessness.",,98,PXL,New Moon,https://ipfs.tothemoon.net/ipfs/QmZj5Atk6itYhwW6CmBGVs919F3jXb8zRMBHp9G6Zb5yH2,Female,Courage,Faith,Adaptability,Humor,Curiosity,1,1,2,,
Character,MTP,Moon,1,North America,GIN,Moon Trainer,"It's easy to go with the flow and maintain child-like wonder with an unwavering belief like PXL's. Of course, a playful, can-do attitude is part of this package, but her most striking trait is her insurmountable fearlessness.",,43,PXL,New Moon,https://ipfs.tothemoon.net/ipfs/QmYH7i3MMne6SZNzjosByJWbeZbzshjJbha7qSkMEUijpc,Female,Courage,Faith,Adaptability,Humor,Curiosity,3,2,2,,
Character,MTP,Moon,1,South America,GIN,Moon Trainer,"It's easy to go with the flow and maintain child-like wonder with an unwavering belief like PXL's. Of course, a playful, can-do attitude is part of this package, but her most striking trait is her insurmountable fearlessness.",,92,PXL,New Moon,https://ipfs.tothemoon.net/ipfs/QmRT7az9qDwKYU5otdHUFa7r6JPqXFwWeQrwBVkUqodCwR,Female,Courage,Faith,Adaptability,Humor,Curiosity,1,3,2,,
Character,MTP,Moon,1,South America,GIN,Moon Trainer,"It's easy to go with the flow and maintain child-like wonder with an unwavering belief like PXL's. Of course, a playful, can-do attitude is part of this package, but her most striking trait is her insurmountable fearlessness.",,89,PXL,New Moon,https://ipfs.tothemoon.net/ipfs/QmUjathykQjoBwfTyFu6M39SqqrQrbwNKoZy3S5p82A8cF,Female,Courage,Faith,Adaptability,Humor,Curiosity,1,3,1,,
Character,MTP,Moon,1,Asia,GIN,Moon Trainer,"It's easy to go with the flow and maintain child-like wonder with an unwavering belief like PXL's. Of course, a playful, can-do attitude is part of this package, but her most striking trait is her insurmountable fearlessness.",,19,PXL,New Moon,https://ipfs.tothemoon.net/ipfs/QmSdNKFbZkHQfjQnarNvCkRGo6QC7novUqBjHqGqLwNWmF,Female,Courage,Faith,Adaptability,Humor,Curiosity,3,2,3,,
Character,MTP,Moon,1,North America,GIN,Moon Trainer,"It's easy to go with the flow and maintain child-like wonder with an unwavering belief like PXL's. Of course, a playful, can-do attitude is part of this package, but her most striking trait is her insurmountable fearlessness.",,28,PXL,New Moon,https://ipfs.tothemoon.net/ipfs/QmNZth5t4HaxJHce4tRSGdQLAqLaJGq4WKrAr9PUp2M9CS,Female,Courage,Faith,Adaptability,Humor,Curiosity,2,2,3,,
Character,MTP,Moon,1,South America,GIN,Moon Trainer,"It's easy to go with the flow and maintain child-like wonder with an unwavering belief like PXL's. Of course, a playful, can-do attitude is part of this package, but her most striking trait is her insurmountable fearlessness.",,94,PXL,New Moon,https://ipfs.tothemoon.net/ipfs/QmW2goVHfCbFmK4aeX7b8k9qEBCsVngb9wmCRhgRyPBdbX,Female,Courage,Faith,Adaptability,Humor,Curiosity,2,1,1,,
Character,MTP,Moon,1,Europe,GIN,Moon Trainer,"It's easy to go with the flow and maintain child-like wonder with an unwavering belief like PXL's. Of course, a playful, can-do attitude is part of this package, but her most striking trait is her insurmountable fearlessness.",,60,PXL,New Moon,https://ipfs.tothemoon.net/ipfs/QmaKvSSd23o7VVLJXh3WUDfW8uFvZ7M13vPprzAZfA7zdf,Female,Courage,Faith,Adaptability,Humor,Curiosity,2,3,1,,
Character,MTP,Moon,1,North America,GIN,Moon Trainer,"It's easy to go with the flow and maintain child-like wonder with an unwavering belief like PXL's. Of course, a playful, can-do attitude is part of this package, but her most striking trait is her insurmountable fearlessness.",,44,PXL,New Moon,https://ipfs.tothemoon.net/ipfs/QmYgCjYoBETVE6TVA3uVbac37DBX6wgpmoZjT5hWAzpUfN,Female,Courage,Faith,Adaptability,Humor,Curiosity,3,1,2,,
Character,MTP,Moon,1,Australia,GIN,Moon Trainer,"It's easy to go with the flow and maintain child-like wonder with an unwavering belief like PXL's. Of course, a playful, can-do attitude is part of this package, but her most striking trait is her insurmountable fearlessness.",,96,PXL,New Moon,https://ipfs.tothemoon.net/ipfs/QmSqrQPD9yJRw9QBBxKht67xP4cntUozpemzUwofWPKkHS,Female,Courage,Faith,Adaptability,Humor,Curiosity,1,2,1,,
Character,MTP,Moon,1,Europe,GIN,Moon Trainer,"It's easy to go with the flow and maintain child-like wonder with an unwavering belief like PXL's. Of course, a playful, can-do attitude is part of this package, but her most striking trait is her insurmountable fearlessness.",,56,PXL,New Moon,https://ipfs.tothemoon.net/ipfs/QmeuA97yiWfyYkQmvBN2STXjv2oTfDPZwfDec5oCJQLYbr,Female,Courage,Faith,Adaptability,Humor,Curiosity,2,3,2,,
Character,MTP,Moon,1,Europe,GIN,Moon Trainer,"It's easy to go with the flow and maintain child-like wonder with an unwavering belief like PXL's. Of course, a playful, can-do attitude is part of this package, but her most striking trait is her insurmountable fearlessness.",,46,PXL,New Moon,https://ipfs.tothemoon.net/ipfs/QmZPDNyz5dppCqeJamDMxpB6hPzpinzE3cmYc268GNvp4J,Female,Courage,Faith,Adaptability,Humor,Curiosity,3,1,3,,
Character,MTP,Moon,1,Europe,GIN,Moon Trainer,"It's easy to go with the flow and maintain child-like wonder with an unwavering belief like PXL's. Of course, a playful, can-do attitude is part of this package, but her most striking trait is her insurmountable fearlessness.",,47,PXL,New Moon,https://ipfs.tothemoon.net/ipfs/QmPU25DzG46psHqSsoBBaPLe7etX97FRQ6vZhDXd5ZJV9K,Female,Courage,Faith,Adaptability,Humor,Curiosity,3,1,1,,
Character,MTP,Moon,1,Africa,GIN,Moon Trainer,"It's easy to go with the flow and maintain child-like wonder with an unwavering belief like PXL's. Of course, a playful, can-do attitude is part of this package, but her most striking trait is her insurmountable fearlessness.",,73,PXL,New Moon,https://ipfs.tothemoon.net/ipfs/QmNUzdS5uzuAZeJxAADmAmFDeANJDghzeGVSK1mbpRkGVQ,Female,Courage,Faith,Adaptability,Humor,Curiosity,2,1,1,,
Character,MTP,Moon,1,Europe,GIN,Moon Trainer,"It's easy to go with the flow and maintain child-like wonder with an unwavering belief like PXL's. Of course, a playful, can-do attitude is part of this package, but her most striking trait is her insurmountable fearlessness.",,61,PXL,New Moon,https://ipfs.tothemoon.net/ipfs/QmQD8fASsztwXWDr6azECL1icEFSaZ1su4trytGDJUEgj5,Female,Courage,Faith,Adaptability,Humor,Curiosity,1,2,2,,
Character,MTR,Moon,1,Europe,GIN,Moon Trainer,Good things come to those who wait and REV feels this deep in her bones. Her charisma and nobleness make her a magnet to those around her.,,53,REV,New Moon,https://ipfs.tothemoon.net/ipfs/Qmah6ecbux2TMtWCiUGy38WF4Q6hKbpBwnfUcrFAuPjkTu,Female,Patience,Intuition,Conscientousness,Enthusiasm,Charm,2,2,1,,
Character,MTR,Moon,1,Africa,GIN,Moon Trainer,Good things come to those who wait and REV feels this deep in her bones. Her charisma and nobleness make her a magnet to those around her.,,68,REV,New Moon,https://ipfs.tothemoon.net/ipfs/QmTZcSHWja2KMMkdbXZ8XSiP6yq4eYY6H6NeVMpbP4DEHY,Female,Patience,Intuition,Conscientousness,Enthusiasm,Charm,2,3,1,,
Character,MTR,Moon,1,Asia,GIN,Moon Trainer,Good things come to those who wait and REV feels this deep in her bones. Her charisma and nobleness make her a magnet to those around her.,,16,REV,New Moon,https://ipfs.tothemoon.net/ipfs/Qma7v9nN1oig4wnsZpByzAacVxHjpnu9h1AGyiEDRpfvhR,Female,Patience,Intuition,Conscientousness,Enthusiasm,Charm,3,3,1,,
Character,MTR,Moon,1,South America,GIN,Moon Trainer,Good things come to those who wait and REV feels this deep in her bones. Her charisma and nobleness make her a magnet to those around her.,,83,REV,New Moon,https://ipfs.tothemoon.net/ipfs/QmesEAGBFTEk3sFsPmpeTCTza9AkEbPLNysJoVTXk1fJVE,Female,Patience,Intuition,Conscientousness,Enthusiasm,Charm,2,1,3,,
Character,MTR,Moon,1,Europe,GIN,Moon Trainer,Good things come to those who wait and REV feels this deep in her bones. Her charisma and nobleness make her a magnet to those around her.,,63,REV,New Moon,https://ipfs.tothemoon.net/ipfs/QmNQ9f7tb1z6E4rRNaJnFQfYb3mLjZoevEk38AhqrQYnaV,Female,Patience,Intuition,Conscientousness,Enthusiasm,Charm,1,1,2,,
Character,MTR,Moon,1,Australia,GIN,Moon Trainer,Good things come to those who wait and REV feels this deep in her bones. Her charisma and nobleness make her a magnet to those around her.,,99,REV,New Moon,https://ipfs.tothemoon.net/ipfs/QmYwWybKU8GZqKQbMm2Pnh2pkjTYZHdXgx6yJvzFUPsMRU,Female,Patience,Intuition,Conscientousness,Enthusiasm,Charm,2,2,1,,
Character,MTR,Moon,1,Africa,GIN,Moon Trainer,Good things come to those who wait and REV feels this deep in her bones. Her charisma and nobleness make her a magnet to those around her.,,76,REV,New Moon,https://ipfs.tothemoon.net/ipfs/QmQBmDeDoWGXMQSH4HWkYUC7fjc1vz4cEWcHL5KY5VDWHn,Female,Patience,Intuition,Conscientousness,Enthusiasm,Charm,2,1,2,,
Character,MTR,Moon,1,Australia,GIN,Moon Trainer,Good things come to those who wait and REV feels this deep in her bones. Her charisma and nobleness make her a magnet to those around her.,,96,REV,New Moon,https://ipfs.tothemoon.net/ipfs/QmfK9pnu4JwsYfRzGv42oEFC7nRomuQkiBvSmtgQkbNBJG,Female,Patience,Intuition,Conscientousness,Enthusiasm,Charm,1,2,1,,
Character,MTR,Moon,1,Europe,GIN,Moon Trainer,Good things come to those who wait and REV feels this deep in her bones. Her charisma and nobleness make her a magnet to those around her.,,60,REV,New Moon,https://ipfs.tothemoon.net/ipfs/QmWthRn2qWjfuFvUTkjVhHknLsrr6xUQ2m9UwSfq8pULF5,Female,Patience,Intuition,Conscientousness,Enthusiasm,Charm,2,3,1,,
Character,MTR,Moon,1,South America,GIN,Moon Trainer,Good things come to those who wait and REV feels this deep in her bones. Her charisma and nobleness make her a magnet to those around her.,,88,REV,New Moon,https://ipfs.tothemoon.net/ipfs/QmUUX1nSqrztKYZ4w22UZq2ZHrgXraugitFeby2GziVCqr,Female,Patience,Intuition,Conscientousness,Enthusiasm,Charm,1,2,3,,
Character,MTR,Moon,1,North America,GIN,Moon Trainer,Good things come to those who wait and REV feels this deep in her bones. Her charisma and nobleness make her a magnet to those around her.,,35,REV,New Moon,https://ipfs.tothemoon.net/ipfs/QmUQ9EPUt4Jfnm1maeMNfmBmLkR4jkYhcfsh7NMiK1Um8r,Female,Patience,Intuition,Conscientousness,Enthusiasm,Charm,1,1,3,,
Character,MTR,Moon,1,North America,GIN,Moon Trainer,Good things come to those who wait and REV feels this deep in her bones. Her charisma and nobleness make her a magnet to those around her.,,34,REV,New Moon,https://ipfs.tothemoon.net/ipfs/QmYW1yP8F3vAp6M2CudRmcCWJH7rBEsHiQUXPTBerGxpdF,Female,Patience,Intuition,Conscientousness,Enthusiasm,Charm,2,2,2,,
Character,MTR,Moon,1,Antarctica,GIN,Moon Trainer,Good things come to those who wait and REV feels this deep in her bones. Her charisma and nobleness make her a magnet to those around her.,,100,REV,New Moon,https://ipfs.tothemoon.net/ipfs/QmSPSkqjDteKnsctRve2iux2xzxAUczDMxrr4vG9XrxTq6,Female,Patience,Intuition,Conscientousness,Enthusiasm,Charm,3,3,1,,
Character,MTR,Moon,1,Asia,GIN,Moon Trainer,Good things come to those who wait and REV feels this deep in her bones. Her charisma and nobleness make her a magnet to those around her.,,19,REV,New Moon,https://ipfs.tothemoon.net/ipfs/Qma6Xo7cuSBraommC38kf2anMZ1sMxzjVBbMaSETKse5wz,Female,Patience,Intuition,Conscientousness,Enthusiasm,Charm,3,2,3,,
Character,MTR,Moon,1,South America,GIN,Moon Trainer,Good things come to those who wait and REV feels this deep in her bones. Her charisma and nobleness make her a magnet to those around her.,,82,REV,New Moon,https://ipfs.tothemoon.net/ipfs/QmQsrWSC76QPFbpWUm4AFZf3DdmeAGYq9vo23D8L8vKJfU,Female,Patience,Intuition,Conscientousness,Enthusiasm,Charm,3,1,1,,
Character,MTR,Moon,1,Africa,GIN,Moon Trainer,Good things come to those who wait and REV feels this deep in her bones. Her charisma and nobleness make her a magnet to those around her.,,77,REV,New Moon,https://ipfs.tothemoon.net/ipfs/QmQymFUdWmVoB5cQdwjaids2qMYM2rgwrm3Yf1VUzmEJj1,Female,Patience,Intuition,Conscientousness,Enthusiasm,Charm,2,1,3,,
Character,MTR,Moon,1,Europe,GIN,Moon Trainer,Good things come to those who wait and REV feels this deep in her bones. Her charisma and nobleness make her a magnet to those around her.,,54,REV,New Moon,https://ipfs.tothemoon.net/ipfs/QmWHHLggZjbq5PUCeFY6NBLCmjPG3RgqQsHcYYR5wHQG8C,Female,Patience,Intuition,Conscientousness,Enthusiasm,Charm,1,1,3,,
Character,MTR,Moon,1,South America,GIN,Moon Trainer,Good things come to those who wait and REV feels this deep in her bones. Her charisma and nobleness make her a magnet to those around her.,,87,REV,New Moon,https://ipfs.tothemoon.net/ipfs/QmTYDQdJhZGSLUdor1eDmYcZCtpHLpJMV3Ku5Unjtn4x4M,Female,Patience,Intuition,Conscientousness,Enthusiasm,Charm,2,2,2,,
Character,MTR,Moon,1,Europe,GIN,Moon Trainer,Good things come to those who wait and REV feels this deep in her bones. Her charisma and nobleness make her a magnet to those around her.,,46,REV,New Moon,https://ipfs.tothemoon.net/ipfs/QmamDWK2N9ugS2Xn5cU8V6W7xZ5j8i9483pHvj4KkxcszT,Female,Patience,Intuition,Conscientousness,Enthusiasm,Charm,3,1,3,,
Character,MTR,Moon,1,Europe,GIN,Moon Trainer,Good things come to those who wait and REV feels this deep in her bones. Her charisma and nobleness make her a magnet to those around her.,,61,REV,New Moon,https://ipfs.tothemoon.net/ipfs/QmemAqhcfMRJYS21EURGr1WrytaoGGLHDwZWdkEscZfaya,Female,Patience,Intuition,Conscientousness,Enthusiasm,Charm,1,2,2,,
Character,MTR,Moon,1,Asia,GIN,Moon Trainer,Good things come to those who wait and REV feels this deep in her bones. Her charisma and nobleness make her a magnet to those around her.,,7,REV,New Moon,https://ipfs.tothemoon.net/ipfs/QmZEJZkqWHi9sEd7vnUJFHdu5meB7wmp7qFMh6u3W4rBwz,Female,Patience,Intuition,Conscientousness,Enthusiasm,Charm,2,2,3,,
Character,MTR,Moon,1,South America,GIN,Moon Trainer,Good things come to those who wait and REV feels this deep in her bones. Her charisma and nobleness make her a magnet to those around her.,,89,REV,New Moon,https://ipfs.tothemoon.net/ipfs/QmUVRFUCZtYvqwn4KgZPnyWK2TSH69eKEXB5aEaLHTfzba,Female,Patience,Intuition,Conscientousness,Enthusiasm,Charm,1,3,1,,
Character,MTR,Moon,1,Asia,GIN,Moon Trainer,Good things come to those who wait and REV feels this deep in her bones. Her charisma and nobleness make her a magnet to those around her.,,2,REV,New Moon,https://ipfs.tothemoon.net/ipfs/QmQJNmmDoHZw9hC3KsfeQw7mTX46HoWPFuTfvLonpT7eoM,Female,Patience,Intuition,Conscientousness,Enthusiasm,Charm,1,3,2,,
Character,MTR,Moon,1,South America,GIN,Moon Trainer,Good things come to those who wait and REV feels this deep in her bones. Her charisma and nobleness make her a magnet to those around her.,,86,REV,New Moon,https://ipfs.tothemoon.net/ipfs/QmUfwWjTdH7mcvYCZQahvGiw9bWsySmCkBGKvrjhuxCqpo,Female,Patience,Intuition,Conscientousness,Enthusiasm,Charm,2,1,2,,
Character,MTR,Moon,1,Asia,GIN,Moon Trainer,Good things come to those who wait and REV feels this deep in her bones. Her charisma and nobleness make her a magnet to those around her.,,22,REV,New Moon,https://ipfs.tothemoon.net/ipfs/QmboACKYgJHoVbox1PaZPxD45j9DUbZk9hX1yjemLdBUAA,Female,Patience,Intuition,Conscientousness,Enthusiasm,Charm,1,3,3,,
Character,MTR,Moon,1,South America,GIN,Moon Trainer,Good things come to those who wait and REV feels this deep in her bones. Her charisma and nobleness make her a magnet to those around her.,,85,REV,New Moon,https://ipfs.tothemoon.net/ipfs/QmP8A2SykEocsd1sUC45Doi8SxRPjy9LBbmzhmUrxmyD8g,Female,Patience,Intuition,Conscientousness,Enthusiasm,Charm,1,1,1,,
Character,MTR,Moon,1,South America,GIN,Moon Trainer,Good things come to those who wait and REV feels this deep in her bones. Her charisma and nobleness make her a magnet to those around her.,,94,REV,New Moon,https://ipfs.tothemoon.net/ipfs/Qmcezof631tMdm1Ngv91ckKVnQgeHDiuKmqfbKWocm1EM1,Female,Patience,Intuition,Conscientousness,Enthusiasm,Charm,2,1,1,,
Character,MTR,Moon,1,North America,GIN,Moon Trainer,Good things come to those who wait and REV feels this deep in her bones. Her charisma and nobleness make her a magnet to those around her.,,26,REV,New Moon,https://ipfs.tothemoon.net/ipfs/QmcskbrXRxrJvKmHNX7QqC7uuAd9rHenpzBt4hyhA2TrEC,Female,Patience,Intuition,Conscientousness,Enthusiasm,Charm,1,2,3,,
Character,MTR,Moon,1,North America,GIN,Moon Trainer,Good things come to those who wait and REV feels this deep in her bones. Her charisma and nobleness make her a magnet to those around her.,,30,REV,New Moon,https://ipfs.tothemoon.net/ipfs/QmdSvE3SmWQ6ecjF5d97hDEw4nWoep14izYz5eoeftS8EH,Female,Patience,Intuition,Conscientousness,Enthusiasm,Charm,3,1,2,,
Character,MTR,Moon,1,Africa,GIN,Moon Trainer,Good things come to those who wait and REV feels this deep in her bones. Her charisma and nobleness make her a magnet to those around her.,,70,REV,New Moon,https://ipfs.tothemoon.net/ipfs/QmY2AStZzkHncYz8PpFbakNrkWmCZPBJLrK7ybPWaWwZba,Female,Patience,Intuition,Conscientousness,Enthusiasm,Charm,3,2,1,,
Character,MTR,Moon,1,North America,GIN,Moon Trainer,Good things come to those who wait and REV feels this deep in her bones. Her charisma and nobleness make her a magnet to those around her.,,27,REV,New Moon,https://ipfs.tothemoon.net/ipfs/QmYKcpjGvUCfs8dLUNYS4ymbYDanPdDhFHbSTaAQWfAQk8,Female,Patience,Intuition,Conscientousness,Enthusiasm,Charm,1,2,2,,
Character,MTR,Moon,1,South America,GIN,Moon Trainer,Good things come to those who wait and REV feels this deep in her bones. Her charisma and nobleness make her a magnet to those around her.,,92,REV,New Moon,https://ipfs.tothemoon.net/ipfs/QmPg7R9GEghc4mG3EMR4AHktFHozNgiSmSfJ9jyo8yEL8e,Female,Patience,Intuition,Conscientousness,Enthusiasm,Charm,1,3,2,,
Character,MTR,Moon,1,Europe,GIN,Moon Trainer,Good things come to those who wait and REV feels this deep in her bones. Her charisma and nobleness make her a magnet to those around her.,,62,REV,New Moon,https://ipfs.tothemoon.net/ipfs/QmfWFokSkfFrZRGXrLWoEvsqWegb9sNCuUEhe89xFQTvs1,Female,Patience,Intuition,Conscientousness,Enthusiasm,Charm,2,3,2,,
Character,MTR,Moon,1,Europe,GIN,Moon Trainer,Good things come to those who wait and REV feels this deep in her bones. Her charisma and nobleness make her a magnet to those around her.,,56,REV,New Moon,https://ipfs.tothemoon.net/ipfs/QmQmAYc6eFJTuGGuGD6Gf89oHp6j8qTAZ2xV7w7L1CUgXh,Female,Patience,Intuition,Conscientousness,Enthusiasm,Charm,2,3,2,,
Character,MTR,Moon,1,Asia,GIN,Moon Trainer,Good things come to those who wait and REV feels this deep in her bones. Her charisma and nobleness make her a magnet to those around her.,,20,REV,New Moon,https://ipfs.tothemoon.net/ipfs/QmaAU8xFh4qws5wKJXTbmVAY5gEEEF6iKJjQvxneYhyLNg,Female,Patience,Intuition,Conscientousness,Enthusiasm,Charm,1,2,3,,
Character,MTR,Moon,1,Africa,GIN,Moon Trainer,Good things come to those who wait and REV feels this deep in her bones. Her charisma and nobleness make her a magnet to those around her.,,73,REV,New Moon,https://ipfs.tothemoon.net/ipfs/QmUcmqomYxw6WUEeifumJA1GaJu6FYTENRFEZ4XAbS6Er6,Female,Patience,Intuition,Conscientousness,Enthusiasm,Charm,2,1,1,,
Character,MTR,Moon,1,South America,GIN,Moon Trainer,Good things come to those who wait and REV feels this deep in her bones. Her charisma and nobleness make her a magnet to those around her.,,84,REV,New Moon,https://ipfs.tothemoon.net/ipfs/QmbNQ7n8EKHY3LUdzn2J22h2nsjkp5TTJcftCgUdEdbCuf,Female,Patience,Intuition,Conscientousness,Enthusiasm,Charm,1,2,1,,
Character,MTR,Moon,1,North America,GIN,Moon Trainer,Good things come to those who wait and REV feels this deep in her bones. Her charisma and nobleness make her a magnet to those around her.,,32,REV,New Moon,https://ipfs.tothemoon.net/ipfs/QmWnfHhzC5tS5YioCqdUmx6bs3RR97dcDutfhyj8jrPdkY,Female,Patience,Intuition,Conscientousness,Enthusiasm,Charm,2,1,2,,
Character,MTR,Moon,1,Asia,GIN,Moon Trainer,Good things come to those who wait and REV feels this deep in her bones. Her charisma and nobleness make her a magnet to those around her.,,24,REV,New Moon,https://ipfs.tothemoon.net/ipfs/QmXQh6U1TYaa1FKjtns7RkoyFrHETVkeWUYAE7abXibQrL,Female,Patience,Intuition,Conscientousness,Enthusiasm,Charm,2,1,3,,
Character,MTR,Moon,1,Asia,GIN,Moon Trainer,Good things come to those who wait and REV feels this deep in her bones. Her charisma and nobleness make her a magnet to those around her.,,17,REV,New Moon,https://ipfs.tothemoon.net/ipfs/QmQVASh1T3vpvw9PeWGm4g4YJRdkFeNZS3Csz2GfDKuLWW,Female,Patience,Intuition,Conscientousness,Enthusiasm,Charm,2,3,3,,
Character,MTR,Moon,1,South America,GIN,Moon Trainer,Good things come to those who wait and REV feels this deep in her bones. Her charisma and nobleness make her a magnet to those around her.,,90,REV,New Moon,https://ipfs.tothemoon.net/ipfs/QmU2Gm4tD9pDpeP6vYrPXFyiEDFxmWuBe35p8t2XmoW83p,Female,Patience,Intuition,Conscientousness,Enthusiasm,Charm,3,1,3,,
Character,MTR,Moon,1,North America,GIN,Moon Trainer,Good things come to those who wait and REV feels this deep in her bones. Her charisma and nobleness make her a magnet to those around her.,,28,REV,New Moon,https://ipfs.tothemoon.net/ipfs/QmNVZJ3VGysgiHtCYQXrH27RA7Kq7uK7SszwzG4uFG6MNr,Female,Patience,Intuition,Conscientousness,Enthusiasm,Charm,2,2,3,,
Character,MTR,Moon,1,Europe,GIN,Moon Trainer,Good things come to those who wait and REV feels this deep in her bones. Her charisma and nobleness make her a magnet to those around her.,,49,REV,New Moon,https://ipfs.tothemoon.net/ipfs/QmPKyiJUAxf9wfB79PtwEkJTv5vVdfjFqzd6NuwreZJK8L,Female,Patience,Intuition,Conscientousness,Enthusiasm,Charm,3,2,1,,
Character,MTR,Moon,1,Africa,GIN,Moon Trainer,Good things come to those who wait and REV feels this deep in her bones. Her charisma and nobleness make her a magnet to those around her.,,71,REV,New Moon,https://ipfs.tothemoon.net/ipfs/QmYVAYA2ZDDwuUuAMbC7eZ9EcFSek7Y7fjudhHrSpegRxZ,Female,Patience,Intuition,Conscientousness,Enthusiasm,Charm,1,3,2,,
Character,MTR,Moon,1,North America,GIN,Moon Trainer,Good things come to those who wait and REV feels this deep in her bones. Her charisma and nobleness make her a magnet to those around her.,,38,REV,New Moon,https://ipfs.tothemoon.net/ipfs/QmcUD4wqFzyQkqUwxysTbHTab4aGsNuktKuLSZKX4eDSwv,Female,Patience,Intuition,Conscientousness,Enthusiasm,Charm,1,1,1,,
Character,MTR,Moon,1,Africa,GIN,Moon Trainer,Good things come to those who wait and REV feels this deep in her bones. Her charisma and nobleness make her a magnet to those around her.,,69,REV,New Moon,https://ipfs.tothemoon.net/ipfs/QmZGuuYV72726T525pF9dHz2dTLvWY5oaZ5P1kZi5Ke24B,Female,Patience,Intuition,Conscientousness,Enthusiasm,Charm,2,2,2,,
Character,MTR,Moon,1,Africa,GIN,Moon Trainer,Good things come to those who wait and REV feels this deep in her bones. Her charisma and nobleness make her a magnet to those around her.,,78,REV,New Moon,https://ipfs.tothemoon.net/ipfs/QmYb57xy68eq5MZrGxeCR4SAmmpxu8j9U4wcwxxrADe6f8,Female,Patience,Intuition,Conscientousness,Enthusiasm,Charm,2,1,3,,
Character,MTR,Moon,1,Asia,GIN,Moon Trainer,Good things come to those who wait and REV feels this deep in her bones. Her charisma and nobleness make her a magnet to those around her.,,3,REV,New Moon,https://ipfs.tothemoon.net/ipfs/QmewJJ4dk8P6iRzPygpdLKb1jxv6SM6nrrGRviQJC88sDD,Female,Patience,Intuition,Conscientousness,Enthusiasm,Charm,1,1,2,,
Character,MTR,Moon,1,Africa,GIN,Moon Trainer,Good things come to those who wait and REV feels this deep in her bones. Her charisma and nobleness make her a magnet to those around her.,,74,REV,New Moon,https://ipfs.tothemoon.net/ipfs/QmVLZrDpr474sUDTxdrHTvea8cGXoSMgx8u6d4h44yBzDa,Female,Patience,Intuition,Conscientousness,Enthusiasm,Charm,3,1,2,,
Character,MTR,Moon,1,Asia,GIN,Moon Trainer,Good things come to those who wait and REV feels this deep in her bones. Her charisma and nobleness make her a magnet to those around her.,,9,REV,New Moon,https://ipfs.tothemoon.net/ipfs/QmQh66g9BUnDVw5qcGz2aeP2FhHtZsTDfwaCDbqY9sApyY,Female,Patience,Intuition,Conscientousness,Enthusiasm,Charm,2,2,1,,
Character,MTR,Moon,1,Europe,GIN,Moon Trainer,Good things come to those who wait and REV feels this deep in her bones. Her charisma and nobleness make her a magnet to those around her.,,52,REV,New Moon,https://ipfs.tothemoon.net/ipfs/QmSguxjA9QVHQjahJYu6o8VjzUfQre2xYn9VHPoRTmHNF1,Female,Patience,Intuition,Conscientousness,Enthusiasm,Charm,1,1,3,,
Character,MTR,Moon,1,North America,GIN,Moon Trainer,Good things come to those who wait and REV feels this deep in her bones. Her charisma and nobleness make her a magnet to those around her.,,29,REV,New Moon,https://ipfs.tothemoon.net/ipfs/QmbKJMyU7paFjUZCnywQVfTNvUXVEcCxt28WRoW42BaQqj,Female,Patience,Intuition,Conscientousness,Enthusiasm,Charm,2,1,2,,
Character,MTR,Moon,1,Europe,GIN,Moon Trainer,Good things come to those who wait and REV feels this deep in her bones. Her charisma and nobleness make her a magnet to those around her.,,48,REV,New Moon,https://ipfs.tothemoon.net/ipfs/QmSo8KBRwZA2mqzBoqYYbVqpokJgeSosiNGYbcCgMcxnb3,Female,Patience,Intuition,Conscientousness,Enthusiasm,Charm,3,2,2,,
Character,MTR,Moon,1,Africa,GIN,Moon Trainer,Good things come to those who wait and REV feels this deep in her bones. Her charisma and nobleness make her a magnet to those around her.,,67,REV,New Moon,https://ipfs.tothemoon.net/ipfs/QmUkzecWdLgYBm5p9LwVL9VUYXJSEpwfAePdswfcrSdKRb,Female,Patience,Intuition,Conscientousness,Enthusiasm,Charm,3,1,1,,
Character,MTR,Moon,1,North America,GIN,Moon Trainer,Good things come to those who wait and REV feels this deep in her bones. Her charisma and nobleness make her a magnet to those around her.,,39,REV,New Moon,https://ipfs.tothemoon.net/ipfs/Qmb6Y1FpH8GeffiW8n5btqS1ERFFpZytLv8yfmobtVQH47,Female,Patience,Intuition,Conscientousness,Enthusiasm,Charm,3,2,1,,
Character,MTR,Moon,1,Africa,GIN,Moon Trainer,Good things come to those who wait and REV feels this deep in her bones. Her charisma and nobleness make her a magnet to those around her.,,79,REV,New Moon,https://ipfs.tothemoon.net/ipfs/QmNd4Q8YycDpWC3HS4WCjq2sVp8kd1ELJDV5aDLA3q2QAE,Female,Patience,Intuition,Conscientousness,Enthusiasm,Charm,3,3,3,,
Character,MTR,Moon,1,South America,GIN,Moon Trainer,Good things come to those who wait and REV feels this deep in her bones. Her charisma and nobleness make her a magnet to those around her.,,91,REV,New Moon,https://ipfs.tothemoon.net/ipfs/QmcDs6GSZZXGSFyGdsAogpatAW5doqy65hyYpkRnpBWfei,Female,Patience,Intuition,Conscientousness,Enthusiasm,Charm,3,1,3,,
Character,MTR,Moon,1,Asia,GIN,Moon Trainer,Good things come to those who wait and REV feels this deep in her bones. Her charisma and nobleness make her a magnet to those around her.,,5,REV,New Moon,https://ipfs.tothemoon.net/ipfs/QmPUYEu29Ln49KZr3DWwiyL7xPsFE2rvysjkQ7gZd93PVK,Female,Patience,Intuition,Conscientousness,Enthusiasm,Charm,1,3,2,,
Character,MTR,Moon,1,Asia,GIN,Moon Trainer,Good things come to those who wait and REV feels this deep in her bones. Her charisma and nobleness make her a magnet to those around her.,,6,REV,New Moon,https://ipfs.tothemoon.net/ipfs/QmZEUsHyx5f8RqX14D7cZFYjwsyrYTj4xzLToRaL9BrEyJ,Female,Patience,Intuition,Conscientousness,Enthusiasm,Charm,1,3,1,,
Character,MTR,Moon,1,Europe,GIN,Moon Trainer,Good things come to those who wait and REV feels this deep in her bones. Her charisma and nobleness make her a magnet to those around her.,,50,REV,New Moon,https://ipfs.tothemoon.net/ipfs/QmdLRgd8PG6CiBET1hatfYM78bvhEuBjiRmVoyRnhovyyW,Female,Patience,Intuition,Conscientousness,Enthusiasm,Charm,3,3,3,,
Character,MTR,Moon,1,Asia,GIN,Moon Trainer,Good things come to those who wait and REV feels this deep in her bones. Her charisma and nobleness make her a magnet to those around her.,,15,REV,New Moon,https://ipfs.tothemoon.net/ipfs/QmR3KFMBjexLWHVvt85En2wTCbjqRGo3gCrk1PGPZCiGdj,Female,Patience,Intuition,Conscientousness,Enthusiasm,Charm,1,2,2,,
Character,MTR,Moon,1,North America,GIN,Moon Trainer,Good things come to those who wait and REV feels this deep in her bones. Her charisma and nobleness make her a magnet to those around her.,,41,REV,New Moon,https://ipfs.tothemoon.net/ipfs/QmYVMvbSKaCk1bxMW4qNM61x5hw31N6p72wANTvWH7f8nW,Female,Patience,Intuition,Conscientousness,Enthusiasm,Charm,2,3,1,,
Character,MTR,Moon,1,Asia,GIN,Moon Trainer,Good things come to those who wait and REV feels this deep in her bones. Her charisma and nobleness make her a magnet to those around her.,,4,REV,New Moon,https://ipfs.tothemoon.net/ipfs/QmcSsvrGfRekz5mKqmPqQJptP9STVQs9q6nUfPTBx4sAGs,Female,Patience,Intuition,Conscientousness,Enthusiasm,Charm,3,3,2,,
Character,MTR,Moon,1,Africa,GIN,Moon Trainer,Good things come to those who wait and REV feels this deep in her bones. Her charisma and nobleness make her a magnet to those around her.,,66,REV,New Moon,https://ipfs.tothemoon.net/ipfs/QmR83ud1U3F18EF5wwg2tZXXkJoJtgiDVXJGLTLgMi5Hb7,Female,Patience,Intuition,Conscientousness,Enthusiasm,Charm,3,3,1,,
Character,MTR,Moon,1,Asia,GIN,Moon Trainer,Good things come to those who wait and REV feels this deep in her bones. Her charisma and nobleness make her a magnet to those around her.,,14,REV,New Moon,https://ipfs.tothemoon.net/ipfs/QmNZikCFU2XDZPocjuWD5Z9T7MchB2Y8PFqyqNtwvETRUa,Female,Patience,Intuition,Conscientousness,Enthusiasm,Charm,1,1,3,,
Character,MTR,Moon,1,Asia,GIN,Moon Trainer,Good things come to those who wait and REV feels this deep in her bones. Her charisma and nobleness make her a magnet to those around her.,,25,REV,New Moon,https://ipfs.tothemoon.net/ipfs/QmQdQ18GZzSg97GTm7kUak9aPcyPcDR72xU5EVdvc5Khbk,Female,Patience,Intuition,Conscientousness,Enthusiasm,Charm,1,3,3,,
Character,MTR,Moon,1,Europe,GIN,Moon Trainer,Good things come to those who wait and REV feels this deep in her bones. Her charisma and nobleness make her a magnet to those around her.,,59,REV,New Moon,https://ipfs.tothemoon.net/ipfs/QmcSt98wyu9W6XQMBVjgfv4ozv3kcs6QCfCrDsAzoQnea5,Female,Patience,Intuition,Conscientousness,Enthusiasm,Charm,2,1,1,,
Character,MTR,Moon,1,Asia,GIN,Moon Trainer,Good things come to those who wait and REV feels this deep in her bones. Her charisma and nobleness make her a magnet to those around her.,,11,REV,New Moon,https://ipfs.tothemoon.net/ipfs/QmNMzgPvhqNnxUoGXDXEKXEQioKz8H7PJzxXHtDmkW4mYn,Female,Patience,Intuition,Conscientousness,Enthusiasm,Charm,3,3,2,,
Character,MTR,Moon,1,Asia,GIN,Moon Trainer,Good things come to those who wait and REV feels this deep in her bones. Her charisma and nobleness make her a magnet to those around her.,,10,REV,New Moon,https://ipfs.tothemoon.net/ipfs/QmRHeEEbQcm1zcdGtcXDzPTKJAmSy5mXsaPVajvDb3j18y,Female,Patience,Intuition,Conscientousness,Enthusiasm,Charm,2,2,3,,
Character,MTR,Moon,1,North America,GIN,Moon Trainer,Good things come to those who wait and REV feels this deep in her bones. Her charisma and nobleness make her a magnet to those around her.,,44,REV,New Moon,https://ipfs.tothemoon.net/ipfs/QmVxRUpGhHYBCJpedK1SCyZ1qKgorRiEQ911JMzwzhVcb6,Female,Patience,Intuition,Conscientousness,Enthusiasm,Charm,3,1,2,,
Character,MTR,Moon,1,Africa,GIN,Moon Trainer,Good things come to those who wait and REV feels this deep in her bones. Her charisma and nobleness make her a magnet to those around her.,,75,REV,New Moon,https://ipfs.tothemoon.net/ipfs/QmRpMvjQ5sJ545v6krvE2DcRjYGzJ62WcX8CF4VsZHiL6d,Female,Patience,Intuition,Conscientousness,Enthusiasm,Charm,2,3,2,,
Character,MTR,Moon,1,Asia,GIN,Moon Trainer,Good things come to those who wait and REV feels this deep in her bones. Her charisma and nobleness make her a magnet to those around her.,,13,REV,New Moon,https://ipfs.tothemoon.net/ipfs/QmNrrFLJ8ZKGYxFXpk8WLXBbQeuAWZ6sj6bEWU3aF7sENq,Female,Patience,Intuition,Conscientousness,Enthusiasm,Charm,1,2,1,,
Character,MTR,Moon,1,North America,GIN,Moon Trainer,Good things come to those who wait and REV feels this deep in her bones. Her charisma and nobleness make her a magnet to those around her.,,31,REV,New Moon,https://ipfs.tothemoon.net/ipfs/QmcuUQtRmCEiYHbhctsvNrbaA2wZFLmBYzL5x9H2zPZhen,Female,Patience,Intuition,Conscientousness,Enthusiasm,Charm,2,3,3,,
Character,MTR,Moon,1,Europe,GIN,Moon Trainer,Good things come to those who wait and REV feels this deep in her bones. Her charisma and nobleness make her a magnet to those around her.,,55,REV,New Moon,https://ipfs.tothemoon.net/ipfs/QmV8hmYxL177w9r4iYt2kvy55fKaDaTucChPoU6sTAHAfA,Female,Patience,Intuition,Conscientousness,Enthusiasm,Charm,2,2,1,,
Character,MTR,Moon,1,Australia,GIN,Moon Trainer,Good things come to those who wait and REV feels this deep in her bones. Her charisma and nobleness make her a magnet to those around her.,,97,REV,New Moon,https://ipfs.tothemoon.net/ipfs/QmTHJWmtMnZFQzvdD6KZea2sH7fEj34ppcwjaku2FbEcfG,Female,Patience,Intuition,Conscientousness,Enthusiasm,Charm,2,2,3,,
Character,MTR,Moon,1,North America,GIN,Moon Trainer,Good things come to those who wait and REV feels this deep in her bones. Her charisma and nobleness make her a magnet to those around her.,,45,REV,New Moon,https://ipfs.tothemoon.net/ipfs/QmUpW9HSm8dqahfRWBNshzgBpuVHKoNqRwk3pbn582hfjX,Female,Patience,Intuition,Conscientousness,Enthusiasm,Charm,2,2,2,,
Character,MTR,Moon,1,Asia,GIN,Moon Trainer,Good things come to those who wait and REV feels this deep in her bones. Her charisma and nobleness make her a magnet to those around her.,,12,REV,New Moon,https://ipfs.tothemoon.net/ipfs/QmdNzemMXQg6aQNLrsgbZXShb915YTpkgctZiXXzhmB9vq,Female,Patience,Intuition,Conscientousness,Enthusiasm,Charm,3,3,3,,
Character,MTR,Moon,1,Asia,GIN,Moon Trainer,Good things come to those who wait and REV feels this deep in her bones. Her charisma and nobleness make her a magnet to those around her.,,23,REV,New Moon,https://ipfs.tothemoon.net/ipfs/QmbKBk5y9y8EuWfsjX2H5cqZHQUvqiwCgDQAwT28Ah1TeQ,Female,Patience,Intuition,Conscientousness,Enthusiasm,Charm,1,3,3,,
Character,MTR,Moon,1,North America,GIN,Moon Trainer,Good things come to those who wait and REV feels this deep in her bones. Her charisma and nobleness make her a magnet to those around her.,,36,REV,New Moon,https://ipfs.tothemoon.net/ipfs/QmScAYHdyHqEozdnrVsetFyvQUetwntBvzec6dnCRca3Vg,Female,Patience,Intuition,Conscientousness,Enthusiasm,Charm,1,3,1,,
Character,MTR,Moon,1,Europe,GIN,Moon Trainer,Good things come to those who wait and REV feels this deep in her bones. Her charisma and nobleness make her a magnet to those around her.,,47,REV,New Moon,https://ipfs.tothemoon.net/ipfs/QmPCWb4KveaKpB6T4mKysiziFX5kSQZfGhUDnMkfJRQU19,Female,Patience,Intuition,Conscientousness,Enthusiasm,Charm,3,1,1,,
Character,MTR,Moon,1,Europe,GIN,Moon Trainer,Good things come to those who wait and REV feels this deep in her bones. Her charisma and nobleness make her a magnet to those around her.,,57,REV,New Moon,https://ipfs.tothemoon.net/ipfs/QmchkbuS56FUFhTb7tgNc5nZSx4B8nvkP4aK8xpCoAi29r,Female,Patience,Intuition,Conscientousness,Enthusiasm,Charm,2,3,3,,
Character,MTR,Moon,1,Asia,GIN,Moon Trainer,Good things come to those who wait and REV feels this deep in her bones. Her charisma and nobleness make her a magnet to those around her.,,8,REV,New Moon,https://ipfs.tothemoon.net/ipfs/QmbbUUWoWaURq8QeApkhHKYPUdMEXcUHCYcwDgXENHuDvc,Female,Patience,Intuition,Conscientousness,Enthusiasm,Charm,1,3,1,,
Character,MTR,Moon,1,North America,GIN,Moon Trainer,Good things come to those who wait and REV feels this deep in her bones. Her charisma and nobleness make her a magnet to those around her.,,40,REV,New Moon,https://ipfs.tothemoon.net/ipfs/QmY7bfwjPNy9zfdsBdxUrhSiGM1w8mydsypM7HrC2XqHkt,Female,Patience,Intuition,Conscientousness,Enthusiasm,Charm,3,2,2,,
Character,MTR,Moon,1,Asia,GIN,Moon Trainer,Good things come to those who wait and REV feels this deep in her bones. Her charisma and nobleness make her a magnet to those around her.,,1,REV,New Moon,https://ipfs.tothemoon.net/ipfs/Qmeb6ssTkQW21VdsXsNCh8fhiS3KXEYwPfZDZ3oisCjCs6,Female,Patience,Intuition,Conscientousness,Enthusiasm,Charm,1,1,2,,
Character,MTR,Moon,1,North America,GIN,Moon Trainer,Good things come to those who wait and REV feels this deep in her bones. Her charisma and nobleness make her a magnet to those around her.,,37,REV,New Moon,https://ipfs.tothemoon.net/ipfs/QmaYHq7ciMhQA7L51cPPAgxvrJxWinPVqUHoDkcJvLkhky,Female,Patience,Intuition,Conscientousness,Enthusiasm,Charm,3,1,1,,
Character,MTR,Moon,1,North America,GIN,Moon Trainer,Good things come to those who wait and REV feels this deep in her bones. Her charisma and nobleness make her a magnet to those around her.,,33,REV,New Moon,https://ipfs.tothemoon.net/ipfs/QmeDcX9bmiVetRcCUnep9YYLCL8mjccFTmz2RehTKVfr46,Female,Patience,Intuition,Conscientousness,Enthusiasm,Charm,3,3,3,,
Character,MTR,Moon,1,North America,GIN,Moon Trainer,Good things come to those who wait and REV feels this deep in her bones. Her charisma and nobleness make her a magnet to those around her.,,42,REV,New Moon,https://ipfs.tothemoon.net/ipfs/QmZJVTYov9ej72vLgV9W69Sq5r2SG9bQg359i2z1EVVHJ8,Female,Patience,Intuition,Conscientousness,Enthusiasm,Charm,2,3,3,,
Character,MTR,Moon,1,Africa,GIN,Moon Trainer,Good things come to those who wait and REV feels this deep in her bones. Her charisma and nobleness make her a magnet to those around her.,,80,REV,New Moon,https://ipfs.tothemoon.net/ipfs/QmZxXxxGMeqVu8nBg32wrT94oMkvxUbdvQcxr5e513AgC7,Female,Patience,Intuition,Conscientousness,Enthusiasm,Charm,1,3,3,,
Character,MTR,Moon,1,Europe,GIN,Moon Trainer,Good things come to those who wait and REV feels this deep in her bones. Her charisma and nobleness make her a magnet to those around her.,,65,REV,New Moon,https://ipfs.tothemoon.net/ipfs/QmRon2hWg9nneYVvcYSMzG4ez2KiWbU9Ndz2PMMwQq6Bem,Female,Patience,Intuition,Conscientousness,Enthusiasm,Charm,1,1,1,,
Character,MTR,Moon,1,South America,GIN,Moon Trainer,Good things come to those who wait and REV feels this deep in her bones. Her charisma and nobleness make her a magnet to those around her.,,81,REV,New Moon,https://ipfs.tothemoon.net/ipfs/QmPQTZDZ33ND3Qug6UwUmUgZiyAZRKWmKzBSNp7Dn2KjCp,Female,Patience,Intuition,Conscientousness,Enthusiasm,Charm,1,2,2,,
Character,MTR,Moon,1,South America,GIN,Moon Trainer,Good things come to those who wait and REV feels this deep in her bones. Her charisma and nobleness make her a magnet to those around her.,,95,REV,New Moon,https://ipfs.tothemoon.net/ipfs/QmdTFtNkFRGYQc973ASXWXexV11NjWphkr1R4o8cqDo4ua,Female,Patience,Intuition,Conscientousness,Enthusiasm,Charm,3,3,3,,
Character,MTR,Moon,1,Australia,GIN,Moon Trainer,Good things come to those who wait and REV feels this deep in her bones. Her charisma and nobleness make her a magnet to those around her.,,98,REV,New Moon,https://ipfs.tothemoon.net/ipfs/QmaKaxHfwgoxVMDLmaJ3NCo8RPp4aR6ypAFc8EcBWYRsQD,Female,Patience,Intuition,Conscientousness,Enthusiasm,Charm,1,1,2,,
Character,MTR,Moon,1,Africa,GIN,Moon Trainer,Good things come to those who wait and REV feels this deep in her bones. Her charisma and nobleness make her a magnet to those around her.,,72,REV,New Moon,https://ipfs.tothemoon.net/ipfs/QmbTvkGKqtY1Xhx4aBLzfvuvNxYut5s9Pg9sjQR766TsL7,Female,Patience,Intuition,Conscientousness,Enthusiasm,Charm,1,1,1,,
Character,MTR,Moon,1,Europe,GIN,Moon Trainer,Good things come to those who wait and REV feels this deep in her bones. Her charisma and nobleness make her a magnet to those around her.,,58,REV,New Moon,https://ipfs.tothemoon.net/ipfs/QmUAFKR77nvfiVBxd6JzABBuhAa2HCijLzoJY57y3gbwm1,Female,Patience,Intuition,Conscientousness,Enthusiasm,Charm,3,2,3,,
Character,MTR,Moon,1,Europe,GIN,Moon Trainer,Good things come to those who wait and REV feels this deep in her bones. Her charisma and nobleness make her a magnet to those around her.,,51,REV,New Moon,https://ipfs.tothemoon.net/ipfs/QmaUJCFwLeDvDFu7UiQytbBRKQd44QWwy6Uc7D2ceRR7hd,Female,Patience,Intuition,Conscientousness,Enthusiasm,Charm,3,3,2,,
Character,MTR,Moon,1,Asia,GIN,Moon Trainer,Good things come to those who wait and REV feels this deep in her bones. Her charisma and nobleness make her a magnet to those around her.,,18,REV,New Moon,https://ipfs.tothemoon.net/ipfs/QmTG9xo6CEnzqFAA93NtuHcZjM9zQWmY926YUiDWzojQ51,Female,Patience,Intuition,Conscientousness,Enthusiasm,Charm,2,3,1,,
Character,MTR,Moon,1,North America,GIN,Moon Trainer,Good things come to those who wait and REV feels this deep in her bones. Her charisma and nobleness make her a magnet to those around her.,,43,REV,New Moon,https://ipfs.tothemoon.net/ipfs/QmNbnEqAtYuzwKnN8Hbfo4crbVdPrZKAPqvUsrrAa2yzHU,Female,Patience,Intuition,Conscientousness,Enthusiasm,Charm,3,2,2,,
Character,MTR,Moon,1,Asia,GIN,Moon Trainer,Good things come to those who wait and REV feels this deep in her bones. Her charisma and nobleness make her a magnet to those around her.,,21,REV,New Moon,https://ipfs.tothemoon.net/ipfs/QmaxAcD8bf3c3pucs7eAJLBvDvzejtMPvBAyLCKLHoa1Fk,Female,Patience,Intuition,Conscientousness,Enthusiasm,Charm,3,2,3,,
Character,MTR,Moon,1,Europe,GIN,Moon Trainer,Good things come to those who wait and REV feels this deep in her bones. Her charisma and nobleness make her a magnet to those around her.,,64,REV,New Moon,https://ipfs.tothemoon.net/ipfs/QmVm8BsNNniKkXiSLaHq3to3Q1C2ubVq6sVar3HSDsAkQW,Female,Patience,Intuition,Conscientousness,Enthusiasm,Charm,1,2,3,,
Character,MTR,Moon,1,South America,GIN,Moon Trainer,Good things come to those who wait and REV feels this deep in her bones. Her charisma and nobleness make her a magnet to those around her.,,93,REV,New Moon,https://ipfs.tothemoon.net/ipfs/QmRxzzo3haK9ESD4QjRsXPeSMxsTFe3XX5v76X56h1sv1b,Female,Patience,Intuition,Conscientousness,Enthusiasm,Charm,2,3,2,,
Character,MTA,Moon,1,Europe,GIN,Moon Trainer,"There is a time to wait, and a time to create, and AXL always knows what’s the time for what. His kindness and humor make him a valued member of the Moon Trainer team as he always keeps the gang in good spirits.",,53,AXL,Waxing Crescent,https://ttm.mypinata.cloud/ipfs/QmTjaz43t13PGFFWThp8vPXBJwd9Z3uwJz6yUKyC7tJNKH,Male,Patience,Wisdom,Imagination,Wit,Humility,2,2,1,,
Character,MTA,Moon,1,Africa,GIN,Moon Trainer,"There is a time to wait, and a time to create, and AXL always knows what’s the time for what. His kindness and humor make him a valued member of the Moon Trainer team as he always keeps the gang in good spirits.",,68,AXL,Waxing Crescent,https://ttm.mypinata.cloud/ipfs/QmUyn5C152ZKWvEddfPLbTQpuCnWXuhBMCL5gBWa92EHjZ,Male,Patience,Wisdom,Imagination,Wit,Humility,2,3,1,,
Character,MTA,Moon,1,Asia,GIN,Moon Trainer,"There is a time to wait, and a time to create, and AXL always knows what’s the time for what. His kindness and humor make him a valued member of the Moon Trainer team as he always keeps the gang in good spirits.",,16,AXL,Waxing Crescent,https://ttm.mypinata.cloud/ipfs/QmQhV2AU4Ye6pKrni6N5E8R1xZvHBV2BqGyXCqBHnqxGp9,Male,Patience,Wisdom,Imagination,Wit,Humility,3,3,1,,
Character,MTA,Moon,1,South America,GIN,Moon Trainer,"There is a time to wait, and a time to create, and AXL always knows what’s the time for what. His kindness and humor make him a valued member of the Moon Trainer team as he always keeps the gang in good spirits.",,83,AXL,Waxing Crescent,https://ttm.mypinata.cloud/ipfs/QmUEQMffR8UPJa7v4EkcrFT35o6QPyMKbMNXPo43RszpZ9,Male,Patience,Wisdom,Imagination,Wit,Humility,2,1,3,,
Character,MTA,Moon,1,Europe,GIN,Moon Trainer,"There is a time to wait, and a time to create, and AXL always knows what’s the time for what. His kindness and humor make him a valued member of the Moon Trainer team as he always keeps the gang in good spirits.",,63,AXL,Waxing Crescent,https://ttm.mypinata.cloud/ipfs/QmfPpoPExYrwX38FAfY8gBhetipn1eAGWWdakrXfh2mqCM,Male,Patience,Wisdom,Imagination,Wit,Humility,1,1,2,,
Character,MTA,Moon,1,Australia,GIN,Moon Trainer,"There is a time to wait, and a time to create, and AXL always knows what’s the time for what. His kindness and humor make him a valued member of the Moon Trainer team as he always keeps the gang in good spirits.",,99,AXL,Waxing Crescent,https://ttm.mypinata.cloud/ipfs/QmUD3ZSmRDECi1VHwaSngNkeH1fNCzE9tTyh2zNeoL3kne,Male,Patience,Wisdom,Imagination,Wit,Humility,2,2,1,,
Character,MTA,Moon,1,Africa,GIN,Moon Trainer,"There is a time to wait, and a time to create, and AXL always knows what’s the time for what. His kindness and humor make him a valued member of the Moon Trainer team as he always keeps the gang in good spirits.",,76,AXL,Waxing Crescent,https://ttm.mypinata.cloud/ipfs/QmWVZFxQBG5VpR8XAjGGx6CW1kDXHR7YCcfBU6BiUoZAJo,Male,Patience,Wisdom,Imagination,Wit,Humility,2,1,2,,
Character,MTA,Moon,1,Australia,GIN,Moon Trainer,"There is a time to wait, and a time to create, and AXL always knows what’s the time for what. His kindness and humor make him a valued member of the Moon Trainer team as he always keeps the gang in good spirits.",,96,AXL,Waxing Crescent,https://ttm.mypinata.cloud/ipfs/QmXpTwj6cW4VkppMM47G4hyMBjdZfXDGSdQX9xnFgNmBbi,Male,Patience,Wisdom,Imagination,Wit,Humility,1,2,1,,
Character,MTA,Moon,1,Europe,GIN,Moon Trainer,"There is a time to wait, and a time to create, and AXL always knows what’s the time for what. His kindness and humor make him a valued member of the Moon Trainer team as he always keeps the gang in good spirits.",,60,AXL,Waxing Crescent,https://ttm.mypinata.cloud/ipfs/QmZ6u9ikhoC4NhZ6SnQhd79gzCuTLNHsRoWKsNRG21iF93,Male,Patience,Wisdom,Imagination,Wit,Humility,2,3,1,,
Character,MTA,Moon,1,South America,GIN,Moon Trainer,"There is a time to wait, and a time to create, and AXL always knows what’s the time for what. His kindness and humor make him a valued member of the Moon Trainer team as he always keeps the gang in good spirits.",,88,AXL,Waxing Crescent,https://ttm.mypinata.cloud/ipfs/QmfFqqB6CQHrw4fRfVg8umoKj73r7oGbiWsdUVUS3mRi8b,Male,Patience,Wisdom,Imagination,Wit,Humility,1,2,3,,
Character,MTA,Moon,1,North America,GIN,Moon Trainer,"There is a time to wait, and a time to create, and AXL always knows what’s the time for what. His kindness and humor make him a valued member of the Moon Trainer team as he always keeps the gang in good spirits.",,35,AXL,Waxing Crescent,https://ttm.mypinata.cloud/ipfs/QmZeSuJiSuSdGPyjVk1LbViXUaLoJfcpGtVEFSXdbv3eer,Male,Patience,Wisdom,Imagination,Wit,Humility,1,1,3,,
Character,MTA,Moon,1,North America,GIN,Moon Trainer,"There is a time to wait, and a time to create, and AXL always knows what’s the time for what. His kindness and humor make him a valued member of the Moon Trainer team as he always keeps the gang in good spirits.",,34,AXL,Waxing Crescent,https://ttm.mypinata.cloud/ipfs/QmbjcG6w1SfpGSnkBSjG6FH9w7TCCumbWDaN66TuBwL5Bc,Male,Patience,Wisdom,Imagination,Wit,Humility,2,2,2,,
Character,MTA,Moon,1,Antarctica,GIN,Moon Trainer,"There is a time to wait, and a time to create, and AXL always knows what’s the time for what. His kindness and humor make him a valued member of the Moon Trainer team as he always keeps the gang in good spirits.",,100,AXL,Waxing Crescent,https://ttm.mypinata.cloud/ipfs/Qmex6crCmAF7bt9u1xz2TCj4iArGRMDe1wKHiSKis8fEaw,Male,Patience,Wisdom,Imagination,Wit,Humility,3,3,1,,
Character,MTA,Moon,1,Asia,GIN,Moon Trainer,"There is a time to wait, and a time to create, and AXL always knows what’s the time for what. His kindness and humor make him a valued member of the Moon Trainer team as he always keeps the gang in good spirits.",,19,AXL,Waxing Crescent,https://ttm.mypinata.cloud/ipfs/QmWAgeyusEKCTYpnbGpM9aWyR5ZTTBrKKMmkUd4MUrZVDV,Male,Patience,Wisdom,Imagination,Wit,Humility,3,2,3,,
Character,MTA,Moon,1,South America,GIN,Moon Trainer,"There is a time to wait, and a time to create, and AXL always knows what’s the time for what. His kindness and humor make him a valued member of the Moon Trainer team as he always keeps the gang in good spirits.",,82,AXL,Waxing Crescent,https://ttm.mypinata.cloud/ipfs/QmPHQezsvwpHPQKouJhP43Fs8EM8QS5xtweWsFfN2PStoP,Male,Patience,Wisdom,Imagination,Wit,Humility,3,1,1,,
Character,MTA,Moon,1,Africa,GIN,Moon Trainer,"There is a time to wait, and a time to create, and AXL always knows what’s the time for what. His kindness and humor make him a valued member of the Moon Trainer team as he always keeps the gang in good spirits.",,77,AXL,Waxing Crescent,https://ttm.mypinata.cloud/ipfs/QmZmbaWVC5th7hcjgwXwYUNbi2kDuinvXNMS1hunyQZCnh,Male,Patience,Wisdom,Imagination,Wit,Humility,2,1,3,,
Character,MTA,Moon,1,Europe,GIN,Moon Trainer,"There is a time to wait, and a time to create, and AXL always knows what’s the time for what. His kindness and humor make him a valued member of the Moon Trainer team as he always keeps the gang in good spirits.",,54,AXL,Waxing Crescent,https://ttm.mypinata.cloud/ipfs/QmX3S4QFQ7xURx3rxr4B9BL1LcrNp6mmbQ2MK3XUYu2xxS,Male,Patience,Wisdom,Imagination,Wit,Humility,1,1,3,,
Character,MTA,Moon,1,South America,GIN,Moon Trainer,"There is a time to wait, and a time to create, and AXL always knows what’s the time for what. His kindness and humor make him a valued member of the Moon Trainer team as he always keeps the gang in good spirits.",,87,AXL,Waxing Crescent,https://ttm.mypinata.cloud/ipfs/QmPNkYpvGfT5wi9GTmucNpoTgxP28TBBjBMWyeMb5r1mtD,Male,Patience,Wisdom,Imagination,Wit,Humility,2,2,2,,
Character,MTA,Moon,1,Europe,GIN,Moon Trainer,"There is a time to wait, and a time to create, and AXL always knows what’s the time for what. His kindness and humor make him a valued member of the Moon Trainer team as he always keeps the gang in good spirits.",,46,AXL,Waxing Crescent,https://ttm.mypinata.cloud/ipfs/QmSvKcgpCZVLP8HwECAtLhEP3ditx1ZGZLD8fuqZuZiWL7,Male,Patience,Wisdom,Imagination,Wit,Humility,3,1,3,,
Character,MTA,Moon,1,Europe,GIN,Moon Trainer,"There is a time to wait, and a time to create, and AXL always knows what’s the time for what. His kindness and humor make him a valued member of the Moon Trainer team as he always keeps the gang in good spirits.",,61,AXL,Waxing Crescent,https://ttm.mypinata.cloud/ipfs/QmPweBUEqPQVXssMBaG6qefY7L8jvcYHDuHfUGCSQd7GKb,Male,Patience,Wisdom,Imagination,Wit,Humility,1,2,2,,
Character,MTA,Moon,1,Asia,GIN,Moon Trainer,"There is a time to wait, and a time to create, and AXL always knows what’s the time for what. His kindness and humor make him a valued member of the Moon Trainer team as he always keeps the gang in good spirits.",,7,AXL,Waxing Crescent,https://ttm.mypinata.cloud/ipfs/QmTUtQqd8eKhA1RdSXWtoTaf2UA3zRxkPwBgNw1mv9zLM4,Male,Patience,Wisdom,Imagination,Wit,Humility,2,2,3,,
Character,MTA,Moon,1,South America,GIN,Moon Trainer,"There is a time to wait, and a time to create, and AXL always knows what’s the time for what. His kindness and humor make him a valued member of the Moon Trainer team as he always keeps the gang in good spirits.",,89,AXL,Waxing Crescent,https://ttm.mypinata.cloud/ipfs/QmQbj8e24zyU1UWWtGDb9CHUZqaZxwg4FVuJjUV2PKp6uE,Male,Patience,Wisdom,Imagination,Wit,Humility,1,3,1,,
Character,MTA,Moon,1,Asia,GIN,Moon Trainer,"There is a time to wait, and a time to create, and AXL always knows what’s the time for what. His kindness and humor make him a valued member of the Moon Trainer team as he always keeps the gang in good spirits.",,2,AXL,Waxing Crescent,https://ttm.mypinata.cloud/ipfs/QmPx7yJZKk8rMHoaDCdmYddBepoUdkaz8rSPzKDukEGeW1,Male,Patience,Wisdom,Imagination,Wit,Humility,1,3,2,,
Character,MTA,Moon,1,South America,GIN,Moon Trainer,"There is a time to wait, and a time to create, and AXL always knows what’s the time for what. His kindness and humor make him a valued member of the Moon Trainer team as he always keeps the gang in good spirits.",,86,AXL,Waxing Crescent,https://ttm.mypinata.cloud/ipfs/QmWgc8np5jdTAtpZniT2YeUJQ7zrn2T1sVV8JJVJtZpd5D,Male,Patience,Wisdom,Imagination,Wit,Humility,2,1,2,,
Character,MTA,Moon,1,Asia,GIN,Moon Trainer,"There is a time to wait, and a time to create, and AXL always knows what’s the time for what. His kindness and humor make him a valued member of the Moon Trainer team as he always keeps the gang in good spirits.",,22,AXL,Waxing Crescent,https://ttm.mypinata.cloud/ipfs/QmcX8M7754DM46v8TBfKjPQ9KoaHLtYJ65816iQku4Vb7M,Male,Patience,Wisdom,Imagination,Wit,Humility,1,3,3,,
Character,MTA,Moon,1,South America,GIN,Moon Trainer,"There is a time to wait, and a time to create, and AXL always knows what’s the time for what. His kindness and humor make him a valued member of the Moon Trainer team as he always keeps the gang in good spirits.",,85,AXL,Waxing Crescent,https://ttm.mypinata.cloud/ipfs/QmPtuVw3J7NwGGtBeR8vZXNyTt1DieGvnzKqMwKcT6DqET,Male,Patience,Wisdom,Imagination,Wit,Humility,1,1,1,,
Character,MTA,Moon,1,South America,GIN,Moon Trainer,"There is a time to wait, and a time to create, and AXL always knows what’s the time for what. His kindness and humor make him a valued member of the Moon Trainer team as he always keeps the gang in good spirits.",,94,AXL,Waxing Crescent,https://ttm.mypinata.cloud/ipfs/QmYHXnDcTYxDrqkmRWZRFtUuhY8BZobNrpae16W2Y4sBVJ,Male,Patience,Wisdom,Imagination,Wit,Humility,2,1,1,,
Character,MTA,Moon,1,North America,GIN,Moon Trainer,"There is a time to wait, and a time to create, and AXL always knows what’s the time for what. His kindness and humor make him a valued member of the Moon Trainer team as he always keeps the gang in good spirits.",,26,AXL,Waxing Crescent,https://ttm.mypinata.cloud/ipfs/QmY5VFVJajjGLUrAEQ13VTnQrA7QsDwdhp9thzzgCha6gG,Male,Patience,Wisdom,Imagination,Wit,Humility,1,2,3,,
Character,MTA,Moon,1,North America,GIN,Moon Trainer,"There is a time to wait, and a time to create, and AXL always knows what’s the time for what. His kindness and humor make him a valued member of the Moon Trainer team as he always keeps the gang in good spirits.",,30,AXL,Waxing Crescent,https://ttm.mypinata.cloud/ipfs/QmZxrSCC29ZteJEnhkxLB4KZCCg5d6DdzBoUzgmjrXiSjC,Male,Patience,Wisdom,Imagination,Wit,Humility,3,1,2,,
Character,MTA,Moon,1,Africa,GIN,Moon Trainer,"There is a time to wait, and a time to create, and AXL always knows what’s the time for what. His kindness and humor make him a valued member of the Moon Trainer team as he always keeps the gang in good spirits.",,70,AXL,Waxing Crescent,https://ttm.mypinata.cloud/ipfs/QmRRCTb1eao7XnEtkTiqMFm89vh8UTprfrtKX28cigZm61,Male,Patience,Wisdom,Imagination,Wit,Humility,3,2,1,,
Character,MTA,Moon,1,North America,GIN,Moon Trainer,"There is a time to wait, and a time to create, and AXL always knows what’s the time for what. His kindness and humor make him a valued member of the Moon Trainer team as he always keeps the gang in good spirits.",,27,AXL,Waxing Crescent,https://ttm.mypinata.cloud/ipfs/QmZ2r2q4tL4Cvg9ypfqPemGyT7WVoKgzksJ3a39PeRADiT,Male,Patience,Wisdom,Imagination,Wit,Humility,1,2,2,,
Character,MTA,Moon,1,South America,GIN,Moon Trainer,"There is a time to wait, and a time to create, and AXL always knows what’s the time for what. His kindness and humor make him a valued member of the Moon Trainer team as he always keeps the gang in good spirits.",,92,AXL,Waxing Crescent,https://ttm.mypinata.cloud/ipfs/QmWhVDVpDjtWoooiDCs7qDHub5qJdCPEWS6CCGfvuWD5RP,Male,Patience,Wisdom,Imagination,Wit,Humility,1,3,2,,
Character,MTA,Moon,1,Europe,GIN,Moon Trainer,"There is a time to wait, and a time to create, and AXL always knows what’s the time for what. His kindness and humor make him a valued member of the Moon Trainer team as he always keeps the gang in good spirits.",,62,AXL,Waxing Crescent,https://ttm.mypinata.cloud/ipfs/Qme2stcjJeNC1bAJZ4PfFGxhrsHuE9TkKe9pG4CSMVCfMj,Male,Patience,Wisdom,Imagination,Wit,Humility,2,3,2,,
Character,MTA,Moon,1,Europe,GIN,Moon Trainer,"There is a time to wait, and a time to create, and AXL always knows what’s the time for what. His kindness and humor make him a valued member of the Moon Trainer team as he always keeps the gang in good spirits.",,56,AXL,Waxing Crescent,https://ttm.mypinata.cloud/ipfs/QmYfa8xhymkc636ikyq8Wpkus92UXtL9D1fRkRfV5bCjAB,Male,Patience,Wisdom,Imagination,Wit,Humility,2,3,2,,
Character,MTA,Moon,1,Asia,GIN,Moon Trainer,"There is a time to wait, and a time to create, and AXL always knows what’s the time for what. His kindness and humor make him a valued member of the Moon Trainer team as he always keeps the gang in good spirits.",,20,AXL,Waxing Crescent,https://ttm.mypinata.cloud/ipfs/QmaBCngkYvXYZyJcidXRAkauuA8aA64SsTS2wBhDdJzkxJ,Male,Patience,Wisdom,Imagination,Wit,Humility,1,2,3,,
Character,MTA,Moon,1,Africa,GIN,Moon Trainer,"There is a time to wait, and a time to create, and AXL always knows what’s the time for what. His kindness and humor make him a valued member of the Moon Trainer team as he always keeps the gang in good spirits.",,73,AXL,Waxing Crescent,https://ttm.mypinata.cloud/ipfs/QmWVCje12tviKQngFZ1F5Z728aMCaVxGMYqig6rp34QnJf,Male,Patience,Wisdom,Imagination,Wit,Humility,2,1,1,,
Character,MTA,Moon,1,South America,GIN,Moon Trainer,"There is a time to wait, and a time to create, and AXL always knows what’s the time for what. His kindness and humor make him a valued member of the Moon Trainer team as he always keeps the gang in good spirits.",,84,AXL,Waxing Crescent,https://ttm.mypinata.cloud/ipfs/QmbVttNSBT6Tg95VaZow15SCRfbbB4x4MzHq5SoKPDko5w,Male,Patience,Wisdom,Imagination,Wit,Humility,1,2,1,,
Character,MTA,Moon,1,North America,GIN,Moon Trainer,"There is a time to wait, and a time to create, and AXL always knows what’s the time for what. His kindness and humor make him a valued member of the Moon Trainer team as he always keeps the gang in good spirits.",,32,AXL,Waxing Crescent,https://ttm.mypinata.cloud/ipfs/QmPjPaaRd6denjMRHRBTNPYybVh6Xi7TMDBbhNfesVwpg3,Male,Patience,Wisdom,Imagination,Wit,Humility,2,1,2,,
Character,MTA,Moon,1,Asia,GIN,Moon Trainer,"There is a time to wait, and a time to create, and AXL always knows what’s the time for what. His kindness and humor make him a valued member of the Moon Trainer team as he always keeps the gang in good spirits.",,24,AXL,Waxing Crescent,https://ttm.mypinata.cloud/ipfs/Qmcwa95huQM7J4PzSis1gsWC6EZvCvsWkA3Tx9kPbpjcCM,Male,Patience,Wisdom,Imagination,Wit,Humility,2,1,3,,
Character,MTA,Moon,1,Asia,GIN,Moon Trainer,"There is a time to wait, and a time to create, and AXL always knows what’s the time for what. His kindness and humor make him a valued member of the Moon Trainer team as he always keeps the gang in good spirits.",,17,AXL,Waxing Crescent,https://ttm.mypinata.cloud/ipfs/QmbJZrZtr4BUUWRMv94isHygc2TAGWwfQa2mdmCVW1TB84,Male,Patience,Wisdom,Imagination,Wit,Humility,2,3,3,,
Character,MTA,Moon,1,South America,GIN,Moon Trainer,"There is a time to wait, and a time to create, and AXL always knows what’s the time for what. His kindness and humor make him a valued member of the Moon Trainer team as he always keeps the gang in good spirits.",,90,AXL,Waxing Crescent,https://ttm.mypinata.cloud/ipfs/QmNfcRKPe2Jb85vh6mbnKBhzcTJuQ8tdbeS2zxc6k82nqS,Male,Patience,Wisdom,Imagination,Wit,Humility,3,1,3,,
Character,MTA,Moon,1,North America,GIN,Moon Trainer,"There is a time to wait, and a time to create, and AXL always knows what’s the time for what. His kindness and humor make him a valued member of the Moon Trainer team as he always keeps the gang in good spirits.",,28,AXL,Waxing Crescent,https://ttm.mypinata.cloud/ipfs/QmNNPStCqvj6xKRcUNhptzZ6NqTuqHSQJw71woYWH3yjHh,Male,Patience,Wisdom,Imagination,Wit,Humility,2,2,3,,
Character,MTA,Moon,1,Europe,GIN,Moon Trainer,"There is a time to wait, and a time to create, and AXL always knows what’s the time for what. His kindness and humor make him a valued member of the Moon Trainer team as he always keeps the gang in good spirits.",,49,AXL,Waxing Crescent,https://ttm.mypinata.cloud/ipfs/QmUF3TEuufjsSuvnfJspHib96LhjNdqMGqa91ARmxwFoLW,Male,Patience,Wisdom,Imagination,Wit,Humility,3,2,1,,
Character,MTA,Moon,1,Africa,GIN,Moon Trainer,"There is a time to wait, and a time to create, and AXL always knows what’s the time for what. His kindness and humor make him a valued member of the Moon Trainer team as he always keeps the gang in good spirits.",,71,AXL,Waxing Crescent,https://ttm.mypinata.cloud/ipfs/QmXPGZ72DJEGuQb5FLHt1vziJdHZZmDF9CbYBFgnfCCEcu,Male,Patience,Wisdom,Imagination,Wit,Humility,1,3,2,,
Character,MTA,Moon,1,North America,GIN,Moon Trainer,"There is a time to wait, and a time to create, and AXL always knows what’s the time for what. His kindness and humor make him a valued member of the Moon Trainer team as he always keeps the gang in good spirits.",,38,AXL,Waxing Crescent,https://ttm.mypinata.cloud/ipfs/QmRLTy8C6EBbH3ckK4i71xrUvNtHxegcp9tcHeTHNHLp71,Male,Patience,Wisdom,Imagination,Wit,Humility,1,1,1,,
Character,MTA,Moon,1,Africa,GIN,Moon Trainer,"There is a time to wait, and a time to create, and AXL always knows what’s the time for what. His kindness and humor make him a valued member of the Moon Trainer team as he always keeps the gang in good spirits.",,69,AXL,Waxing Crescent,https://ttm.mypinata.cloud/ipfs/QmNU8YabNWFimAeniLL5fH1GsPrUxaYuwKPTcH5UtVSYkj,Male,Patience,Wisdom,Imagination,Wit,Humility,2,2,2,,
Character,MTA,Moon,1,Africa,GIN,Moon Trainer,"There is a time to wait, and a time to create, and AXL always knows what’s the time for what. His kindness and humor make him a valued member of the Moon Trainer team as he always keeps the gang in good spirits.",,78,AXL,Waxing Crescent,https://ttm.mypinata.cloud/ipfs/QmeRArRZqS6PwMBrokPCs35GDKwxP2igLw7p15ehcKaFW4,Male,Patience,Wisdom,Imagination,Wit,Humility,2,1,3,,
Character,MTA,Moon,1,Asia,GIN,Moon Trainer,"There is a time to wait, and a time to create, and AXL always knows what’s the time for what. His kindness and humor make him a valued member of the Moon Trainer team as he always keeps the gang in good spirits.",,3,AXL,Waxing Crescent,https://ttm.mypinata.cloud/ipfs/Qmb5JQYASA5FspmRCWjeXULjh8NuKLpD9wxobmhd3ZzFg4,Male,Patience,Wisdom,Imagination,Wit,Humility,1,1,2,,
Character,MTA,Moon,1,Africa,GIN,Moon Trainer,"There is a time to wait, and a time to create, and AXL always knows what’s the time for what. His kindness and humor make him a valued member of the Moon Trainer team as he always keeps the gang in good spirits.",,74,AXL,Waxing Crescent,https://ttm.mypinata.cloud/ipfs/QmT1BdJ5vVg2MmfEQEiCivwYYo9KSQ7w962W7opbXPNrcX,Male,Patience,Wisdom,Imagination,Wit,Humility,3,1,2,,
Character,MTA,Moon,1,Asia,GIN,Moon Trainer,"There is a time to wait, and a time to create, and AXL always knows what’s the time for what. His kindness and humor make him a valued member of the Moon Trainer team as he always keeps the gang in good spirits.",,9,AXL,Waxing Crescent,https://ttm.mypinata.cloud/ipfs/QmYemVotfemhgVNozfoHfnFaJLAm3tQAv4pGqDbqNJmemA,Male,Patience,Wisdom,Imagination,Wit,Humility,2,2,1,,
Character,MTA,Moon,1,Europe,GIN,Moon Trainer,"There is a time to wait, and a time to create, and AXL always knows what’s the time for what. His kindness and humor make him a valued member of the Moon Trainer team as he always keeps the gang in good spirits.",,52,AXL,Waxing Crescent,https://ttm.mypinata.cloud/ipfs/QmXH2sMFL2qg2DYmPDhSpbJD7f9ioF7SfbfQXsKi8wRxYn,Male,Patience,Wisdom,Imagination,Wit,Humility,1,1,3,,
Character,MTA,Moon,1,North America,GIN,Moon Trainer,"There is a time to wait, and a time to create, and AXL always knows what’s the time for what. His kindness and humor make him a valued member of the Moon Trainer team as he always keeps the gang in good spirits.",,29,AXL,Waxing Crescent,https://ttm.mypinata.cloud/ipfs/QmZwXZbwu25hKd2nfRheDuRK2BqQkNyifWWeYK9P6BYLmi,Male,Patience,Wisdom,Imagination,Wit,Humility,2,1,2,,
Character,MTA,Moon,1,Europe,GIN,Moon Trainer,"There is a time to wait, and a time to create, and AXL always knows what’s the time for what. His kindness and humor make him a valued member of the Moon Trainer team as he always keeps the gang in good spirits.",,48,AXL,Waxing Crescent,https://ttm.mypinata.cloud/ipfs/QmQ8mnVDmzGVHUd9FDDBCictwM7HGQdj7YMy5PreXpHRX7,Male,Patience,Wisdom,Imagination,Wit,Humility,3,2,2,,
Character,MTA,Moon,1,Africa,GIN,Moon Trainer,"There is a time to wait, and a time to create, and AXL always knows what’s the time for what. His kindness and humor make him a valued member of the Moon Trainer team as he always keeps the gang in good spirits.",,67,AXL,Waxing Crescent,https://ttm.mypinata.cloud/ipfs/QmXbXSCWVj8gQf3o93hnBstkA3Xq4LqZqS4ebETpbCDirf,Male,Patience,Wisdom,Imagination,Wit,Humility,3,1,1,,
Character,MTA,Moon,1,Australia,GIN,Moon Trainer,"There is a time to wait, and a time to create, and AXL always knows what’s the time for what. His kindness and humor make him a valued member of the Moon Trainer team as he always keeps the gang in good spirits.",,97,AXL,Waxing Crescent,https://ttm.mypinata.cloud/ipfs/QmTV9d3wCWjfXSp1Hk3vJj6GoVBwtgtFW4Sam7yhjq3YQn,Male,Patience,Wisdom,Imagination,Wit,Humility,2,2,3,,
Character,MTA,Moon,1,North America,GIN,Moon Trainer,"There is a time to wait, and a time to create, and AXL always knows what’s the time for what. His kindness and humor make him a valued member of the Moon Trainer team as he always keeps the gang in good spirits.",,39,AXL,Waxing Crescent,https://ttm.mypinata.cloud/ipfs/QmXYBgy3yPvE8BTZvK9JP1RDzAhUAf4eZTd7LPKkTELNWg,Male,Patience,Wisdom,Imagination,Wit,Humility,3,2,1,,
Character,MTA,Moon,1,Africa,GIN,Moon Trainer,"There is a time to wait, and a time to create, and AXL always knows what’s the time for what. His kindness and humor make him a valued member of the Moon Trainer team as he always keeps the gang in good spirits.",,79,AXL,Waxing Crescent,https://ttm.mypinata.cloud/ipfs/QmaC65FfKRWY8bgYeHQCqNLvm9v5axGnVxjQs13oVSSfUG,Male,Patience,Wisdom,Imagination,Wit,Humility,3,3,3,,
Character,MTA,Moon,1,South America,GIN,Moon Trainer,"There is a time to wait, and a time to create, and AXL always knows what’s the time for what. His kindness and humor make him a valued member of the Moon Trainer team as he always keeps the gang in good spirits.",,91,AXL,Waxing Crescent,https://ttm.mypinata.cloud/ipfs/QmRziMggWxZBmB8SZjc9fwJoeScFefjMM6AKapnYMrNXuC,Male,Patience,Wisdom,Imagination,Wit,Humility,3,1,3,,
Character,MTA,Moon,1,Asia,GIN,Moon Trainer,"There is a time to wait, and a time to create, and AXL always knows what’s the time for what. His kindness and humor make him a valued member of the Moon Trainer team as he always keeps the gang in good spirits.",,5,AXL,Waxing Crescent,https://ttm.mypinata.cloud/ipfs/QmcyEro5Li5h6Edu6jTGMJagQGaGnRs5q87udXKvQL7WXh,Male,Patience,Wisdom,Imagination,Wit,Humility,1,3,2,,
Character,MTA,Moon,1,Asia,GIN,Moon Trainer,"There is a time to wait, and a time to create, and AXL always knows what’s the time for what. His kindness and humor make him a valued member of the Moon Trainer team as he always keeps the gang in good spirits.",,15,AXL,Waxing Crescent,https://ttm.mypinata.cloud/ipfs/QmVzq2zg8oJiajT3nTt6HN1ejHhtVLABds5o5tKHgNTseP,Male,Patience,Wisdom,Imagination,Wit,Humility,1,2,2,,
Character,MTA,Moon,1,Asia,GIN,Moon Trainer,"There is a time to wait, and a time to create, and AXL always knows what’s the time for what. His kindness and humor make him a valued member of the Moon Trainer team as he always keeps the gang in good spirits.",,6,AXL,Waxing Crescent,https://ttm.mypinata.cloud/ipfs/Qme1mCyUgkS9maSNTmcVzK9TpnoHMLzd2YyR3eeEsTyzCZ,Male,Patience,Wisdom,Imagination,Wit,Humility,1,3,1,,
Character,MTA,Moon,1,North America,GIN,Moon Trainer,"There is a time to wait, and a time to create, and AXL always knows what’s the time for what. His kindness and humor make him a valued member of the Moon Trainer team as he always keeps the gang in good spirits.",,41,AXL,Waxing Crescent,https://ttm.mypinata.cloud/ipfs/QmaFkUxxoR7de88ufCegpztedBUwFeRnJ1tjcYA2ewtbDT,Male,Patience,Wisdom,Imagination,Wit,Humility,2,3,1,,
Character,MTA,Moon,1,Asia,GIN,Moon Trainer,"There is a time to wait, and a time to create, and AXL always knows what’s the time for what. His kindness and humor make him a valued member of the Moon Trainer team as he always keeps the gang in good spirits.",,4,AXL,Waxing Crescent,https://ttm.mypinata.cloud/ipfs/QmfUMnJE7mGxL9psBzVD8eKe4yw3C9gRZaDsMpuVrSQ6uu,Male,Patience,Wisdom,Imagination,Wit,Humility,3,3,2,,
Character,MTA,Moon,1,Africa,GIN,Moon Trainer,"There is a time to wait, and a time to create, and AXL always knows what’s the time for what. His kindness and humor make him a valued member of the Moon Trainer team as he always keeps the gang in good spirits.",,66,AXL,Waxing Crescent,https://ttm.mypinata.cloud/ipfs/QmU3suBjH3yKBcKDyAcxn76RV7oNLBZcNnbQ638wUgePjw,Male,Patience,Wisdom,Imagination,Wit,Humility,3,3,1,,
Character,MTA,Moon,1,Asia,GIN,Moon Trainer,"There is a time to wait, and a time to create, and AXL always knows what’s the time for what. His kindness and humor make him a valued member of the Moon Trainer team as he always keeps the gang in good spirits.",,14,AXL,Waxing Crescent,https://ttm.mypinata.cloud/ipfs/QmUcVBMPEzFDrK8PmduojoQBxnx9YEeUKBaXp9cwdihMSw,Male,Patience,Wisdom,Imagination,Wit,Humility,1,1,3,,
Character,MTA,Moon,1,Asia,GIN,Moon Trainer,"There is a time to wait, and a time to create, and AXL always knows what’s the time for what. His kindness and humor make him a valued member of the Moon Trainer team as he always keeps the gang in good spirits.",,25,AXL,Waxing Crescent,https://ttm.mypinata.cloud/ipfs/QmTKbKTCN16RhoBgCo4CVrnTFNKNDK72tzJaq2zTPNFr3M,Male,Patience,Wisdom,Imagination,Wit,Humility,1,3,3,,
Character,MTA,Moon,1,Europe,GIN,Moon Trainer,"There is a time to wait, and a time to create, and AXL always knows what’s the time for what. His kindness and humor make him a valued member of the Moon Trainer team as he always keeps the gang in good spirits.",,59,AXL,Waxing Crescent,https://ttm.mypinata.cloud/ipfs/QmUJQT1hs7kRXiMrc7yNBRpfCYAJsiW3BSWgJcgH7Ab5BD,Male,Patience,Wisdom,Imagination,Wit,Humility,2,1,1,,
Character,MTA,Moon,1,Asia,GIN,Moon Trainer,"There is a time to wait, and a time to create, and AXL always knows what’s the time for what. His kindness and humor make him a valued member of the Moon Trainer team as he always keeps the gang in good spirits.",,11,AXL,Waxing Crescent,https://ttm.mypinata.cloud/ipfs/QmVgW8dBLinnWpbZA1Yx1i4S6GtFgLB7gTbajAbsGcFicP,Male,Patience,Wisdom,Imagination,Wit,Humility,3,3,2,,
Character,MTA,Moon,1,Asia,GIN,Moon Trainer,"There is a time to wait, and a time to create, and AXL always knows what’s the time for what. His kindness and humor make him a valued member of the Moon Trainer team as he always keeps the gang in good spirits.",,10,AXL,Waxing Crescent,https://ttm.mypinata.cloud/ipfs/QmecSnovtr2kGZgss7rEMVkZTiwTRKwmAUgsnjpaqppf7t,Male,Patience,Wisdom,Imagination,Wit,Humility,2,2,3,,
Character,MTA,Moon,1,North America,GIN,Moon Trainer,"There is a time to wait, and a time to create, and AXL always knows what’s the time for what. His kindness and humor make him a valued member of the Moon Trainer team as he always keeps the gang in good spirits.",,44,AXL,Waxing Crescent,https://ttm.mypinata.cloud/ipfs/QmQNXZFhZidMwSzSfU88omxSeorFgig4i9dhwPPJM3V9v6,Male,Patience,Wisdom,Imagination,Wit,Humility,3,1,2,,
Character,MTA,Moon,1,Africa,GIN,Moon Trainer,"There is a time to wait, and a time to create, and AXL always knows what’s the time for what. His kindness and humor make him a valued member of the Moon Trainer team as he always keeps the gang in good spirits.",,75,AXL,Waxing Crescent,https://ttm.mypinata.cloud/ipfs/QmSnwPv2fYjzUwSeQko9u6aroQVvUjo1tBZNcxSo9HkVMf,Male,Patience,Wisdom,Imagination,Wit,Humility,2,3,2,,
Character,MTA,Moon,1,Asia,GIN,Moon Trainer,"There is a time to wait, and a time to create, and AXL always knows what’s the time for what. His kindness and humor make him a valued member of the Moon Trainer team as he always keeps the gang in good spirits.",,13,AXL,Waxing Crescent,https://ttm.mypinata.cloud/ipfs/QmbtW692CyUZbr8JnnZwtQHgsT8zmjCS1m23UboLMtv5gv,Male,Patience,Wisdom,Imagination,Wit,Humility,1,2,1,,
Character,MTA,Moon,1,North America,GIN,Moon Trainer,"There is a time to wait, and a time to create, and AXL always knows what’s the time for what. His kindness and humor make him a valued member of the Moon Trainer team as he always keeps the gang in good spirits.",,31,AXL,Waxing Crescent,https://ttm.mypinata.cloud/ipfs/QmSAFK1PmPb3ZF4ZPch5yUT1svXRjXuDGo7DuwsY2apmn1,Male,Patience,Wisdom,Imagination,Wit,Humility,2,3,3,,
Character,MTA,Moon,1,Europe,GIN,Moon Trainer,"There is a time to wait, and a time to create, and AXL always knows what’s the time for what. His kindness and humor make him a valued member of the Moon Trainer team as he always keeps the gang in good spirits.",,55,AXL,Waxing Crescent,https://ttm.mypinata.cloud/ipfs/QmbzykPArbU6euBG8pL6EzVeKhPdNdPW7L3QExi6C94hD4,Male,Patience,Wisdom,Imagination,Wit,Humility,2,2,1,,
Character,MTA,Moon,1,North America,GIN,Moon Trainer,"There is a time to wait, and a time to create, and AXL always knows what’s the time for what. His kindness and humor make him a valued member of the Moon Trainer team as he always keeps the gang in good spirits.",,45,AXL,Waxing Crescent,https://ttm.mypinata.cloud/ipfs/QmTcJHXw2TmmNMahMas66Em3okArbNJ4qJzLYkcacebV2e,Male,Patience,Wisdom,Imagination,Wit,Humility,2,2,2,,
Character,MTA,Moon,1,Asia,GIN,Moon Trainer,"There is a time to wait, and a time to create, and AXL always knows what’s the time for what. His kindness and humor make him a valued member of the Moon Trainer team as he always keeps the gang in good spirits.",,12,AXL,Waxing Crescent,https://ttm.mypinata.cloud/ipfs/Qmd2iUuAY96PSBzbWDWVnExxfh6cvMe7fbcpCpHTbuuFoU,Male,Patience,Wisdom,Imagination,Wit,Humility,3,3,3,,
Character,MTA,Moon,1,Asia,GIN,Moon Trainer,"There is a time to wait, and a time to create, and AXL always knows what’s the time for what. His kindness and humor make him a valued member of the Moon Trainer team as he always keeps the gang in good spirits.",,23,AXL,Waxing Crescent,https://ttm.mypinata.cloud/ipfs/QmYMAKDR84RgmaC2igP9txj2iMaer4sWJtdF6FNiKCdNhF,Male,Patience,Wisdom,Imagination,Wit,Humility,1,3,3,,
Character,MTA,Moon,1,North America,GIN,Moon Trainer,"There is a time to wait, and a time to create, and AXL always knows what’s the time for what. His kindness and humor make him a valued member of the Moon Trainer team as he always keeps the gang in good spirits.",,36,AXL,Waxing Crescent,https://ttm.mypinata.cloud/ipfs/QmQFuxNVzTDHn71oAPR6zDcybPozjvu3fR29WSrZdEKsG4,Male,Patience,Wisdom,Imagination,Wit,Humility,1,3,1,,
Character,MTA,Moon,1,Europe,GIN,Moon Trainer,"There is a time to wait, and a time to create, and AXL always knows what’s the time for what. His kindness and humor make him a valued member of the Moon Trainer team as he always keeps the gang in good spirits.",,47,AXL,Waxing Crescent,https://ttm.mypinata.cloud/ipfs/QmddbkCuP8u31hMW6JyqkVHz6rvRbJLBr4Q292EBTyPXYH,Male,Patience,Wisdom,Imagination,Wit,Humility,3,1,1,,
Character,MTA,Moon,1,Europe,GIN,Moon Trainer,"There is a time to wait, and a time to create, and AXL always knows what’s the time for what. His kindness and humor make him a valued member of the Moon Trainer team as he always keeps the gang in good spirits.",,57,AXL,Waxing Crescent,https://ttm.mypinata.cloud/ipfs/QmeR4RqssyPnkfexPP5CtjSVZutrkv2ucZvBK9Qyx3Xx58,Male,Patience,Wisdom,Imagination,Wit,Humility,2,3,3,,
Character,MTA,Moon,1,Asia,GIN,Moon Trainer,"There is a time to wait, and a time to create, and AXL always knows what’s the time for what. His kindness and humor make him a valued member of the Moon Trainer team as he always keeps the gang in good spirits.",,8,AXL,Waxing Crescent,https://ttm.mypinata.cloud/ipfs/QmRy5w79GubK4Xprb3fDGCqEVaV3D91r9Njwq7UyRbHn3U,Male,Patience,Wisdom,Imagination,Wit,Humility,1,3,1,,
Character,MTA,Moon,1,North America,GIN,Moon Trainer,"There is a time to wait, and a time to create, and AXL always knows what’s the time for what. His kindness and humor make him a valued member of the Moon Trainer team as he always keeps the gang in good spirits.",,40,AXL,Waxing Crescent,https://ttm.mypinata.cloud/ipfs/QmWptHackMCM66gnVYbJ7MAnBapBWXA3VBCa5KVphZZKQX,Male,Patience,Wisdom,Imagination,Wit,Humility,3,2,2,,
Character,MTA,Moon,1,Asia,GIN,Moon Trainer,"There is a time to wait, and a time to create, and AXL always knows what’s the time for what. His kindness and humor make him a valued member of the Moon Trainer team as he always keeps the gang in good spirits.",,1,AXL,Waxing Crescent,https://ttm.mypinata.cloud/ipfs/QmegFogZWW6jZc8BAGrBfokMxTgXBZutzYiYvi3W1Gxs6c,Male,Patience,Wisdom,Imagination,Wit,Humility,1,1,2,,
Character,MTA,Moon,1,North America,GIN,Moon Trainer,"There is a time to wait, and a time to create, and AXL always knows what’s the time for what. His kindness and humor make him a valued member of the Moon Trainer team as he always keeps the gang in good spirits.",,37,AXL,Waxing Crescent,https://ttm.mypinata.cloud/ipfs/QmV1sieWiri6NE7t415ZKZnKBP9mWHXR1QGF8wcg1f8qfp,Male,Patience,Wisdom,Imagination,Wit,Humility,3,1,1,,
Character,MTA,Moon,1,North America,GIN,Moon Trainer,"There is a time to wait, and a time to create, and AXL always knows what’s the time for what. His kindness and humor make him a valued member of the Moon Trainer team as he always keeps the gang in good spirits.",,33,AXL,Waxing Crescent,https://ttm.mypinata.cloud/ipfs/QmNraouyuCmcQFGjHsWYJYnvmtc32dYbSeNQP7Xg8qWJVC,Male,Patience,Wisdom,Imagination,Wit,Humility,3,3,3,,
Character,MTA,Moon,1,North America,GIN,Moon Trainer,"There is a time to wait, and a time to create, and AXL always knows what’s the time for what. His kindness and humor make him a valued member of the Moon Trainer team as he always keeps the gang in good spirits.",,42,AXL,Waxing Crescent,https://ttm.mypinata.cloud/ipfs/QmZMdMXWPWXyEgVpFVCjJazHs23aKMApTJC4LtdYw96kTC,Male,Patience,Wisdom,Imagination,Wit,Humility,2,3,3,,
Character,MTA,Moon,1,Europe,GIN,Moon Trainer,"There is a time to wait, and a time to create, and AXL always knows what’s the time for what. His kindness and humor make him a valued member of the Moon Trainer team as he always keeps the gang in good spirits.",,50,AXL,Waxing Crescent,https://ttm.mypinata.cloud/ipfs/QmX1cZujjKDgTUhw2Srckn5cWysWnRstGyXdLL97LjRSbL,Male,Patience,Wisdom,Imagination,Wit,Humility,3,3,3,,
Character,MTA,Moon,1,Africa,GIN,Moon Trainer,"There is a time to wait, and a time to create, and AXL always knows what’s the time for what. His kindness and humor make him a valued member of the Moon Trainer team as he always keeps the gang in good spirits.",,80,AXL,Waxing Crescent,https://ttm.mypinata.cloud/ipfs/QmTaxUGo8Yh2Kxa6tDBhEkHrW7JW8VTgs6Eais1fUmhFTS,Male,Patience,Wisdom,Imagination,Wit,Humility,1,3,3,,
Character,MTA,Moon,1,Europe,GIN,Moon Trainer,"There is a time to wait, and a time to create, and AXL always knows what’s the time for what. His kindness and humor make him a valued member of the Moon Trainer team as he always keeps the gang in good spirits.",,65,AXL,Waxing Crescent,https://ttm.mypinata.cloud/ipfs/QmNWErxdDBSneUCBoxSYBE1ovScKw3XfD88ACCRjV19Nsc,Male,Patience,Wisdom,Imagination,Wit,Humility,1,1,1,,
Character,MTA,Moon,1,South America,GIN,Moon Trainer,"There is a time to wait, and a time to create, and AXL always knows what’s the time for what. His kindness and humor make him a valued member of the Moon Trainer team as he always keeps the gang in good spirits.",,81,AXL,Waxing Crescent,https://ttm.mypinata.cloud/ipfs/QmX8wGq3x6NFA6Gn5khvsP1jTNYvqmvkZUwCosCstejjMS,Male,Patience,Wisdom,Imagination,Wit,Humility,1,2,2,,
Character,MTA,Moon,1,South America,GIN,Moon Trainer,"There is a time to wait, and a time to create, and AXL always knows what’s the time for what. His kindness and humor make him a valued member of the Moon Trainer team as he always keeps the gang in good spirits.",,95,AXL,Waxing Crescent,https://ttm.mypinata.cloud/ipfs/QmccpeCZvbewmxdDNCP6jJ26TWxdvvU71M377r9WnJQyU4,Male,Patience,Wisdom,Imagination,Wit,Humility,3,3,3,,
Character,MTA,Moon,1,Australia,GIN,Moon Trainer,"There is a time to wait, and a time to create, and AXL always knows what’s the time for what. His kindness and humor make him a valued member of the Moon Trainer team as he always keeps the gang in good spirits.",,98,AXL,Waxing Crescent,https://ttm.mypinata.cloud/ipfs/QmPd3oCUJ8gbeqDiyHXxLJjSCFPH5WGi6HTfhQN3dFQN84,Male,Patience,Wisdom,Imagination,Wit,Humility,1,1,2,,
Character,MTA,Moon,1,Africa,GIN,Moon Trainer,"There is a time to wait, and a time to create, and AXL always knows what’s the time for what. His kindness and humor make him a valued member of the Moon Trainer team as he always keeps the gang in good spirits.",,72,AXL,Waxing Crescent,https://ttm.mypinata.cloud/ipfs/QmRtCktsJB7fPXER4ZLjLyD6ZvHfeqKkm9SqQXest7Fdx1,Male,Patience,Wisdom,Imagination,Wit,Humility,1,1,1,,
Character,MTA,Moon,1,Europe,GIN,Moon Trainer,"There is a time to wait, and a time to create, and AXL always knows what’s the time for what. His kindness and humor make him a valued member of the Moon Trainer team as he always keeps the gang in good spirits.",,58,AXL,Waxing Crescent,https://ttm.mypinata.cloud/ipfs/QmXvC7fojSnTQra2BTHWVmUt4vmNFenVuALwUY9Rvg7ANW,Male,Patience,Wisdom,Imagination,Wit,Humility,3,2,3,,
Character,MTA,Moon,1,Europe,GIN,Moon Trainer,"There is a time to wait, and a time to create, and AXL always knows what’s the time for what. His kindness and humor make him a valued member of the Moon Trainer team as he always keeps the gang in good spirits.",,51,AXL,Waxing Crescent,https://ttm.mypinata.cloud/ipfs/QmUtA2h5PfmorFQNq5HzkbdsrD4qcVFHWovpX7QtzpLaXz,Male,Patience,Wisdom,Imagination,Wit,Humility,3,3,2,,
Character,MTA,Moon,1,Asia,GIN,Moon Trainer,"There is a time to wait, and a time to create, and AXL always knows what’s the time for what. His kindness and humor make him a valued member of the Moon Trainer team as he always keeps the gang in good spirits.",,18,AXL,Waxing Crescent,https://ttm.mypinata.cloud/ipfs/QmSyf3PS822AKkZYAaZ6gLyAUwZGSmekU6j4xCVnGsjBjT,Male,Patience,Wisdom,Imagination,Wit,Humility,2,3,1,,
Character,MTA,Moon,1,North America,GIN,Moon Trainer,"There is a time to wait, and a time to create, and AXL always knows what’s the time for what. His kindness and humor make him a valued member of the Moon Trainer team as he always keeps the gang in good spirits.",,43,AXL,Waxing Crescent,https://ttm.mypinata.cloud/ipfs/Qmcm3Mr9JWn7t4Xvaz5ELATEDLy9xFbL6rpT6gGZfQHnwG,Male,Patience,Wisdom,Imagination,Wit,Humility,3,2,2,,
Character,MTA,Moon,1,Asia,GIN,Moon Trainer,"There is a time to wait, and a time to create, and AXL always knows what’s the time for what. His kindness and humor make him a valued member of the Moon Trainer team as he always keeps the gang in good spirits.",,21,AXL,Waxing Crescent,https://ttm.mypinata.cloud/ipfs/Qma1hecquAz6TtoZvTd18P78h5GUWqVzn5U9sgF4sEsd2V,Male,Patience,Wisdom,Imagination,Wit,Humility,3,2,3,,
Character,MTA,Moon,1,Europe,GIN,Moon Trainer,"There is a time to wait, and a time to create, and AXL always knows what’s the time for what. His kindness and humor make him a valued member of the Moon Trainer team as he always keeps the gang in good spirits.",,64,AXL,Waxing Crescent,https://ttm.mypinata.cloud/ipfs/QmQnbewEh7KVPwjghdhTM5LpAs3mCkcbHrHLLwbbGqjmDy,Male,Patience,Wisdom,Imagination,Wit,Humility,1,2,3,,
Character,MTA,Moon,1,South America,GIN,Moon Trainer,"There is a time to wait, and a time to create, and AXL always knows what’s the time for what. His kindness and humor make him a valued member of the Moon Trainer team as he always keeps the gang in good spirits.",,93,AXL,Waxing Crescent,https://ttm.mypinata.cloud/ipfs/QmQJaSVJt9dvESU4QQ7o2vJbGoByp5HLrgkKLueHyemM9K,Male,Patience,Wisdom,Imagination,Wit,Humility,2,3,2,,
Character,MTD,Moon,1,North America,GIN,Moon Trainer,"Never afraid to grab the bull by the horns, DEV and his wild hair will charm his way into your heart. A smart guy who doesn’t only depend on that, but is also determined and ready for whatever.",,42,DEV,Waxing Crescent,https://ttm.mypinata.cloud/ipfs/QmQc2pXEAkT7HKHGF36b1JRLJQGdXeP2hLJwVoSCSxyQ2k,Male,Courage,Logic,Discipline,Alert,Charisma,2,3,3,,
Character,MTD,Moon,1,South America,GIN,Moon Trainer,"Never afraid to grab the bull by the horns, DEV and his wild hair will charm his way into your heart. A smart guy who doesn’t only depend on that, but is also determined and ready for whatever.",,81,DEV,Waxing Crescent,https://ttm.mypinata.cloud/ipfs/QmZgJN5g5G74jw42SmxGF7CFWszaMSpufKygYsvAViKaLP,Male,Courage,Logic,Discipline,Alert,Charisma,1,2,2,,
Character,MTD,Moon,1,Africa,GIN,Moon Trainer,"Never afraid to grab the bull by the horns, DEV and his wild hair will charm his way into your heart. A smart guy who doesn’t only depend on that, but is also determined and ready for whatever.",,78,DEV,Waxing Crescent,https://ttm.mypinata.cloud/ipfs/QmdGZkwZjphHrgNjZs16HMTEbKU8dwKhFxKpcvMaynn9Cb,Male,Courage,Logic,Discipline,Alert,Charisma,2,1,3,,
Character,MTD,Moon,1,North America,GIN,Moon Trainer,"Never afraid to grab the bull by the horns, DEV and his wild hair will charm his way into your heart. A smart guy who doesn’t only depend on that, but is also determined and ready for whatever.",,40,DEV,Waxing Crescent,https://ttm.mypinata.cloud/ipfs/Qmb4mrgwTgeGWb2R1YqxLibEEGgWJrMjD8h2tDC6eDPEBh,Male,Courage,Logic,Discipline,Alert,Charisma,3,2,2,,
Character,MTD,Moon,1,Africa,GIN,Moon Trainer,"Never afraid to grab the bull by the horns, DEV and his wild hair will charm his way into your heart. A smart guy who doesn’t only depend on that, but is also determined and ready for whatever.",,75,DEV,Waxing Crescent,https://ttm.mypinata.cloud/ipfs/QmPqtabRueS552oHm3G4xpMEcaFdufnjxzcYCvGd7Vc4KS,Male,Courage,Logic,Discipline,Alert,Charisma,2,3,2,,
Character,MTD,Moon,1,Africa,GIN,Moon Trainer,"Never afraid to grab the bull by the horns, DEV and his wild hair will charm his way into your heart. A smart guy who doesn’t only depend on that, but is also determined and ready for whatever.",,67,DEV,Waxing Crescent,https://ttm.mypinata.cloud/ipfs/Qmch8etMDyMg49s2oGDcCSdGr9wsSCtmYmjMxvf94K6VFW,Male,Courage,Logic,Discipline,Alert,Charisma,3,1,1,,
Character,MTD,Moon,1,Africa,GIN,Moon Trainer,"Never afraid to grab the bull by the horns, DEV and his wild hair will charm his way into your heart. A smart guy who doesn’t only depend on that, but is also determined and ready for whatever.",,71,DEV,Waxing Crescent,https://ttm.mypinata.cloud/ipfs/QmaEioMWDHrbx2ip3FXFuJfS68Gcn5Ka2oxRDUXRFf5Y7x,Male,Courage,Logic,Discipline,Alert,Charisma,1,3,2,,
Character,MTD,Moon,1,South America,GIN,Moon Trainer,"Never afraid to grab the bull by the horns, DEV and his wild hair will charm his way into your heart. A smart guy who doesn’t only depend on that, but is also determined and ready for whatever.",,91,DEV,Waxing Crescent,https://ttm.mypinata.cloud/ipfs/QmQ6rUCQX3VrN1aR68QptnWobKXfY5hu9eH2qGn2V9zvpW,Male,Courage,Logic,Discipline,Alert,Charisma,3,1,3,,
Character,MTD,Moon,1,Europe,GIN,Moon Trainer,"Never afraid to grab the bull by the horns, DEV and his wild hair will charm his way into your heart. A smart guy who doesn’t only depend on that, but is also determined and ready for whatever.",,51,DEV,Waxing Crescent,https://ttm.mypinata.cloud/ipfs/QmbJ9XVXqqPQUybSK975mtJBhHPSHwiGdi16ewUL3WShsX,Male,Courage,Logic,Discipline,Alert,Charisma,3,3,2,,
Character,MTD,Moon,1,Europe,GIN,Moon Trainer,"Never afraid to grab the bull by the horns, DEV and his wild hair will charm his way into your heart. A smart guy who doesn’t only depend on that, but is also determined and ready for whatever.",,48,DEV,Waxing Crescent,https://ttm.mypinata.cloud/ipfs/QmXr6s25xjNgweQiZdr6mLDjuQQKJx5xvd1BaeRP3BvQ8E,Male,Courage,Logic,Discipline,Alert,Charisma,3,2,2,,
Character,MTD,Moon,1,Asia,GIN,Moon Trainer,"Never afraid to grab the bull by the horns, DEV and his wild hair will charm his way into your heart. A smart guy who doesn’t only depend on that, but is also determined and ready for whatever.",,5,DEV,Waxing Crescent,https://ttm.mypinata.cloud/ipfs/QmY84WBeH5stHcXVsjbGxXFqBa3eNUXjFnV2WJCe58r62w,Male,Courage,Logic,Discipline,Alert,Charisma,1,3,2,,
Character,MTD,Moon,1,South America,GIN,Moon Trainer,"Never afraid to grab the bull by the horns, DEV and his wild hair will charm his way into your heart. A smart guy who doesn’t only depend on that, but is also determined and ready for whatever.",,82,DEV,Waxing Crescent,https://ttm.mypinata.cloud/ipfs/Qme9tpFFegoimCxTco6JnfhbwF8SffuduF8YaaZZVCEeKf,Male,Courage,Logic,Discipline,Alert,Charisma,3,1,1,,
Character,MTD,Moon,1,North America,GIN,Moon Trainer,"Never afraid to grab the bull by the horns, DEV and his wild hair will charm his way into your heart. A smart guy who doesn’t only depend on that, but is also determined and ready for whatever.",,32,DEV,Waxing Crescent,https://ttm.mypinata.cloud/ipfs/Qma3nf1CBKPLommeybRFNLLrGJjRwWctCgDUJZwHFAp7jj,Male,Courage,Logic,Discipline,Alert,Charisma,2,1,2,,
Character,MTD,Moon,1,North America,GIN,Moon Trainer,"Never afraid to grab the bull by the horns, DEV and his wild hair will charm his way into your heart. A smart guy who doesn’t only depend on that, but is also determined and ready for whatever.",,26,DEV,Waxing Crescent,https://ttm.mypinata.cloud/ipfs/QmUVp89T5aGdTbV7fFWeTrsjc3rDckx6mVG53iPXqi2cwh,Male,Courage,Logic,Discipline,Alert,Charisma,1,2,3,,
Character,MTD,Moon,1,Asia,GIN,Moon Trainer,"Never afraid to grab the bull by the horns, DEV and his wild hair will charm his way into your heart. A smart guy who doesn’t only depend on that, but is also determined and ready for whatever.",,7,DEV,Waxing Crescent,https://ttm.mypinata.cloud/ipfs/QmQNqcF29BaKf547F62GGr8KKeq9CSQjfcV9UM9oo1JSzQ,Male,Courage,Logic,Discipline,Alert,Charisma,2,2,3,,
Character,MTD,Moon,1,South America,GIN,Moon Trainer,"Never afraid to grab the bull by the horns, DEV and his wild hair will charm his way into your heart. A smart guy who doesn’t only depend on that, but is also determined and ready for whatever.",,84,DEV,Waxing Crescent,https://ttm.mypinata.cloud/ipfs/QmRvtDdD5g1eGoNPMLuFU5qbZzmrDsbcWmqz9ZwctvhSGn,Male,Courage,Logic,Discipline,Alert,Charisma,1,2,1,,
Character,MTD,Moon,1,North America,GIN,Moon Trainer,"Never afraid to grab the bull by the horns, DEV and his wild hair will charm his way into your heart. A smart guy who doesn’t only depend on that, but is also determined and ready for whatever.",,37,DEV,Waxing Crescent,https://ttm.mypinata.cloud/ipfs/QmNNW99nKaN19h9ECKCC8jJqFiA9yNJLgPHoBZvA2tWyXC,Male,Courage,Logic,Discipline,Alert,Charisma,3,1,1,,
Character,MTD,Moon,1,Africa,GIN,Moon Trainer,"Never afraid to grab the bull by the horns, DEV and his wild hair will charm his way into your heart. A smart guy who doesn’t only depend on that, but is also determined and ready for whatever.",,79,DEV,Waxing Crescent,https://ttm.mypinata.cloud/ipfs/QmXRdgmeTdnDjuMzPDPMQB85F93p1R5tkpJmB4kGk8pUyU,Male,Courage,Logic,Discipline,Alert,Charisma,3,3,3,,
Character,MTD,Moon,1,Africa,GIN,Moon Trainer,"Never afraid to grab the bull by the horns, DEV and his wild hair will charm his way into your heart. A smart guy who doesn’t only depend on that, but is also determined and ready for whatever.",,68,DEV,Waxing Crescent,https://ttm.mypinata.cloud/ipfs/QmfPV5qNY5XqHBMs4aYNWofMVukzU2Jnt2Q2srcRXvNWdg,Male,Courage,Logic,Discipline,Alert,Charisma,2,3,1,,
Character,MTD,Moon,1,North America,GIN,Moon Trainer,"Never afraid to grab the bull by the horns, DEV and his wild hair will charm his way into your heart. A smart guy who doesn’t only depend on that, but is also determined and ready for whatever.",,39,DEV,Waxing Crescent,https://ttm.mypinata.cloud/ipfs/QmQ3xTfrk6hN3hvDj723wV2PTWLCBDAyd7vzyMGChSkUaB,Male,Courage,Logic,Discipline,Alert,Charisma,3,2,1,,
Character,MTD,Moon,1,North America,GIN,Moon Trainer,"Never afraid to grab the bull by the horns, DEV and his wild hair will charm his way into your heart. A smart guy who doesn’t only depend on that, but is also determined and ready for whatever.",,41,DEV,Waxing Crescent,https://ttm.mypinata.cloud/ipfs/QmYHfQjhLnT6K7nGL1qx83dGmmGPf3TVEVBjmdympNEzae,Male,Courage,Logic,Discipline,Alert,Charisma,2,3,1,,
Character,MTD,Moon,1,Africa,GIN,Moon Trainer,"Never afraid to grab the bull by the horns, DEV and his wild hair will charm his way into your heart. A smart guy who doesn’t only depend on that, but is also determined and ready for whatever.",,74,DEV,Waxing Crescent,https://ttm.mypinata.cloud/ipfs/QmZpbYSRJmPH4NjbrMR6NYXQgXodsK9wVx2Lvi6PFTWYW9,Male,Courage,Logic,Discipline,Alert,Charisma,3,1,2,,
Character,MTD,Moon,1,Asia,GIN,Moon Trainer,"Never afraid to grab the bull by the horns, DEV and his wild hair will charm his way into your heart. A smart guy who doesn’t only depend on that, but is also determined and ready for whatever.",,10,DEV,Waxing Crescent,https://ttm.mypinata.cloud/ipfs/QmTjpcoxwz3p5nqr2yU3268nBZhoCEa3iUyhbHsXTjmkQo,Male,Courage,Logic,Discipline,Alert,Charisma,2,2,3,,
Character,MTD,Moon,1,Africa,GIN,Moon Trainer,"Never afraid to grab the bull by the horns, DEV and his wild hair will charm his way into your heart. A smart guy who doesn’t only depend on that, but is also determined and ready for whatever.",,70,DEV,Waxing Crescent,https://ttm.mypinata.cloud/ipfs/QmbgwxY8bNjZxRL6Qq4P3woo8iS9BbBXNZi6Z73yVPCdrU,Male,Courage,Logic,Discipline,Alert,Charisma,3,2,1,,
Character,MTD,Moon,1,Asia,GIN,Moon Trainer,"Never afraid to grab the bull by the horns, DEV and his wild hair will charm his way into your heart. A smart guy who doesn’t only depend on that, but is also determined and ready for whatever.",,4,DEV,Waxing Crescent,https://ttm.mypinata.cloud/ipfs/QmTeJUxbwWwqXKxRqHmfdgPcuTwiYvd3Gjmshyc6chtVLU,Male,Courage,Logic,Discipline,Alert,Charisma,3,3,2,,
Character,MTD,Moon,1,South America,GIN,Moon Trainer,"Never afraid to grab the bull by the horns, DEV and his wild hair will charm his way into your heart. A smart guy who doesn’t only depend on that, but is also determined and ready for whatever.",,95,DEV,Waxing Crescent,https://ttm.mypinata.cloud/ipfs/QmWgSj6RFbT7RkgfvBapgUTnugAPTHdx9Z6qXj4w6YJipq,Male,Courage,Logic,Discipline,Alert,Charisma,3,3,3,,
Character,MTD,Moon,1,Asia,GIN,Moon Trainer,"Never afraid to grab the bull by the horns, DEV and his wild hair will charm his way into your heart. A smart guy who doesn’t only depend on that, but is also determined and ready for whatever.",,21,DEV,Waxing Crescent,https://ttm.mypinata.cloud/ipfs/QmQLUv12iaEfYhEVCyGtLxpMoae9mgZWenJ2xoU8tbmGwX,Male,Courage,Logic,Discipline,Alert,Charisma,3,2,3,,
Character,MTD,Moon,1,Asia,GIN,Moon Trainer,"Never afraid to grab the bull by the horns, DEV and his wild hair will charm his way into your heart. A smart guy who doesn’t only depend on that, but is also determined and ready for whatever.",,8,DEV,Waxing Crescent,https://ttm.mypinata.cloud/ipfs/QmbujESLjuBQe116rY9fo2x1nrQDFhK9CytfaFKztHCLu1,Male,Courage,Logic,Discipline,Alert,Charisma,1,3,1,,
Character,MTD,Moon,1,Asia,GIN,Moon Trainer,"Never afraid to grab the bull by the horns, DEV and his wild hair will charm his way into your heart. A smart guy who doesn’t only depend on that, but is also determined and ready for whatever.",,22,DEV,Waxing Crescent,https://ttm.mypinata.cloud/ipfs/QmT5NubYqL3nd9mszCmJzgUiGo7oWZFTgajBDKNVtCiMuQ,Male,Courage,Logic,Discipline,Alert,Charisma,1,3,3,,
Character,MTD,Moon,1,Europe,GIN,Moon Trainer,"Never afraid to grab the bull by the horns, DEV and his wild hair will charm his way into your heart. A smart guy who doesn’t only depend on that, but is also determined and ready for whatever.",,53,DEV,Waxing Crescent,https://ttm.mypinata.cloud/ipfs/QmanCHJXQRN8HSmfZdERe4Z7K9kt6XEvi71963apS8uP6W,Male,Courage,Logic,Discipline,Alert,Charisma,2,2,1,,
Character,MTD,Moon,1,Europe,GIN,Moon Trainer,"Never afraid to grab the bull by the horns, DEV and his wild hair will charm his way into your heart. A smart guy who doesn’t only depend on that, but is also determined and ready for whatever.",,52,DEV,Waxing Crescent,https://ttm.mypinata.cloud/ipfs/QmUQV2N8yZV7ekUaeWNK9DzMYZmYsGF5rtVJWDmppNX2yo,Male,Courage,Logic,Discipline,Alert,Charisma,1,1,3,,
Character,MTD,Moon,1,South America,GIN,Moon Trainer,"Never afraid to grab the bull by the horns, DEV and his wild hair will charm his way into your heart. A smart guy who doesn’t only depend on that, but is also determined and ready for whatever.",,83,DEV,Waxing Crescent,https://ttm.mypinata.cloud/ipfs/QmfArNL95FGywjADw8PXwxiKN24fpqZWYDav8M5tVsNNjp,Male,Courage,Logic,Discipline,Alert,Charisma,2,1,3,,
Character,MTD,Moon,1,Africa,GIN,Moon Trainer,"Never afraid to grab the bull by the horns, DEV and his wild hair will charm his way into your heart. A smart guy who doesn’t only depend on that, but is also determined and ready for whatever.",,69,DEV,Waxing Crescent,https://ttm.mypinata.cloud/ipfs/QmXH9WT5JCQ2zSxJMsjvz7sLYLCnqjtwu44RyeoQpDWqmR,Male,Courage,Logic,Discipline,Alert,Charisma,2,2,2,,
Character,MTD,Moon,1,Asia,GIN,Moon Trainer,"Never afraid to grab the bull by the horns, DEV and his wild hair will charm his way into your heart. A smart guy who doesn’t only depend on that, but is also determined and ready for whatever.",,6,DEV,Waxing Crescent,https://ttm.mypinata.cloud/ipfs/QmUSVU4cEctX9ZrK2CJ5AT9YDhraWpd9rEJdaNwgh5nsDs,Male,Courage,Logic,Discipline,Alert,Charisma,1,3,1,,
Character,MTD,Moon,1,Australia,GIN,Moon Trainer,"Never afraid to grab the bull by the horns, DEV and his wild hair will charm his way into your heart. A smart guy who doesn’t only depend on that, but is also determined and ready for whatever.",,99,DEV,Waxing Crescent,https://ttm.mypinata.cloud/ipfs/QmXTEYEH6Rbv7Jhxa7RZGmnuta5ye3oKELUqQ9eCoLBoRj,Male,Courage,Logic,Discipline,Alert,Charisma,2,2,1,,
Character,MTD,Moon,1,North America,GIN,Moon Trainer,"Never afraid to grab the bull by the horns, DEV and his wild hair will charm his way into your heart. A smart guy who doesn’t only depend on that, but is also determined and ready for whatever.",,31,DEV,Waxing Crescent,https://ttm.mypinata.cloud/ipfs/QmP5ddkka1eePK6WjCELmZSEb3vH4XfjBQKDe7Y4YnxsTS,Male,Courage,Logic,Discipline,Alert,Charisma,2,3,3,,
Character,MTD,Moon,1,South America,GIN,Moon Trainer,"Never afraid to grab the bull by the horns, DEV and his wild hair will charm his way into your heart. A smart guy who doesn’t only depend on that, but is also determined and ready for whatever.",,87,DEV,Waxing Crescent,https://ttm.mypinata.cloud/ipfs/QmbEvh8o7rpZn7HDXZqNSRTpd6d4QrimZA3uYoW2YmJH6r,Male,Courage,Logic,Discipline,Alert,Charisma,2,2,2,,
Character,MTD,Moon,1,Antarctica,GIN,Moon Trainer,"Never afraid to grab the bull by the horns, DEV and his wild hair will charm his way into your heart. A smart guy who doesn’t only depend on that, but is also determined and ready for whatever.",,100,DEV,Waxing Crescent,https://ttm.mypinata.cloud/ipfs/QmQrSzCfFvZsRBC4AeaC2QocQncpfNqSfmUWSkXK7MMmQT,Male,Courage,Logic,Discipline,Alert,Charisma,3,3,1,,
Character,MTD,Moon,1,Europe,GIN,Moon Trainer,"Never afraid to grab the bull by the horns, DEV and his wild hair will charm his way into your heart. A smart guy who doesn’t only depend on that, but is also determined and ready for whatever.",,58,DEV,Waxing Crescent,https://ttm.mypinata.cloud/ipfs/QmUBdaeutZG82vqx5S1AR9a2NePYbQ6L7oxEYfL6GYyHKN,Male,Courage,Logic,Discipline,Alert,Charisma,3,2,3,,
Character,MTD,Moon,1,Europe,GIN,Moon Trainer,"Never afraid to grab the bull by the horns, DEV and his wild hair will charm his way into your heart. A smart guy who doesn’t only depend on that, but is also determined and ready for whatever.",,54,DEV,Waxing Crescent,https://ttm.mypinata.cloud/ipfs/QmYhxX4AyT6hD5xNkacXTKuUypp7WXQyGtFsr2SfqaUu51,Male,Courage,Logic,Discipline,Alert,Charisma,1,1,3,,
Character,MTD,Moon,1,Europe,GIN,Moon Trainer,"Never afraid to grab the bull by the horns, DEV and his wild hair will charm his way into your heart. A smart guy who doesn’t only depend on that, but is also determined and ready for whatever.",,63,DEV,Waxing Crescent,https://ttm.mypinata.cloud/ipfs/QmTQF8Sd5MkPJwJ5e2ZGh9skjoZE3v4Zc8DKUXx55oZJ1F,Male,Courage,Logic,Discipline,Alert,Charisma,1,1,2,,
Character,MTD,Moon,1,Asia,GIN,Moon Trainer,"Never afraid to grab the bull by the horns, DEV and his wild hair will charm his way into your heart. A smart guy who doesn’t only depend on that, but is also determined and ready for whatever.",,14,DEV,Waxing Crescent,https://ttm.mypinata.cloud/ipfs/QmXtJvLCZKFoU7ChyNLscX5PDA9Qojsd93qxvNPmTSeunS,Male,Courage,Logic,Discipline,Alert,Charisma,1,1,3,,
Character,MTD,Moon,1,Africa,GIN,Moon Trainer,"Never afraid to grab the bull by the horns, DEV and his wild hair will charm his way into your heart. A smart guy who doesn’t only depend on that, but is also determined and ready for whatever.",,80,DEV,Waxing Crescent,https://ttm.mypinata.cloud/ipfs/QmRaVzYDKzRhFUTqTveoSXVw1c3AN4QDPT7wZvsf6CVaoe,Male,Courage,Logic,Discipline,Alert,Charisma,1,3,3,,
Character,MTD,Moon,1,Asia,GIN,Moon Trainer,"Never afraid to grab the bull by the horns, DEV and his wild hair will charm his way into your heart. A smart guy who doesn’t only depend on that, but is also determined and ready for whatever.",,9,DEV,Waxing Crescent,https://ttm.mypinata.cloud/ipfs/QmfACWAKxUW6ChE8vWZZMEvXV634gS5m2zaQsx7WkVbd8S,Male,Courage,Logic,Discipline,Alert,Charisma,2,2,1,,
Character,MTD,Moon,1,Africa,GIN,Moon Trainer,"Never afraid to grab the bull by the horns, DEV and his wild hair will charm his way into your heart. A smart guy who doesn’t only depend on that, but is also determined and ready for whatever.",,72,DEV,Waxing Crescent,https://ttm.mypinata.cloud/ipfs/QmWzfqAPjiYi2YsvkyqeFGWxAcdpyWh4NPywgFcLtoCE55,Male,Courage,Logic,Discipline,Alert,Charisma,1,1,1,,
Character,MTD,Moon,1,Europe,GIN,Moon Trainer,"Never afraid to grab the bull by the horns, DEV and his wild hair will charm his way into your heart. A smart guy who doesn’t only depend on that, but is also determined and ready for whatever.",,49,DEV,Waxing Crescent,https://ttm.mypinata.cloud/ipfs/QmbrKfLBjBN8TRWTkxgQhdEDfXMhKPc1DpdJJRuwoDpKvY,Male,Courage,Logic,Discipline,Alert,Charisma,3,2,1,,
Character,MTD,Moon,1,Africa,GIN,Moon Trainer,"Never afraid to grab the bull by the horns, DEV and his wild hair will charm his way into your heart. A smart guy who doesn’t only depend on that, but is also determined and ready for whatever.",,76,DEV,Waxing Crescent,https://ttm.mypinata.cloud/ipfs/QmXxbzp8irZkCACFYFLLZ6BSYRSwprhSMqszcPM2s6wb2N,Male,Courage,Logic,Discipline,Alert,Charisma,2,1,2,,
Character,MTD,Moon,1,Europe,GIN,Moon Trainer,"Never afraid to grab the bull by the horns, DEV and his wild hair will charm his way into your heart. A smart guy who doesn’t only depend on that, but is also determined and ready for whatever.",,59,DEV,Waxing Crescent,https://ttm.mypinata.cloud/ipfs/QmbYKyp4ZERCHW1vbh4nSyNqemmcJeFhS4ZaPKCZwyM5so,Male,Courage,Logic,Discipline,Alert,Charisma,2,1,1,,
Character,MTD,Moon,1,Australia,GIN,Moon Trainer,"Never afraid to grab the bull by the horns, DEV and his wild hair will charm his way into your heart. A smart guy who doesn’t only depend on that, but is also determined and ready for whatever.",,97,DEV,Waxing Crescent,https://ttm.mypinata.cloud/ipfs/QmdY3doTdsGCGULPeXULGD3tcaq1KXxUqxGVCbZhWANhvu,Male,Courage,Logic,Discipline,Alert,Charisma,2,2,3,,
Character,MTD,Moon,1,Asia,GIN,Moon Trainer,"Never afraid to grab the bull by the horns, DEV and his wild hair will charm his way into your heart. A smart guy who doesn’t only depend on that, but is also determined and ready for whatever.",,20,DEV,Waxing Crescent,https://ttm.mypinata.cloud/ipfs/QmWMAunMhRNvsD4Z8H6ZFtqHE58sXwryfMFC6UELqRFfLx,Male,Courage,Logic,Discipline,Alert,Charisma,1,2,3,,
Character,MTD,Moon,1,Asia,GIN,Moon Trainer,"Never afraid to grab the bull by the horns, DEV and his wild hair will charm his way into your heart. A smart guy who doesn’t only depend on that, but is also determined and ready for whatever.",,23,DEV,Waxing Crescent,https://ttm.mypinata.cloud/ipfs/QmeTJwUBZk6J2MZE61hUhT8vkzZKw5ecFy9YyzTxYDYwgP,Male,Courage,Logic,Discipline,Alert,Charisma,1,3,3,,
Character,MTD,Moon,1,Africa,GIN,Moon Trainer,"Never afraid to grab the bull by the horns, DEV and his wild hair will charm his way into your heart. A smart guy who doesn’t only depend on that, but is also determined and ready for whatever.",,66,DEV,Waxing Crescent,https://ttm.mypinata.cloud/ipfs/QmaBS3CCPpwpCrjQArd57YfReVeH8Pug3rZnNATuBZBm9W,Male,Courage,Logic,Discipline,Alert,Charisma,3,3,1,,
Character,MTD,Moon,1,South America,GIN,Moon Trainer,"Never afraid to grab the bull by the horns, DEV and his wild hair will charm his way into your heart. A smart guy who doesn’t only depend on that, but is also determined and ready for whatever.",,85,DEV,Waxing Crescent,https://ttm.mypinata.cloud/ipfs/QmYJCyBNf3yfVYdKKmv5rZDEmEVbQ811hT81gBJLCptbPG,Male,Courage,Logic,Discipline,Alert,Charisma,1,1,1,,
Character,MTD,Moon,1,Asia,GIN,Moon Trainer,"Never afraid to grab the bull by the horns, DEV and his wild hair will charm his way into your heart. A smart guy who doesn’t only depend on that, but is also determined and ready for whatever.",,2,DEV,Waxing Crescent,https://ttm.mypinata.cloud/ipfs/QmWxY8PBcafryKThs3p5U7YMbPj7KBEGc4bpHULdW7KSVG,Male,Courage,Logic,Discipline,Alert,Charisma,1,3,2,,
Character,MTD,Moon,1,Europe,GIN,Moon Trainer,"Never afraid to grab the bull by the horns, DEV and his wild hair will charm his way into your heart. A smart guy who doesn’t only depend on that, but is also determined and ready for whatever.",,50,DEV,Waxing Crescent,https://ttm.mypinata.cloud/ipfs/QmY3hD9ND91sgsqv9KbSBn5beLkkBhcZFi46bYLS2B5FX1,Male,Courage,Logic,Discipline,Alert,Charisma,3,3,3,,
Character,MTD,Moon,1,South America,GIN,Moon Trainer,"Never afraid to grab the bull by the horns, DEV and his wild hair will charm his way into your heart. A smart guy who doesn’t only depend on that, but is also determined and ready for whatever.",,88,DEV,Waxing Crescent,https://ttm.mypinata.cloud/ipfs/QmRetvj3eKeEkQtF4ApNxXH3KVp1MWHh5nfAG9MuCurRuV,Male,Courage,Logic,Discipline,Alert,Charisma,1,2,3,,
Character,MTD,Moon,1,Europe,GIN,Moon Trainer,"Never afraid to grab the bull by the horns, DEV and his wild hair will charm his way into your heart. A smart guy who doesn’t only depend on that, but is also determined and ready for whatever.",,62,DEV,Waxing Crescent,https://ttm.mypinata.cloud/ipfs/QmSqZBigrpXnUzzRDUmdyMnctztkAsMmg5g8E8E3Y7xCYp,Male,Courage,Logic,Discipline,Alert,Charisma,2,3,2,,
Character,MTD,Moon,1,Asia,GIN,Moon Trainer,"Never afraid to grab the bull by the horns, DEV and his wild hair will charm his way into your heart. A smart guy who doesn’t only depend on that, but is also determined and ready for whatever.",,18,DEV,Waxing Crescent,https://ttm.mypinata.cloud/ipfs/QmeRuRkw1nZP2UuYZFFiNYsYSqs13AfcArpWe9yy2B1Wfi,Male,Courage,Logic,Discipline,Alert,Charisma,2,3,1,,
Character,MTD,Moon,1,Asia,GIN,Moon Trainer,"Never afraid to grab the bull by the horns, DEV and his wild hair will charm his way into your heart. A smart guy who doesn’t only depend on that, but is also determined and ready for whatever.",,11,DEV,Waxing Crescent,https://ttm.mypinata.cloud/ipfs/QmYjv5eY9BGPntut89ZFa4KKpqEt1RP5MkzpbjChWmKTbA,Male,Courage,Logic,Discipline,Alert,Charisma,3,3,2,,
Character,MTD,Moon,1,Asia,GIN,Moon Trainer,"Never afraid to grab the bull by the horns, DEV and his wild hair will charm his way into your heart. A smart guy who doesn’t only depend on that, but is also determined and ready for whatever.",,16,DEV,Waxing Crescent,https://ttm.mypinata.cloud/ipfs/QmWue32vCHxRv3S3FeuTJEQ38MX5qnVMXMK9W51em6CAqG,Male,Courage,Logic,Discipline,Alert,Charisma,3,3,1,,
Character,MTD,Moon,1,Asia,GIN,Moon Trainer,"Never afraid to grab the bull by the horns, DEV and his wild hair will charm his way into your heart. A smart guy who doesn’t only depend on that, but is also determined and ready for whatever.",,1,DEV,Waxing Crescent,https://ttm.mypinata.cloud/ipfs/QmNVtdTfD6GzPHRHBu6RhipBVrq9gMK3Gu9LCmUr2MWYzm,Male,Courage,Logic,Discipline,Alert,Charisma,1,1,2,,
Character,MTD,Moon,1,North America,GIN,Moon Trainer,"Never afraid to grab the bull by the horns, DEV and his wild hair will charm his way into your heart. A smart guy who doesn’t only depend on that, but is also determined and ready for whatever.",,33,DEV,Waxing Crescent,https://ttm.mypinata.cloud/ipfs/Qmc2VfBuXZ67ZqRQXNgk82nZ2ov1obd2oSoVyXgCyXxKAt,Male,Courage,Logic,Discipline,Alert,Charisma,3,3,3,,
Character,MTD,Moon,1,South America,GIN,Moon Trainer,"Never afraid to grab the bull by the horns, DEV and his wild hair will charm his way into your heart. A smart guy who doesn’t only depend on that, but is also determined and ready for whatever.",,86,DEV,Waxing Crescent,https://ttm.mypinata.cloud/ipfs/QmY2LrtSovQUtqACGnQGgyxRuM5YSRLP5anpBHFmyBkF56,Male,Courage,Logic,Discipline,Alert,Charisma,2,1,2,,
Character,MTD,Moon,1,South America,GIN,Moon Trainer,"Never afraid to grab the bull by the horns, DEV and his wild hair will charm his way into your heart. A smart guy who doesn’t only depend on that, but is also determined and ready for whatever.",,93,DEV,Waxing Crescent,https://ttm.mypinata.cloud/ipfs/QmU7PEzoFHwkC8EDX9FzYsQBTU2DaoEZZmG15PCCkEdjmf,Male,Courage,Logic,Discipline,Alert,Charisma,2,3,2,,
Character,MTD,Moon,1,Asia,GIN,Moon Trainer,"Never afraid to grab the bull by the horns, DEV and his wild hair will charm his way into your heart. A smart guy who doesn’t only depend on that, but is also determined and ready for whatever.",,15,DEV,Waxing Crescent,https://ttm.mypinata.cloud/ipfs/QmRPg1F2DefuYP4v9g2QEduMHiSxXo9kPtcFx2g2UQFa3r,Male,Courage,Logic,Discipline,Alert,Charisma,1,2,2,,
Character,MTD,Moon,1,Asia,GIN,Moon Trainer,"Never afraid to grab the bull by the horns, DEV and his wild hair will charm his way into your heart. A smart guy who doesn’t only depend on that, but is also determined and ready for whatever.",,24,DEV,Waxing Crescent,https://ttm.mypinata.cloud/ipfs/QmYPjKnkSAMPkdcjXroQWUQsKJogSsaNxo62dbSFoKAPiJ,Male,Courage,Logic,Discipline,Alert,Charisma,2,1,3,,
Character,MTD,Moon,1,Asia,GIN,Moon Trainer,"Never afraid to grab the bull by the horns, DEV and his wild hair will charm his way into your heart. A smart guy who doesn’t only depend on that, but is also determined and ready for whatever.",,25,DEV,Waxing Crescent,https://ttm.mypinata.cloud/ipfs/QmZ8HWx7X3EZooPgG33CYm9N76xwKAvcmgfWBktKDfFUt2,Male,Courage,Logic,Discipline,Alert,Charisma,1,3,3,,
Character,MTD,Moon,1,North America,GIN,Moon Trainer,"Never afraid to grab the bull by the horns, DEV and his wild hair will charm his way into your heart. A smart guy who doesn’t only depend on that, but is also determined and ready for whatever.",,34,DEV,Waxing Crescent,https://ttm.mypinata.cloud/ipfs/QmVLPf1WbGSx3mwxenTCoksACfrJq4vhus7qEvNHqG3ECy,Male,Courage,Logic,Discipline,Alert,Charisma,2,2,2,,
Character,MTD,Moon,1,Europe,GIN,Moon Trainer,"Never afraid to grab the bull by the horns, DEV and his wild hair will charm his way into your heart. A smart guy who doesn’t only depend on that, but is also determined and ready for whatever.",,65,DEV,Waxing Crescent,https://ttm.mypinata.cloud/ipfs/QmQGCmYUwxajRHkZkJ9M53HfDMKqHK3khci1bdNFehmK8J,Male,Courage,Logic,Discipline,Alert,Charisma,1,1,1,,
Character,MTD,Moon,1,Asia,GIN,Moon Trainer,"Never afraid to grab the bull by the horns, DEV and his wild hair will charm his way into your heart. A smart guy who doesn’t only depend on that, but is also determined and ready for whatever.",,12,DEV,Waxing Crescent,https://ttm.mypinata.cloud/ipfs/QmbjzpB3inkwnJ66rKUUFsREW3moQF5UmnTzW7aKPuMeYu,Male,Courage,Logic,Discipline,Alert,Charisma,3,3,3,,
Character,MTD,Moon,1,Europe,GIN,Moon Trainer,"Never afraid to grab the bull by the horns, DEV and his wild hair will charm his way into your heart. A smart guy who doesn’t only depend on that, but is also determined and ready for whatever.",,55,DEV,Waxing Crescent,https://ttm.mypinata.cloud/ipfs/QmPicNkzxYAY7Qi3z5RMf5pz98kWKgPv1D7paxEg1ckUyF,Male,Courage,Logic,Discipline,Alert,Charisma,2,2,1,,
Character,MTD,Moon,1,Asia,GIN,Moon Trainer,"Never afraid to grab the bull by the horns, DEV and his wild hair will charm his way into your heart. A smart guy who doesn’t only depend on that, but is also determined and ready for whatever.",,3,DEV,Waxing Crescent,https://ttm.mypinata.cloud/ipfs/QmYo6UHuHtUw52n8r8hXmqPuS27endo5o6ggCM9Fc8UDgs,Male,Courage,Logic,Discipline,Alert,Charisma,1,1,2,,
Character,MTD,Moon,1,Asia,GIN,Moon Trainer,"Never afraid to grab the bull by the horns, DEV and his wild hair will charm his way into your heart. A smart guy who doesn’t only depend on that, but is also determined and ready for whatever.",,17,DEV,Waxing Crescent,https://ttm.mypinata.cloud/ipfs/QmPB1txZGU3N3xUsfUopkLGbyY5nnHpGHeYzJAgPTi9499,Male,Courage,Logic,Discipline,Alert,Charisma,2,3,3,,
Character,MTD,Moon,1,Europe,GIN,Moon Trainer,"Never afraid to grab the bull by the horns, DEV and his wild hair will charm his way into your heart. A smart guy who doesn’t only depend on that, but is also determined and ready for whatever.",,64,DEV,Waxing Crescent,https://ttm.mypinata.cloud/ipfs/QmaH8bBSktKjgUCcMk6yhmNNPL6oVrHNNfuZuFm6hyudGJ,Male,Courage,Logic,Discipline,Alert,Charisma,1,2,3,,
Character,MTD,Moon,1,South America,GIN,Moon Trainer,"Never afraid to grab the bull by the horns, DEV and his wild hair will charm his way into your heart. A smart guy who doesn’t only depend on that, but is also determined and ready for whatever.",,90,DEV,Waxing Crescent,https://ttm.mypinata.cloud/ipfs/QmWYYXUMFhtHxAj8DtEgqfBykv57bc35zKHMMGKqJ7RAdu,Male,Courage,Logic,Discipline,Alert,Charisma,3,1,3,,
Character,MTD,Moon,1,North America,GIN,Moon Trainer,"Never afraid to grab the bull by the horns, DEV and his wild hair will charm his way into your heart. A smart guy who doesn’t only depend on that, but is also determined and ready for whatever.",,27,DEV,Waxing Crescent,https://ttm.mypinata.cloud/ipfs/QmeTTf3oK5FEstCjbKVKiLt8tAfCs5RiC5FGCHPV1tGg29,Male,Courage,Logic,Discipline,Alert,Charisma,1,2,2,,
Character,MTD,Moon,1,North America,GIN,Moon Trainer,"Never afraid to grab the bull by the horns, DEV and his wild hair will charm his way into your heart. A smart guy who doesn’t only depend on that, but is also determined and ready for whatever.",,45,DEV,Waxing Crescent,https://ttm.mypinata.cloud/ipfs/QmNjvkdwSxhdWaUzGvyEwm51fTj9emchKzPVLh8PWNztfh,Male,Courage,Logic,Discipline,Alert,Charisma,2,2,2,,
Character,MTD,Moon,1,Europe,GIN,Moon Trainer,"Never afraid to grab the bull by the horns, DEV and his wild hair will charm his way into your heart. A smart guy who doesn’t only depend on that, but is also determined and ready for whatever.",,57,DEV,Waxing Crescent,https://ttm.mypinata.cloud/ipfs/QmTDKjdpkUCreJkgBFPzcARHwGcDcGxCRPm9sdPGhhxrcU,Male,Courage,Logic,Discipline,Alert,Charisma,2,3,3,,
Character,MTD,Moon,1,Africa,GIN,Moon Trainer,"Never afraid to grab the bull by the horns, DEV and his wild hair will charm his way into your heart. A smart guy who doesn’t only depend on that, but is also determined and ready for whatever.",,77,DEV,Waxing Crescent,https://ttm.mypinata.cloud/ipfs/QmaQhSng6J67h5PAQgnbkzaDLWdeNV6NBscnSk1K4XKuXd,Male,Courage,Logic,Discipline,Alert,Charisma,2,1,3,,
Character,MTD,Moon,1,North America,GIN,Moon Trainer,"Never afraid to grab the bull by the horns, DEV and his wild hair will charm his way into your heart. A smart guy who doesn’t only depend on that, but is also determined and ready for whatever.",,35,DEV,Waxing Crescent,https://ttm.mypinata.cloud/ipfs/QmXepSRqcaWnK6fcqYWTJA3DKddzKy8gKhkuizXmNk6QjX,Male,Courage,Logic,Discipline,Alert,Charisma,1,1,3,,
Character,MTD,Moon,1,North America,GIN,Moon Trainer,"Never afraid to grab the bull by the horns, DEV and his wild hair will charm his way into your heart. A smart guy who doesn’t only depend on that, but is also determined and ready for whatever.",,29,DEV,Waxing Crescent,https://ttm.mypinata.cloud/ipfs/QmYXYCRJM2ZfYTEZfvmCm2dZzKKo5M74i5WUyMoC5ubfih,Male,Courage,Logic,Discipline,Alert,Charisma,2,1,2,,
Character,MTD,Moon,1,Asia,GIN,Moon Trainer,"Never afraid to grab the bull by the horns, DEV and his wild hair will charm his way into your heart. A smart guy who doesn’t only depend on that, but is also determined and ready for whatever.",,13,DEV,Waxing Crescent,https://ttm.mypinata.cloud/ipfs/QmepSgwgQs7K1yYUPA3sUo549PMyxqVYjLqnNRkHZJPYJ6,Male,Courage,Logic,Discipline,Alert,Charisma,1,2,1,,
Character,MTD,Moon,1,North America,GIN,Moon Trainer,"Never afraid to grab the bull by the horns, DEV and his wild hair will charm his way into your heart. A smart guy who doesn’t only depend on that, but is also determined and ready for whatever.",,38,DEV,Waxing Crescent,https://ttm.mypinata.cloud/ipfs/QmeEDbcsNREEj23fWEHrJaEaBkbLEci5mg1QJCBqUeJpm4,Male,Courage,Logic,Discipline,Alert,Charisma,1,1,1,,
Character,MTD,Moon,1,North America,GIN,Moon Trainer,"Never afraid to grab the bull by the horns, DEV and his wild hair will charm his way into your heart. A smart guy who doesn’t only depend on that, but is also determined and ready for whatever.",,36,DEV,Waxing Crescent,https://ttm.mypinata.cloud/ipfs/QmPYP1FQbMcFzwb9YRDZqgVWRU5sS41CwdCEZqM9U7USHX,Male,Courage,Logic,Discipline,Alert,Charisma,1,3,1,,
Character,MTD,Moon,1,Australia,GIN,Moon Trainer,"Never afraid to grab the bull by the horns, DEV and his wild hair will charm his way into your heart. A smart guy who doesn’t only depend on that, but is also determined and ready for whatever.",,98,DEV,Waxing Crescent,https://ttm.mypinata.cloud/ipfs/Qmf1zNB3Y5PeAewxShjM2XbG1LYQXJCs3i6DrP86rnMF7d,Male,Courage,Logic,Discipline,Alert,Charisma,1,1,2,,
Character,MTD,Moon,1,North America,GIN,Moon Trainer,"Never afraid to grab the bull by the horns, DEV and his wild hair will charm his way into your heart. A smart guy who doesn’t only depend on that, but is also determined and ready for whatever.",,43,DEV,Waxing Crescent,https://ttm.mypinata.cloud/ipfs/QmW2Jh67ABRqzCi1ew9HGmYN24BnrrWn2er54dtMDAWaFa,Male,Courage,Logic,Discipline,Alert,Charisma,3,2,2,,
Character,MTD,Moon,1,South America,GIN,Moon Trainer,"Never afraid to grab the bull by the horns, DEV and his wild hair will charm his way into your heart. A smart guy who doesn’t only depend on that, but is also determined and ready for whatever.",,92,DEV,Waxing Crescent,https://ttm.mypinata.cloud/ipfs/Qmdst1D5zDryeY24kALuwRaewNrEr4sHL6YGXKocbk3dFu,Male,Courage,Logic,Discipline,Alert,Charisma,1,3,2,,
Character,MTD,Moon,1,North America,GIN,Moon Trainer,"Never afraid to grab the bull by the horns, DEV and his wild hair will charm his way into your heart. A smart guy who doesn’t only depend on that, but is also determined and ready for whatever.",,30,DEV,Waxing Crescent,https://ttm.mypinata.cloud/ipfs/QmWgRwVs14erVnHws8gmkWC94yrtHnvZfNjwX8cWSqE41f,Male,Courage,Logic,Discipline,Alert,Charisma,3,1,2,,
Character,MTD,Moon,1,South America,GIN,Moon Trainer,"Never afraid to grab the bull by the horns, DEV and his wild hair will charm his way into your heart. A smart guy who doesn’t only depend on that, but is also determined and ready for whatever.",,89,DEV,Waxing Crescent,https://ttm.mypinata.cloud/ipfs/QmaxVL5TZzn55uQD9HKvXSN3ZRQ82dptJJ6BuMfLXDVLV1,Male,Courage,Logic,Discipline,Alert,Charisma,1,3,1,,
Character,MTD,Moon,1,Asia,GIN,Moon Trainer,"Never afraid to grab the bull by the horns, DEV and his wild hair will charm his way into your heart. A smart guy who doesn’t only depend on that, but is also determined and ready for whatever.",,19,DEV,Waxing Crescent,https://ttm.mypinata.cloud/ipfs/Qmf86GEAemc9cHikJEvyoNV8y2VqmTDEZriJYazpQd1GPa,Male,Courage,Logic,Discipline,Alert,Charisma,3,2,3,,
Character,MTD,Moon,1,North America,GIN,Moon Trainer,"Never afraid to grab the bull by the horns, DEV and his wild hair will charm his way into your heart. A smart guy who doesn’t only depend on that, but is also determined and ready for whatever.",,28,DEV,Waxing Crescent,https://ttm.mypinata.cloud/ipfs/QmW23iGgSaaDZZXMVRQ3x9JhgaNHXcLKwQcAurrWy2mzqT,Male,Courage,Logic,Discipline,Alert,Charisma,2,2,3,,
Character,MTD,Moon,1,South America,GIN,Moon Trainer,"Never afraid to grab the bull by the horns, DEV and his wild hair will charm his way into your heart. A smart guy who doesn’t only depend on that, but is also determined and ready for whatever.",,94,DEV,Waxing Crescent,https://ttm.mypinata.cloud/ipfs/QmTdAz3NRUB9mjXnMU5C25D69Fh6dJfcufhmSswCWLxAeJ,Male,Courage,Logic,Discipline,Alert,Charisma,2,1,1,,
Character,MTD,Moon,1,Europe,GIN,Moon Trainer,"Never afraid to grab the bull by the horns, DEV and his wild hair will charm his way into your heart. A smart guy who doesn’t only depend on that, but is also determined and ready for whatever.",,60,DEV,Waxing Crescent,https://ttm.mypinata.cloud/ipfs/QmSSgn9zY2CGNt2bfWFgMdHCCWU9eiq939MZGPFTX9Knzz,Male,Courage,Logic,Discipline,Alert,Charisma,2,3,1,,
Character,MTD,Moon,1,North America,GIN,Moon Trainer,"Never afraid to grab the bull by the horns, DEV and his wild hair will charm his way into your heart. A smart guy who doesn’t only depend on that, but is also determined and ready for whatever.",,44,DEV,Waxing Crescent,https://ttm.mypinata.cloud/ipfs/Qmc8LbmvAbrEo6wJE1iodXXJHneKT6wFNC6nFEoBo7fejR,Male,Courage,Logic,Discipline,Alert,Charisma,3,1,2,,
Character,MTD,Moon,1,Australia,GIN,Moon Trainer,"Never afraid to grab the bull by the horns, DEV and his wild hair will charm his way into your heart. A smart guy who doesn’t only depend on that, but is also determined and ready for whatever.",,96,DEV,Waxing Crescent,https://ttm.mypinata.cloud/ipfs/QmTqK6H9AUgaTjYmugJgTYUn4Ekdbrg2NPDQgFRgsXSozA,Male,Courage,Logic,Discipline,Alert,Charisma,1,2,1,,
Character,MTD,Moon,1,Europe,GIN,Moon Trainer,"Never afraid to grab the bull by the horns, DEV and his wild hair will charm his way into your heart. A smart guy who doesn’t only depend on that, but is also determined and ready for whatever.",,56,DEV,Waxing Crescent,https://ttm.mypinata.cloud/ipfs/QmXormhF6FxGh9u3tQVaSGcmYa1rdmbHuzFTiQsWzK7nid,Male,Courage,Logic,Discipline,Alert,Charisma,2,3,2,,
Character,MTD,Moon,1,Europe,GIN,Moon Trainer,"Never afraid to grab the bull by the horns, DEV and his wild hair will charm his way into your heart. A smart guy who doesn’t only depend on that, but is also determined and ready for whatever.",,46,DEV,Waxing Crescent,https://ttm.mypinata.cloud/ipfs/QmfYAJKHT278VH8nBAqQDeLBQNzeVwynskAZLNRTYrh9sy,Male,Courage,Logic,Discipline,Alert,Charisma,3,1,3,,
Character,MTD,Moon,1,Europe,GIN,Moon Trainer,"Never afraid to grab the bull by the horns, DEV and his wild hair will charm his way into your heart. A smart guy who doesn’t only depend on that, but is also determined and ready for whatever.",,47,DEV,Waxing Crescent,https://ttm.mypinata.cloud/ipfs/QmaNpzMWkdkgA9fcKvjhFoz6JpZzaRVXYY3YS5SzZNEEGk,Male,Courage,Logic,Discipline,Alert,Charisma,3,1,1,,
Character,MTD,Moon,1,Africa,GIN,Moon Trainer,"Never afraid to grab the bull by the horns, DEV and his wild hair will charm his way into your heart. A smart guy who doesn’t only depend on that, but is also determined and ready for whatever.",,73,DEV,Waxing Crescent,https://ttm.mypinata.cloud/ipfs/QmdS4iwGxm6RLKqvzhzcVBa6FbQbVX4cYZ3sDi6fGCZY2b,Male,Courage,Logic,Discipline,Alert,Charisma,2,1,1,,
Character,MTD,Moon,1,Europe,GIN,Moon Trainer,"Never afraid to grab the bull by the horns, DEV and his wild hair will charm his way into your heart. A smart guy who doesn’t only depend on that, but is also determined and ready for whatever.",,61,DEV,Waxing Crescent,https://ttm.mypinata.cloud/ipfs/QmT19T7zYn3HwHaNWjBiodaR987Uhb9ezN5Wm15jshTQGn,Male,Courage,Logic,Discipline,Alert,Charisma,1,2,2,,
Character,MTL,Moon,1,Asia,GIN,Moon Trainer,"LIN knows that where the attention goes, energy flows. That’s why she is always counting her blessings, then watching them multiply. A talented trainer with natural technique, LIN is one smart moon cookie.",,21,LIN,Waxing Crescent,https://ttm.mypinata.cloud/ipfs/QmWc11xgsY4xvAX2nBMk9wmZ9qUDnQ7dMZVg4NEMYR5AMW,Female,Gratitude,Skillful,Faith,Clever,Sociable,3,2,3,,
Character,MTL,Moon,1,Asia,GIN,Moon Trainer,"LIN knows that where the attention goes, energy flows. That’s why she is always counting her blessings, then watching them multiply. A talented trainer with natural technique, LIN is one smart moon cookie.",,1,LIN,Waxing Crescent,https://ttm.mypinata.cloud/ipfs/QmTJ3CCTegFh6tmC1ntY4C7o7g9H11SAyTPoPYiyyX6Cc4,Female,Gratitude,Skillful,Faith,Clever,Sociable,1,1,2,,
Character,MTL,Moon,1,Asia,GIN,Moon Trainer,"LIN knows that where the attention goes, energy flows. That’s why she is always counting her blessings, then watching them multiply. A talented trainer with natural technique, LIN is one smart moon cookie.",,15,LIN,Waxing Crescent,https://ttm.mypinata.cloud/ipfs/QmUu4SEmpp8BfeZMnEUKjBHCFZhvE3tKWjoaNG82HMHwF5,Female,Gratitude,Skillful,Faith,Clever,Sociable,1,2,2,,
Character,MTL,Moon,1,Europe,GIN,Moon Trainer,"LIN knows that where the attention goes, energy flows. That’s why she is always counting her blessings, then watching them multiply. A talented trainer with natural technique, LIN is one smart moon cookie.",,62,LIN,Waxing Crescent,https://ttm.mypinata.cloud/ipfs/QmV5E8kEiMnXCYZZ6cx1JT3samtb7hkLxpdY3ZYe5BpVFZ,Female,Gratitude,Skillful,Faith,Clever,Sociable,2,3,2,,
Character,MTL,Moon,1,North America,GIN,Moon Trainer,"LIN knows that where the attention goes, energy flows. That’s why she is always counting her blessings, then watching them multiply. A talented trainer with natural technique, LIN is one smart moon cookie.",,43,LIN,Waxing Crescent,https://ttm.mypinata.cloud/ipfs/QmYaMVrTSaykRm949csbnYpfXbuUT2xSJeHbNiPUY5JKxx,Female,Gratitude,Skillful,Faith,Clever,Sociable,3,2,2,,
Character,MTL,Moon,1,South America,GIN,Moon Trainer,"LIN knows that where the attention goes, energy flows. That’s why she is always counting her blessings, then watching them multiply. A talented trainer with natural technique, LIN is one smart moon cookie.",,89,LIN,Waxing Crescent,https://ttm.mypinata.cloud/ipfs/QmaGXZ1E86ziUGDk2dcDmmCrC8dBKstmwVzDGFDZpZ5Nev,Female,Gratitude,Skillful,Faith,Clever,Sociable,1,3,1,,
Character,MTL,Moon,1,Asia,GIN,Moon Trainer,"LIN knows that where the attention goes, energy flows. That’s why she is always counting her blessings, then watching them multiply. A talented trainer with natural technique, LIN is one smart moon cookie.",,19,LIN,Waxing Crescent,https://ttm.mypinata.cloud/ipfs/Qmc8LBQrn9BEnP4f1p4ELdrTbynBzSiijoFGeBEjc8svr8,Female,Gratitude,Skillful,Faith,Clever,Sociable,3,2,3,,
Character,MTL,Moon,1,Africa,GIN,Moon Trainer,"LIN knows that where the attention goes, energy flows. That’s why she is always counting her blessings, then watching them multiply. A talented trainer with natural technique, LIN is one smart moon cookie.",,70,LIN,Waxing Crescent,https://ttm.mypinata.cloud/ipfs/QmQ4oqL6Mpx8BNAtkoz5rvkbKf4Rg7FNZ2rzNoeTjyhZnb,Female,Gratitude,Skillful,Faith,Clever,Sociable,3,2,1,,
Character,MTL,Moon,1,North America,GIN,Moon Trainer,"LIN knows that where the attention goes, energy flows. That’s why she is always counting her blessings, then watching them multiply. A talented trainer with natural technique, LIN is one smart moon cookie.",,29,LIN,Waxing Crescent,https://ttm.mypinata.cloud/ipfs/QmQgamJvn1hEwGb9my7hEAbo9iZWsJjw1SfwdCQk6pL35A,Female,Gratitude,Skillful,Faith,Clever,Sociable,2,1,2,,
Character,MTL,Moon,1,North America,GIN,Moon Trainer,"LIN knows that where the attention goes, energy flows. That’s why she is always counting her blessings, then watching them multiply. A talented trainer with natural technique, LIN is one smart moon cookie.",,42,LIN,Waxing Crescent,https://ttm.mypinata.cloud/ipfs/QmPBLq8k1rXHME1TTZxgzuFJ7meFmWFCZgJU7X9W7zqTvn,Female,Gratitude,Skillful,Faith,Clever,Sociable,2,3,3,,
Character,MTL,Moon,1,Asia,GIN,Moon Trainer,"LIN knows that where the attention goes, energy flows. That’s why she is always counting her blessings, then watching them multiply. A talented trainer with natural technique, LIN is one smart moon cookie.",,2,LIN,Waxing Crescent,https://ttm.mypinata.cloud/ipfs/QmZtVWigjGspVZd7eza9fQGvoPrV3JZ31XDwpuMbmLoQSj,Female,Gratitude,Skillful,Faith,Clever,Sociable,1,3,2,,
Character,MTL,Moon,1,South America,GIN,Moon Trainer,"LIN knows that where the attention goes, energy flows. That’s why she is always counting her blessings, then watching them multiply. A talented trainer with natural technique, LIN is one smart moon cookie.",,94,LIN,Waxing Crescent,https://ttm.mypinata.cloud/ipfs/QmSwvbq12dNKwmzb7KDuDqRsQmHvRVVxt6b1CD5tKgLDtC,Female,Gratitude,Skillful,Faith,Clever,Sociable,2,1,1,,
Character,MTL,Moon,1,North America,GIN,Moon Trainer,"LIN knows that where the attention goes, energy flows. That’s why she is always counting her blessings, then watching them multiply. A talented trainer with natural technique, LIN is one smart moon cookie.",,33,LIN,Waxing Crescent,https://ttm.mypinata.cloud/ipfs/QmaHRyf8idxEapu4mYvS8K7aKCgkhj5YGrw6u2KbNQWgGZ,Female,Gratitude,Skillful,Faith,Clever,Sociable,3,3,3,,
Character,MTL,Moon,1,Europe,GIN,Moon Trainer,"LIN knows that where the attention goes, energy flows. That’s why she is always counting her blessings, then watching them multiply. A talented trainer with natural technique, LIN is one smart moon cookie.",,59,LIN,Waxing Crescent,https://ttm.mypinata.cloud/ipfs/QmWLVdvrfvBhCWpXXB6icDVKzuB9z8ojYFE5URudVYa4pS,Female,Gratitude,Skillful,Faith,Clever,Sociable,2,1,1,,
Character,MTL,Moon,1,South America,GIN,Moon Trainer,"LIN knows that where the attention goes, energy flows. That’s why she is always counting her blessings, then watching them multiply. A talented trainer with natural technique, LIN is one smart moon cookie.",,92,LIN,Waxing Crescent,https://ttm.mypinata.cloud/ipfs/QmVxpBJTXA68dcnQi68ksaagMb6TP5cLU6iQhjeTNa6tCp,Female,Gratitude,Skillful,Faith,Clever,Sociable,1,3,2,,
Character,MTL,Moon,1,Asia,GIN,Moon Trainer,"LIN knows that where the attention goes, energy flows. That’s why she is always counting her blessings, then watching them multiply. A talented trainer with natural technique, LIN is one smart moon cookie.",,9,LIN,Waxing Crescent,https://ttm.mypinata.cloud/ipfs/QmQXFA8vuyrVmfXFCRKJTNYrF59XdPFc9UY2sCaSqFT2UF,Female,Gratitude,Skillful,Faith,Clever,Sociable,2,2,1,,
Character,MTL,Moon,1,Asia,GIN,Moon Trainer,"LIN knows that where the attention goes, energy flows. That’s why she is always counting her blessings, then watching them multiply. A talented trainer with natural technique, LIN is one smart moon cookie.",,5,LIN,Waxing Crescent,https://ttm.mypinata.cloud/ipfs/QmQMXcWyixZGJf1KXKEAVcw5BEvJ48PRHCfShrR8nrkCuA,Female,Gratitude,Skillful,Faith,Clever,Sociable,1,3,2,,
Character,MTL,Moon,1,Europe,GIN,Moon Trainer,"LIN knows that where the attention goes, energy flows. That’s why she is always counting her blessings, then watching them multiply. A talented trainer with natural technique, LIN is one smart moon cookie.",,47,LIN,Waxing Crescent,https://ttm.mypinata.cloud/ipfs/QmWjNCDB8CiAZgUP4y7oVyvBvSyz7P3qeih3XZhf93fEYz,Female,Gratitude,Skillful,Faith,Clever,Sociable,3,1,1,,
Character,MTL,Moon,1,Europe,GIN,Moon Trainer,"LIN knows that where the attention goes, energy flows. That’s why she is always counting her blessings, then watching them multiply. A talented trainer with natural technique, LIN is one smart moon cookie.",,56,LIN,Waxing Crescent,https://ttm.mypinata.cloud/ipfs/QmQfa63Fk5z8YewCYvBYneHC9bA7apCfK1B5btUHb8sjyL,Female,Gratitude,Skillful,Faith,Clever,Sociable,2,3,2,,
Character,MTL,Moon,1,South America,GIN,Moon Trainer,"LIN knows that where the attention goes, energy flows. That’s why she is always counting her blessings, then watching them multiply. A talented trainer with natural technique, LIN is one smart moon cookie.",,87,LIN,Waxing Crescent,https://ttm.mypinata.cloud/ipfs/QmW4Q4cHktEwXkPiQDwRABFW72mbasUdXBbfK81yx2Q5y5,Female,Gratitude,Skillful,Faith,Clever,Sociable,2,2,2,,
Character,MTL,Moon,1,North America,GIN,Moon Trainer,"LIN knows that where the attention goes, energy flows. That’s why she is always counting her blessings, then watching them multiply. A talented trainer with natural technique, LIN is one smart moon cookie.",,31,LIN,Waxing Crescent,https://ttm.mypinata.cloud/ipfs/QmRTAZoxf5XxtfwsVnqhJTdP1UrEj68W93sbnybBrmuJxp,Female,Gratitude,Skillful,Faith,Clever,Sociable,2,3,3,,
Character,MTL,Moon,1,Africa,GIN,Moon Trainer,"LIN knows that where the attention goes, energy flows. That’s why she is always counting her blessings, then watching them multiply. A talented trainer with natural technique, LIN is one smart moon cookie.",,72,LIN,Waxing Crescent,https://ttm.mypinata.cloud/ipfs/QmeXRpkMcrcTVenVCeKsTPuuxpxcZUo52oUkRDF4ZTRQup,Female,Gratitude,Skillful,Faith,Clever,Sociable,1,1,1,,
Character,MTL,Moon,1,Asia,GIN,Moon Trainer,"LIN knows that where the attention goes, energy flows. That’s why she is always counting her blessings, then watching them multiply. A talented trainer with natural technique, LIN is one smart moon cookie.",,3,LIN,Waxing Crescent,https://ttm.mypinata.cloud/ipfs/QmQYw3zHGPqxUgx38v7xSDn1jegmnkHKWdBvsKUcXNKDEh,Female,Gratitude,Skillful,Faith,Clever,Sociable,1,1,2,,
Character,MTL,Moon,1,Africa,GIN,Moon Trainer,"LIN knows that where the attention goes, energy flows. That’s why she is always counting her blessings, then watching them multiply. A talented trainer with natural technique, LIN is one smart moon cookie.",,69,LIN,Waxing Crescent,https://ttm.mypinata.cloud/ipfs/QmXinLk1G8ZHtixv643ZzRFLCPPsBxDpDaFAjfzt2M3UH3,Female,Gratitude,Skillful,Faith,Clever,Sociable,2,2,2,,
Character,MTL,Moon,1,Africa,GIN,Moon Trainer,"LIN knows that where the attention goes, energy flows. That’s why she is always counting her blessings, then watching them multiply. A talented trainer with natural technique, LIN is one smart moon cookie.",,75,LIN,Waxing Crescent,https://ttm.mypinata.cloud/ipfs/QmXGBLVYSQFB3RHRKaFemyhsG3zNXZiqiPHXexB4y5NaHG,Female,Gratitude,Skillful,Faith,Clever,Sociable,2,3,2,,
Character,MTL,Moon,1,South America,GIN,Moon Trainer,"LIN knows that where the attention goes, energy flows. That’s why she is always counting her blessings, then watching them multiply. A talented trainer with natural technique, LIN is one smart moon cookie.",,83,LIN,Waxing Crescent,https://ttm.mypinata.cloud/ipfs/QmPgRB3sMNsDKDHpZtGycLvVQGtjGigiA86q4fqTnNbSib,Female,Gratitude,Skillful,Faith,Clever,Sociable,2,1,3,,
Character,MTL,Moon,1,Asia,GIN,Moon Trainer,"LIN knows that where the attention goes, energy flows. That’s why she is always counting her blessings, then watching them multiply. A talented trainer with natural technique, LIN is one smart moon cookie.",,10,LIN,Waxing Crescent,https://ttm.mypinata.cloud/ipfs/QmVXeHxBfzTrMh69rhEvT9uHQZkwpcFQ7DpBWigQQEV1iF,Female,Gratitude,Skillful,Faith,Clever,Sociable,2,2,3,,
Character,MTL,Moon,1,Asia,GIN,Moon Trainer,"LIN knows that where the attention goes, energy flows. That’s why she is always counting her blessings, then watching them multiply. A talented trainer with natural technique, LIN is one smart moon cookie.",,22,LIN,Waxing Crescent,https://ttm.mypinata.cloud/ipfs/QmPrnn1y9uRDuDAPyHhknb281EW59Uo1qfi46iwYMJBLUB,Female,Gratitude,Skillful,Faith,Clever,Sociable,1,3,3,,
Character,MTL,Moon,1,South America,GIN,Moon Trainer,"LIN knows that where the attention goes, energy flows. That’s why she is always counting her blessings, then watching them multiply. A talented trainer with natural technique, LIN is one smart moon cookie.",,82,LIN,Waxing Crescent,https://ttm.mypinata.cloud/ipfs/QmYj1zThWtZFAF24sixxLbaEhyssegscQ9ERCqKaFTUJYM,Female,Gratitude,Skillful,Faith,Clever,Sociable,3,1,1,,
Character,MTL,Moon,1,Asia,GIN,Moon Trainer,"LIN knows that where the attention goes, energy flows. That’s why she is always counting her blessings, then watching them multiply. A talented trainer with natural technique, LIN is one smart moon cookie.",,17,LIN,Waxing Crescent,https://ttm.mypinata.cloud/ipfs/QmbojXmChbSXiedosoEwEmmpYHmj9WHddb1EkYYGcW5Qhp,Female,Gratitude,Skillful,Faith,Clever,Sociable,2,3,3,,
Character,MTL,Moon,1,North America,GIN,Moon Trainer,"LIN knows that where the attention goes, energy flows. That’s why she is always counting her blessings, then watching them multiply. A talented trainer with natural technique, LIN is one smart moon cookie.",,26,LIN,Waxing Crescent,https://ttm.mypinata.cloud/ipfs/Qmb5pYHiDPkRpAART8Brx5T1HaBTc2teFaBy7bodAfSit5,Female,Gratitude,Skillful,Faith,Clever,Sociable,1,2,3,,
Character,MTL,Moon,1,Europe,GIN,Moon Trainer,"LIN knows that where the attention goes, energy flows. That’s why she is always counting her blessings, then watching them multiply. A talented trainer with natural technique, LIN is one smart moon cookie.",,55,LIN,Waxing Crescent,https://ttm.mypinata.cloud/ipfs/QmVnUyZ3GakoL6AXExqqoJJZhDhni85vbDA9fHfsfBN2uN,Female,Gratitude,Skillful,Faith,Clever,Sociable,2,2,1,,
Character,MTL,Moon,1,South America,GIN,Moon Trainer,"LIN knows that where the attention goes, energy flows. That’s why she is always counting her blessings, then watching them multiply. A talented trainer with natural technique, LIN is one smart moon cookie.",,88,LIN,Waxing Crescent,https://ttm.mypinata.cloud/ipfs/QmQ8d7G5xttcEFx8wfRpJiBayBcFki2KRSTfNTzyZYQuYy,Female,Gratitude,Skillful,Faith,Clever,Sociable,1,2,3,,
Character,MTL,Moon,1,Asia,GIN,Moon Trainer,"LIN knows that where the attention goes, energy flows. That’s why she is always counting her blessings, then watching them multiply. A talented trainer with natural technique, LIN is one smart moon cookie.",,25,LIN,Waxing Crescent,https://ttm.mypinata.cloud/ipfs/QmdMjPQnKqdEDG1yJBBhgtxntbeScdKL7vxCLDiSJ3evkm,Female,Gratitude,Skillful,Faith,Clever,Sociable,1,3,3,,
Character,MTL,Moon,1,Europe,GIN,Moon Trainer,"LIN knows that where the attention goes, energy flows. That’s why she is always counting her blessings, then watching them multiply. A talented trainer with natural technique, LIN is one smart moon cookie.",,65,LIN,Waxing Crescent,https://ttm.mypinata.cloud/ipfs/QmNaw3g3znVidpEwf32aAtKqij1RYp3TtWQ7P5Z5QQszdD,Female,Gratitude,Skillful,Faith,Clever,Sociable,1,1,1,,
Character,MTL,Moon,1,Europe,GIN,Moon Trainer,"LIN knows that where the attention goes, energy flows. That’s why she is always counting her blessings, then watching them multiply. A talented trainer with natural technique, LIN is one smart moon cookie.",,64,LIN,Waxing Crescent,https://ttm.mypinata.cloud/ipfs/QmUJRRkTH6p7wturCPjWEzT1xB898d2wBmhST1L9fCJQe1,Female,Gratitude,Skillful,Faith,Clever,Sociable,1,2,3,,
Character,MTL,Moon,1,North America,GIN,Moon Trainer,"LIN knows that where the attention goes, energy flows. That’s why she is always counting her blessings, then watching them multiply. A talented trainer with natural technique, LIN is one smart moon cookie.",,44,LIN,Waxing Crescent,https://ttm.mypinata.cloud/ipfs/QmdWbbQrfFQiSUKc1f1QTjd8AhH6GUSrLFG96ztvJSP5Sy,Female,Gratitude,Skillful,Faith,Clever,Sociable,3,1,2,,
Character,MTL,Moon,1,Asia,GIN,Moon Trainer,"LIN knows that where the attention goes, energy flows. That’s why she is always counting her blessings, then watching them multiply. A talented trainer with natural technique, LIN is one smart moon cookie.",,23,LIN,Waxing Crescent,https://ttm.mypinata.cloud/ipfs/QmWGfV5VWKy1Y3XXPyUNrHzzinVR7pnoF2tNK3zDnDWao8,Female,Gratitude,Skillful,Faith,Clever,Sociable,1,3,3,,
Character,MTL,Moon,1,Asia,GIN,Moon Trainer,"LIN knows that where the attention goes, energy flows. That’s why she is always counting her blessings, then watching them multiply. A talented trainer with natural technique, LIN is one smart moon cookie.",,18,LIN,Waxing Crescent,https://ttm.mypinata.cloud/ipfs/QmVCTbpgjzgiFT6oveDBkqiPkEf84XSwXqxHUbFm7hw1CZ,Female,Gratitude,Skillful,Faith,Clever,Sociable,2,3,1,,
Character,MTL,Moon,1,North America,GIN,Moon Trainer,"LIN knows that where the attention goes, energy flows. That’s why she is always counting her blessings, then watching them multiply. A talented trainer with natural technique, LIN is one smart moon cookie.",,30,LIN,Waxing Crescent,https://ttm.mypinata.cloud/ipfs/QmcHGTHfLJgMNygK3ifoBU1MJRS7YKpY7J2Ynqrwz9fDj6,Female,Gratitude,Skillful,Faith,Clever,Sociable,3,1,2,,
Character,MTL,Moon,1,North America,GIN,Moon Trainer,"LIN knows that where the attention goes, energy flows. That’s why she is always counting her blessings, then watching them multiply. A talented trainer with natural technique, LIN is one smart moon cookie.",,41,LIN,Waxing Crescent,https://ttm.mypinata.cloud/ipfs/QmTVfDn25PeJXsMLWq9PmVyrcWLVmmpLUWmTKuUfhoASXp,Female,Gratitude,Skillful,Faith,Clever,Sociable,2,3,1,,
Character,MTL,Moon,1,South America,GIN,Moon Trainer,"LIN knows that where the attention goes, energy flows. That’s why she is always counting her blessings, then watching them multiply. A talented trainer with natural technique, LIN is one smart moon cookie.",,93,LIN,Waxing Crescent,https://ttm.mypinata.cloud/ipfs/QmVQYjnmwZcvf4bVPoAK3icN2wEPcSVt6SxezToCLrmSoa,Female,Gratitude,Skillful,Faith,Clever,Sociable,2,3,2,,
Character,MTL,Moon,1,Asia,GIN,Moon Trainer,"LIN knows that where the attention goes, energy flows. That’s why she is always counting her blessings, then watching them multiply. A talented trainer with natural technique, LIN is one smart moon cookie.",,8,LIN,Waxing Crescent,https://ttm.mypinata.cloud/ipfs/QmX7KuXDxU79Ev7mzhWod6Kj2EvzzS7qjVPM3PfoaNn98D,Female,Gratitude,Skillful,Faith,Clever,Sociable,1,3,1,,
Character,MTL,Moon,1,South America,GIN,Moon Trainer,"LIN knows that where the attention goes, energy flows. That’s why she is always counting her blessings, then watching them multiply. A talented trainer with natural technique, LIN is one smart moon cookie.",,84,LIN,Waxing Crescent,https://ttm.mypinata.cloud/ipfs/QmTabqVAMGBm9ajeYdSYAibqHJeYvhfhFtMLtC2LvD9AsU,Female,Gratitude,Skillful,Faith,Clever,Sociable,1,2,1,,
Character,MTL,Moon,1,North America,GIN,Moon Trainer,"LIN knows that where the attention goes, energy flows. That’s why she is always counting her blessings, then watching them multiply. A talented trainer with natural technique, LIN is one smart moon cookie.",,40,LIN,Waxing Crescent,https://ttm.mypinata.cloud/ipfs/QmYBJtQodaVmgRuMH6tgrNEhZq3AzfrrCM8j1yQFobtw7m,Female,Gratitude,Skillful,Faith,Clever,Sociable,3,2,2,,
Character,MTL,Moon,1,Africa,GIN,Moon Trainer,"LIN knows that where the attention goes, energy flows. That’s why she is always counting her blessings, then watching them multiply. A talented trainer with natural technique, LIN is one smart moon cookie.",,67,LIN,Waxing Crescent,https://ttm.mypinata.cloud/ipfs/QmTta4tDmQyzs5xKmWpMroDGt1evsjsFBUbqnxMpRzKLCn,Female,Gratitude,Skillful,Faith,Clever,Sociable,3,1,1,,
Character,MTL,Moon,1,Europe,GIN,Moon Trainer,"LIN knows that where the attention goes, energy flows. That’s why she is always counting her blessings, then watching them multiply. A talented trainer with natural technique, LIN is one smart moon cookie.",,57,LIN,Waxing Crescent,https://ttm.mypinata.cloud/ipfs/QmeR3i7WGkLGEp585F7WqjK1qzEHXJd4LThmCsxuEbM1UY,Female,Gratitude,Skillful,Faith,Clever,Sociable,2,3,3,,
Character,MTL,Moon,1,Africa,GIN,Moon Trainer,"LIN knows that where the attention goes, energy flows. That’s why she is always counting her blessings, then watching them multiply. A talented trainer with natural technique, LIN is one smart moon cookie.",,71,LIN,Waxing Crescent,https://ttm.mypinata.cloud/ipfs/QmdStj7UQgnCea9JtCXA4nNSdZLCS2apvSYxXMBTYZqm7y,Female,Gratitude,Skillful,Faith,Clever,Sociable,1,3,2,,
Character,MTL,Moon,1,North America,GIN,Moon Trainer,"LIN knows that where the attention goes, energy flows. That’s why she is always counting her blessings, then watching them multiply. A talented trainer with natural technique, LIN is one smart moon cookie.",,35,LIN,Waxing Crescent,https://ttm.mypinata.cloud/ipfs/QmQkpHiBHvgUYjFvk7YknSSQ7oEXfqtVTrPLEjAGgoCZw8,Female,Gratitude,Skillful,Faith,Clever,Sociable,1,1,3,,
Character,MTL,Moon,1,Europe,GIN,Moon Trainer,"LIN knows that where the attention goes, energy flows. That’s why she is always counting her blessings, then watching them multiply. A talented trainer with natural technique, LIN is one smart moon cookie.",,51,LIN,Waxing Crescent,https://ttm.mypinata.cloud/ipfs/QmWam8XLGa3FyKAnfHQBzbydJrgfasNGsdb7SAT4dwGKZv,Female,Gratitude,Skillful,Faith,Clever,Sociable,3,3,2,,
Character,MTL,Moon,1,Europe,GIN,Moon Trainer,"LIN knows that where the attention goes, energy flows. That’s why she is always counting her blessings, then watching them multiply. A talented trainer with natural technique, LIN is one smart moon cookie.",,48,LIN,Waxing Crescent,https://ttm.mypinata.cloud/ipfs/QmUEkYyqL4cgovMgU6f2SivWrkgrLP99vcxdzzcCZhpzn6,Female,Gratitude,Skillful,Faith,Clever,Sociable,3,2,2,,
Character,MTL,Moon,1,North America,GIN,Moon Trainer,"LIN knows that where the attention goes, energy flows. That’s why she is always counting her blessings, then watching them multiply. A talented trainer with natural technique, LIN is one smart moon cookie.",,37,LIN,Waxing Crescent,https://ttm.mypinata.cloud/ipfs/QmUWMnGn25VtaHrVdfSnnz5rQrumCfEMhFkBZyrxoLmQUA,Female,Gratitude,Skillful,Faith,Clever,Sociable,3,1,1,,
Character,MTL,Moon,1,Africa,GIN,Moon Trainer,"LIN knows that where the attention goes, energy flows. That’s why she is always counting her blessings, then watching them multiply. A talented trainer with natural technique, LIN is one smart moon cookie.",,76,LIN,Waxing Crescent,https://ttm.mypinata.cloud/ipfs/QmY2kmsoZHn1WTEvb8JvnH1pNe48R3HAouxagodeq8v8kW,Female,Gratitude,Skillful,Faith,Clever,Sociable,2,1,2,,
Character,MTL,Moon,1,South America,GIN,Moon Trainer,"LIN knows that where the attention goes, energy flows. That’s why she is always counting her blessings, then watching them multiply. A talented trainer with natural technique, LIN is one smart moon cookie.",,81,LIN,Waxing Crescent,https://ttm.mypinata.cloud/ipfs/QmdNih3A3b7erjhK6KxorbFTbuA8uh8XiXnm7iB8K11Mmj,Female,Gratitude,Skillful,Faith,Clever,Sociable,1,2,2,,
Character,MTL,Moon,1,South America,GIN,Moon Trainer,"LIN knows that where the attention goes, energy flows. That’s why she is always counting her blessings, then watching them multiply. A talented trainer with natural technique, LIN is one smart moon cookie.",,91,LIN,Waxing Crescent,https://ttm.mypinata.cloud/ipfs/QmTse9C38LQvf8fswnm8Np1W1HWiLRxFupXJVsDbBdi61r,Female,Gratitude,Skillful,Faith,Clever,Sociable,3,1,3,,
Character,MTL,Moon,1,Asia,GIN,Moon Trainer,"LIN knows that where the attention goes, energy flows. That’s why she is always counting her blessings, then watching them multiply. A talented trainer with natural technique, LIN is one smart moon cookie.",,16,LIN,Waxing Crescent,https://ttm.mypinata.cloud/ipfs/QmZuFAavqgyHn6PnEYsd7Q6tjKwJcUrBkHnrKCtWBN46St,Female,Gratitude,Skillful,Faith,Clever,Sociable,3,3,1,,
Character,MTL,Moon,1,Europe,GIN,Moon Trainer,"LIN knows that where the attention goes, energy flows. That’s why she is always counting her blessings, then watching them multiply. A talented trainer with natural technique, LIN is one smart moon cookie.",,63,LIN,Waxing Crescent,https://ttm.mypinata.cloud/ipfs/QmSZMzU8ew39M7cUTfPvaH2NsFbFCLCzatNpVMN1fFCmdD,Female,Gratitude,Skillful,Faith,Clever,Sociable,1,1,2,,
Character,MTL,Moon,1,North America,GIN,Moon Trainer,"LIN knows that where the attention goes, energy flows. That’s why she is always counting her blessings, then watching them multiply. A talented trainer with natural technique, LIN is one smart moon cookie.",,45,LIN,Waxing Crescent,https://ttm.mypinata.cloud/ipfs/QmTgt1dgDBPh9o9JnjTVZ8W6okNUHBukSo9uXiH4SKoLGx,Female,Gratitude,Skillful,Faith,Clever,Sociable,2,2,2,,
Character,MTL,Moon,1,North America,GIN,Moon Trainer,"LIN knows that where the attention goes, energy flows. That’s why she is always counting her blessings, then watching them multiply. A talented trainer with natural technique, LIN is one smart moon cookie.",,36,LIN,Waxing Crescent,https://ttm.mypinata.cloud/ipfs/Qmahd7y7fsJMGT4UYzj3umV6tii9zq9gYiK3vysE8nEfqf,Female,Gratitude,Skillful,Faith,Clever,Sociable,1,3,1,,
Character,MTL,Moon,1,Africa,GIN,Moon Trainer,"LIN knows that where the attention goes, energy flows. That’s why she is always counting her blessings, then watching them multiply. A talented trainer with natural technique, LIN is one smart moon cookie.",,74,LIN,Waxing Crescent,https://ttm.mypinata.cloud/ipfs/QmVDyqZuRrWLpVrUu3vuk7XoGm8a4dDtGLfMC2M2oWL7yp,Female,Gratitude,Skillful,Faith,Clever,Sociable,3,1,2,,
Character,MTL,Moon,1,Africa,GIN,Moon Trainer,"LIN knows that where the attention goes, energy flows. That’s why she is always counting her blessings, then watching them multiply. A talented trainer with natural technique, LIN is one smart moon cookie.",,77,LIN,Waxing Crescent,https://ttm.mypinata.cloud/ipfs/QmUKeHyV3kkkdf1sQWaE6c78SVmW359Zd6emg9B4tS9CuN,Female,Gratitude,Skillful,Faith,Clever,Sociable,2,1,3,,
Character,MTL,Moon,1,Asia,GIN,Moon Trainer,"LIN knows that where the attention goes, energy flows. That’s why she is always counting her blessings, then watching them multiply. A talented trainer with natural technique, LIN is one smart moon cookie.",,24,LIN,Waxing Crescent,https://ttm.mypinata.cloud/ipfs/Qme28VuPR6wcrV3xRvipfzD1NCHJgWTZRbTnRw61ohYrjS,Female,Gratitude,Skillful,Faith,Clever,Sociable,2,1,3,,
Character,MTL,Moon,1,Australia,GIN,Moon Trainer,"LIN knows that where the attention goes, energy flows. That’s why she is always counting her blessings, then watching them multiply. A talented trainer with natural technique, LIN is one smart moon cookie.",,99,LIN,Waxing Crescent,https://ttm.mypinata.cloud/ipfs/Qmei3m9SqYNJzjXCHimGqiZQrhGTghVmE1pMzE2tsC8FoB,Female,Gratitude,Skillful,Faith,Clever,Sociable,2,2,1,,
Character,MTL,Moon,1,North America,GIN,Moon Trainer,"LIN knows that where the attention goes, energy flows. That’s why she is always counting her blessings, then watching them multiply. A talented trainer with natural technique, LIN is one smart moon cookie.",,39,LIN,Waxing Crescent,https://ttm.mypinata.cloud/ipfs/QmRGYPqtJJyRx6xcHDjMXnGct9VARA3JzkLgNBRk9839GF,Female,Gratitude,Skillful,Faith,Clever,Sociable,3,2,1,,
Character,MTL,Moon,1,Africa,GIN,Moon Trainer,"LIN knows that where the attention goes, energy flows. That’s why she is always counting her blessings, then watching them multiply. A talented trainer with natural technique, LIN is one smart moon cookie.",,68,LIN,Waxing Crescent,https://ttm.mypinata.cloud/ipfs/QmaAxfDTyr3DfAfBHG4rKxHDssEspqLPeDiGDNKpVNEb1t,Female,Gratitude,Skillful,Faith,Clever,Sociable,2,3,1,,
Character,MTL,Moon,1,Africa,GIN,Moon Trainer,"LIN knows that where the attention goes, energy flows. That’s why she is always counting her blessings, then watching them multiply. A talented trainer with natural technique, LIN is one smart moon cookie.",,80,LIN,Waxing Crescent,https://ttm.mypinata.cloud/ipfs/QmXJPbtmsd5AN31pZDekXotXqt1bZ1eqY1v8RFnaaddn1M,Female,Gratitude,Skillful,Faith,Clever,Sociable,1,3,3,,
Character,MTL,Moon,1,Africa,GIN,Moon Trainer,"LIN knows that where the attention goes, energy flows. That’s why she is always counting her blessings, then watching them multiply. A talented trainer with natural technique, LIN is one smart moon cookie.",,66,LIN,Waxing Crescent,https://ttm.mypinata.cloud/ipfs/QmckhpDdK1wfQDYJk9gD9MWFREg7qddhK5atq7UBssB6EM,Female,Gratitude,Skillful,Faith,Clever,Sociable,3,3,1,,
Character,MTL,Moon,1,Asia,GIN,Moon Trainer,"LIN knows that where the attention goes, energy flows. That’s why she is always counting her blessings, then watching them multiply. A talented trainer with natural technique, LIN is one smart moon cookie.",,14,LIN,Waxing Crescent,https://ttm.mypinata.cloud/ipfs/QmUtsDjBBqRCjhLB6LzTysuTEsyQa6PoSD7yCZpw65KukE,Female,Gratitude,Skillful,Faith,Clever,Sociable,1,1,3,,
Character,MTL,Moon,1,North America,GIN,Moon Trainer,"LIN knows that where the attention goes, energy flows. That’s why she is always counting her blessings, then watching them multiply. A talented trainer with natural technique, LIN is one smart moon cookie.",,38,LIN,Waxing Crescent,https://ttm.mypinata.cloud/ipfs/QmYdMnNp2SA1vJaHc1FyRLAgmczazMRXtGnL7NTCpj2N6C,Female,Gratitude,Skillful,Faith,Clever,Sociable,1,1,1,,
Character,MTL,Moon,1,Africa,GIN,Moon Trainer,"LIN knows that where the attention goes, energy flows. That’s why she is always counting her blessings, then watching them multiply. A talented trainer with natural technique, LIN is one smart moon cookie.",,73,LIN,Waxing Crescent,https://ttm.mypinata.cloud/ipfs/QmVhohe8HoFDfrdnWLa6p7a9Eob6hNrnYNHihcq4JPmx14,Female,Gratitude,Skillful,Faith,Clever,Sociable,2,1,1,,
Character,MTL,Moon,1,South America,GIN,Moon Trainer,"LIN knows that where the attention goes, energy flows. That’s why she is always counting her blessings, then watching them multiply. A talented trainer with natural technique, LIN is one smart moon cookie.",,86,LIN,Waxing Crescent,https://ttm.mypinata.cloud/ipfs/QmenbkbcpvGvcYLiahTYGmrAeAF6dP8tisQBYSXkXnXJUs,Female,Gratitude,Skillful,Faith,Clever,Sociable,2,1,2,,
Character,MTL,Moon,1,Asia,GIN,Moon Trainer,"LIN knows that where the attention goes, energy flows. That’s why she is always counting her blessings, then watching them multiply. A talented trainer with natural technique, LIN is one smart moon cookie.",,12,LIN,Waxing Crescent,https://ttm.mypinata.cloud/ipfs/Qmf77sjMQ53XERd5hrsEokkPrBXJmtAkCFW8GxdHL5SrTS,Female,Gratitude,Skillful,Faith,Clever,Sociable,3,3,3,,
Character,MTL,Moon,1,Africa,GIN,Moon Trainer,"LIN knows that where the attention goes, energy flows. That’s why she is always counting her blessings, then watching them multiply. A talented trainer with natural technique, LIN is one smart moon cookie.",,79,LIN,Waxing Crescent,https://ttm.mypinata.cloud/ipfs/QmUKPAmnRCvmtQeGmt1PG9qjp5MCAvjfjMUaEhaS3hSb2N,Female,Gratitude,Skillful,Faith,Clever,Sociable,3,3,3,,
Character,MTL,Moon,1,North America,GIN,Moon Trainer,"LIN knows that where the attention goes, energy flows. That’s why she is always counting her blessings, then watching them multiply. A talented trainer with natural technique, LIN is one smart moon cookie.",,32,LIN,Waxing Crescent,https://ttm.mypinata.cloud/ipfs/QmdMVbJVNKCXTg56VuBCWCBXLU4yEUcCcLVJGSP8faaHnB,Female,Gratitude,Skillful,Faith,Clever,Sociable,2,1,2,,
Character,MTL,Moon,1,South America,GIN,Moon Trainer,"LIN knows that where the attention goes, energy flows. That’s why she is always counting her blessings, then watching them multiply. A talented trainer with natural technique, LIN is one smart moon cookie.",,90,LIN,Waxing Crescent,https://ttm.mypinata.cloud/ipfs/QmaizazuqTQi4NvcQK9EgUJiww1u9XZcMhHF9XzifHxdTs,Female,Gratitude,Skillful,Faith,Clever,Sociable,3,1,3,,
Character,MTL,Moon,1,Europe,GIN,Moon Trainer,"LIN knows that where the attention goes, energy flows. That’s why she is always counting her blessings, then watching them multiply. A talented trainer with natural technique, LIN is one smart moon cookie.",,50,LIN,Waxing Crescent,https://ttm.mypinata.cloud/ipfs/QmQgCtn3UUMKpbWkt5d3Y23WosAtu3hNnWzmoaDXWQpu33,Female,Gratitude,Skillful,Faith,Clever,Sociable,3,3,3,,
Character,MTL,Moon,1,North America,GIN,Moon Trainer,"LIN knows that where the attention goes, energy flows. That’s why she is always counting her blessings, then watching them multiply. A talented trainer with natural technique, LIN is one smart moon cookie.",,27,LIN,Waxing Crescent,https://ttm.mypinata.cloud/ipfs/QmQH2LWT2imrEAf6mAmQGPRnqXJbhSib4gE2TvvG7SMWtM,Female,Gratitude,Skillful,Faith,Clever,Sociable,1,2,2,,
Character,MTL,Moon,1,Australia,GIN,Moon Trainer,"LIN knows that where the attention goes, energy flows. That’s why she is always counting her blessings, then watching them multiply. A talented trainer with natural technique, LIN is one smart moon cookie.",,98,LIN,Waxing Crescent,https://ttm.mypinata.cloud/ipfs/QmbkzgqLLLw3gQrGL9XnQDywGYv823Dgn3XVpmfcNJWizS,Female,Gratitude,Skillful,Faith,Clever,Sociable,1,1,2,,
Character,MTL,Moon,1,South America,GIN,Moon Trainer,"LIN knows that where the attention goes, energy flows. That’s why she is always counting her blessings, then watching them multiply. A talented trainer with natural technique, LIN is one smart moon cookie.",,85,LIN,Waxing Crescent,https://ttm.mypinata.cloud/ipfs/QmQY5hBeXXZDcU2nxGiMKwRzWPLMpGquuoDQwwSSS56Tux,Female,Gratitude,Skillful,Faith,Clever,Sociable,1,1,1,,
Character,MTL,Moon,1,Australia,GIN,Moon Trainer,"LIN knows that where the attention goes, energy flows. That’s why she is always counting her blessings, then watching them multiply. A talented trainer with natural technique, LIN is one smart moon cookie.",,97,LIN,Waxing Crescent,https://ttm.mypinata.cloud/ipfs/Qmeki6fLMZKSbC33svtanqfXHb9SESN8pGaqPKgTeFR6tW,Female,Gratitude,Skillful,Faith,Clever,Sociable,2,2,3,,
Character,MTL,Moon,1,Europe,GIN,Moon Trainer,"LIN knows that where the attention goes, energy flows. That’s why she is always counting her blessings, then watching them multiply. A talented trainer with natural technique, LIN is one smart moon cookie.",,60,LIN,Waxing Crescent,https://ttm.mypinata.cloud/ipfs/QmQRoXxrPpLgYuueP1YjJ5Wz7PDgHEgGwrkEWjxA25ooLL,Female,Gratitude,Skillful,Faith,Clever,Sociable,2,3,1,,
Character,MTL,Moon,1,North America,GIN,Moon Trainer,"LIN knows that where the attention goes, energy flows. That’s why she is always counting her blessings, then watching them multiply. A talented trainer with natural technique, LIN is one smart moon cookie.",,28,LIN,Waxing Crescent,https://ttm.mypinata.cloud/ipfs/QmQUSJSWVzYYnETJ5g3niPDEz6HvfLYz2TwFTU9Gko7ETi,Female,Gratitude,Skillful,Faith,Clever,Sociable,2,2,3,,
Character,MTL,Moon,1,Asia,GIN,Moon Trainer,"LIN knows that where the attention goes, energy flows. That’s why she is always counting her blessings, then watching them multiply. A talented trainer with natural technique, LIN is one smart moon cookie.",,7,LIN,Waxing Crescent,https://ttm.mypinata.cloud/ipfs/QmTW16SwNGywqaXyUNNVnaa3zNUG7LoZBYoZchypNQzjHt,Female,Gratitude,Skillful,Faith,Clever,Sociable,2,2,3,,
Character,MTL,Moon,1,Europe,GIN,Moon Trainer,"LIN knows that where the attention goes, energy flows. That’s why she is always counting her blessings, then watching them multiply. A talented trainer with natural technique, LIN is one smart moon cookie.",,46,LIN,Waxing Crescent,https://ttm.mypinata.cloud/ipfs/QmW2q1BJgtsgEoLVatfpeEQSTyKahsiTh5jCFfZPAG5hsU,Female,Gratitude,Skillful,Faith,Clever,Sociable,3,1,3,,
Character,MTL,Moon,1,Asia,GIN,Moon Trainer,"LIN knows that where the attention goes, energy flows. That’s why she is always counting her blessings, then watching them multiply. A talented trainer with natural technique, LIN is one smart moon cookie.",,11,LIN,Waxing Crescent,https://ttm.mypinata.cloud/ipfs/QmbRT778FtPb8px9zNfjGXndUmrp58S1PN8TPj2bRRSWye,Female,Gratitude,Skillful,Faith,Clever,Sociable,3,3,2,,
Character,MTL,Moon,1,Europe,GIN,Moon Trainer,"LIN knows that where the attention goes, energy flows. That’s why she is always counting her blessings, then watching them multiply. A talented trainer with natural technique, LIN is one smart moon cookie.",,49,LIN,Waxing Crescent,https://ttm.mypinata.cloud/ipfs/QmY2ZYvkXgctDjM5eT4yWmCbjTKw8ubUe8ZZcPQqYR1cA3,Female,Gratitude,Skillful,Faith,Clever,Sociable,3,2,1,,
Character,MTL,Moon,1,Europe,GIN,Moon Trainer,"LIN knows that where the attention goes, energy flows. That’s why she is always counting her blessings, then watching them multiply. A talented trainer with natural technique, LIN is one smart moon cookie.",,58,LIN,Waxing Crescent,https://ttm.mypinata.cloud/ipfs/QmRJpbjZND5E2yywzurq9FUhg9LyZFKK5yFbMe1wZH9K9n,Female,Gratitude,Skillful,Faith,Clever,Sociable,3,2,3,,
Character,MTL,Moon,1,Asia,GIN,Moon Trainer,"LIN knows that where the attention goes, energy flows. That’s why she is always counting her blessings, then watching them multiply. A talented trainer with natural technique, LIN is one smart moon cookie.",,20,LIN,Waxing Crescent,https://ttm.mypinata.cloud/ipfs/QmYH8bVAo5qvRL3k1mKuCiFfYqXpcKr8pBUjx5iy9aRVRt,Female,Gratitude,Skillful,Faith,Clever,Sociable,1,2,3,,
Character,MTL,Moon,1,Africa,GIN,Moon Trainer,"LIN knows that where the attention goes, energy flows. That’s why she is always counting her blessings, then watching them multiply. A talented trainer with natural technique, LIN is one smart moon cookie.",,78,LIN,Waxing Crescent,https://ttm.mypinata.cloud/ipfs/QmRJ74887TM5bDvEzwMP2qbQKmRCKfYi5J2YBMZg4ZErtR,Female,Gratitude,Skillful,Faith,Clever,Sociable,2,1,3,,
Character,MTL,Moon,1,Europe,GIN,Moon Trainer,"LIN knows that where the attention goes, energy flows. That’s why she is always counting her blessings, then watching them multiply. A talented trainer with natural technique, LIN is one smart moon cookie.",,52,LIN,Waxing Crescent,https://ttm.mypinata.cloud/ipfs/QmQb7QRSTFrPWmivzDqvjmJVtnfg4yrN7Le4FG74QSca1s,Female,Gratitude,Skillful,Faith,Clever,Sociable,1,1,3,,
Character,MTL,Moon,1,South America,GIN,Moon Trainer,"LIN knows that where the attention goes, energy flows. That’s why she is always counting her blessings, then watching them multiply. A talented trainer with natural technique, LIN is one smart moon cookie.",,95,LIN,Waxing Crescent,https://ttm.mypinata.cloud/ipfs/QmactXkokzpLYkwZ2G5fLy7avvGqeU4qj3TtKpYG6fcRAL,Female,Gratitude,Skillful,Faith,Clever,Sociable,3,3,3,,
Character,MTL,Moon,1,Australia,GIN,Moon Trainer,"LIN knows that where the attention goes, energy flows. That’s why she is always counting her blessings, then watching them multiply. A talented trainer with natural technique, LIN is one smart moon cookie.",,96,LIN,Waxing Crescent,https://ttm.mypinata.cloud/ipfs/QmSVFFPL3xDZrjCeQBGdZddSwUSKetk2DwgJU15FrnZhJf,Female,Gratitude,Skillful,Faith,Clever,Sociable,1,2,1,,
Character,MTL,Moon,1,Europe,GIN,Moon Trainer,"LIN knows that where the attention goes, energy flows. That’s why she is always counting her blessings, then watching them multiply. A talented trainer with natural technique, LIN is one smart moon cookie.",,54,LIN,Waxing Crescent,https://ttm.mypinata.cloud/ipfs/QmaytRyPch8ybqSePAcU6oVYQgipJDQoE3XkZEWLAu4dkP,Female,Gratitude,Skillful,Faith,Clever,Sociable,1,1,3,,
Character,MTL,Moon,1,Europe,GIN,Moon Trainer,"LIN knows that where the attention goes, energy flows. That’s why she is always counting her blessings, then watching them multiply. A talented trainer with natural technique, LIN is one smart moon cookie.",,53,LIN,Waxing Crescent,https://ttm.mypinata.cloud/ipfs/QmQppMnR63q9AAUNZMDzFwmjnF4cKyaDKkDGLWxiwKSrr3,Female,Gratitude,Skillful,Faith,Clever,Sociable,2,2,1,,
Character,MTL,Moon,1,Asia,GIN,Moon Trainer,"LIN knows that where the attention goes, energy flows. That’s why she is always counting her blessings, then watching them multiply. A talented trainer with natural technique, LIN is one smart moon cookie.",,13,LIN,Waxing Crescent,https://ttm.mypinata.cloud/ipfs/QmT4VnP9RiTKGYou2r2oTt4YxnxNJnTrx7JGJMsoRHDsWF,Female,Gratitude,Skillful,Faith,Clever,Sociable,1,2,1,,
Character,MTL,Moon,1,North America,GIN,Moon Trainer,"LIN knows that where the attention goes, energy flows. That’s why she is always counting her blessings, then watching them multiply. A talented trainer with natural technique, LIN is one smart moon cookie.",,34,LIN,Waxing Crescent,https://ttm.mypinata.cloud/ipfs/QmUiDYDffBVjC8Ltf9P3Q2Ve2HxYyYNM2aNVR57a8L8sfL,Female,Gratitude,Skillful,Faith,Clever,Sociable,2,2,2,,
Character,MTL,Moon,1,Europe,GIN,Moon Trainer,"LIN knows that where the attention goes, energy flows. That’s why she is always counting her blessings, then watching them multiply. A talented trainer with natural technique, LIN is one smart moon cookie.",,61,LIN,Waxing Crescent,https://ttm.mypinata.cloud/ipfs/QmZBFT3pzzNQKMatsPxLdQ9SM3CeEihfYPZUUunBf2qPmz,Female,Gratitude,Skillful,Faith,Clever,Sociable,1,2,2,,
Character,MTL,Moon,1,Asia,GIN,Moon Trainer,"LIN knows that where the attention goes, energy flows. That’s why she is always counting her blessings, then watching them multiply. A talented trainer with natural technique, LIN is one smart moon cookie.",,4,LIN,Waxing Crescent,https://ttm.mypinata.cloud/ipfs/QmTwqepVRchFqmruEEjxJTA6Hcjf85SiucbcNCZu7LSCDd,Female,Gratitude,Skillful,Faith,Clever,Sociable,3,3,2,,
Character,MTL,Moon,1,Asia,GIN,Moon Trainer,"LIN knows that where the attention goes, energy flows. That’s why she is always counting her blessings, then watching them multiply. A talented trainer with natural technique, LIN is one smart moon cookie.",,6,LIN,Waxing Crescent,https://ttm.mypinata.cloud/ipfs/QmZGy7fa34ovcutC7t7r9kev7XLmXiSMPkefT9U8YctMnf,Female,Gratitude,Skillful,Faith,Clever,Sociable,1,3,1,,
Character,MTL,Moon,1,Antarctica,GIN,Moon Trainer,"LIN knows that where the attention goes, energy flows. That’s why she is always counting her blessings, then watching them multiply. A talented trainer with natural technique, LIN is one smart moon cookie.",,100,LIN,Waxing Crescent,https://ttm.mypinata.cloud/ipfs/QmV9H4KnJTWpaUwpk2WPUBNN7kua7GYbiZLYCMrVP6y7j9,Female,Gratitude,Skillful,Faith,Clever,Sociable,3,3,1,,
Character,MTRA,Moon,1,North America,GIN,Moon Trainer,"With a strong presence, RAX is not afraid to take charge when needed. She is the group's go-to with her agile, practical approach to life and can-do attitude.",,42,RAX,Waxing Crescent,https://ttm.mypinata.cloud/ipfs/QmVcmzcjbwyi9Z334YSPk1m4qNcg2AVrcN5FK1cG7ZM7mW,Female,Knowledge,Leader,Determination,Adaptability,Charm,2,3,3,,
Character,MTRA,Moon,1,North America,GIN,Moon Trainer,"With a strong presence, RAX is not afraid to take charge when needed. She is the group's go-to with her agile, practical approach to life and can-do attitude.",,43,RAX,Waxing Crescent,https://ttm.mypinata.cloud/ipfs/Qmeuij869zSENDGZPN1KwBvKdHWV5yDLTXc57FNkagCzDB,Female,Knowledge,Leader,Determination,Adaptability,Charm,3,2,2,,
Character,MTRA,Moon,1,North America,GIN,Moon Trainer,"With a strong presence, RAX is not afraid to take charge when needed. She is the group's go-to with her agile, practical approach to life and can-do attitude.",,36,RAX,Waxing Crescent,https://ttm.mypinata.cloud/ipfs/QmX6dMzNhf223MXx3QJPMy4msGQSNwBhBj3gqVWmm9iQiD,Female,Knowledge,Leader,Determination,Adaptability,Charm,1,3,1,,
Character,MTRA,Moon,1,Africa,GIN,Moon Trainer,"With a strong presence, RAX is not afraid to take charge when needed. She is the group's go-to with her agile, practical approach to life and can-do attitude.",,77,RAX,Waxing Crescent,https://ttm.mypinata.cloud/ipfs/QmQc7meS6PkPzJWPTkp19yQp1x2LvtgVncTCAqrJBmjR19,Female,Knowledge,Leader,Determination,Adaptability,Charm,2,1,3,,
Character,MTRA,Moon,1,Australia,GIN,Moon Trainer,"With a strong presence, RAX is not afraid to take charge when needed. She is the group's go-to with her agile, practical approach to life and can-do attitude.",,96,RAX,Waxing Crescent,https://ttm.mypinata.cloud/ipfs/Qmd1RAC8EP4JJrvgrn7onHBJfYTNU9BKW9YurrmTQtr2gj,Female,Knowledge,Leader,Determination,Adaptability,Charm,1,2,1,,
Character,MTRA,Moon,1,Europe,GIN,Moon Trainer,"With a strong presence, RAX is not afraid to take charge when needed. She is the group's go-to with her agile, practical approach to life and can-do attitude.",,64,RAX,Waxing Crescent,https://ttm.mypinata.cloud/ipfs/QmbM8Fokh6qfhJFYERjXRBE3nXk4pqNyRogGnqzM95K35X,Female,Knowledge,Leader,Determination,Adaptability,Charm,1,2,3,,
Character,MTRA,Moon,1,North America,GIN,Moon Trainer,"With a strong presence, RAX is not afraid to take charge when needed. She is the group's go-to with her agile, practical approach to life and can-do attitude.",,31,RAX,Waxing Crescent,https://ttm.mypinata.cloud/ipfs/QmdppPJP5XMhDUTX3qPLobzMu7b6NtY4B7kCQveM8BcF3c,Female,Knowledge,Leader,Determination,Adaptability,Charm,2,3,3,,
Character,MTRA,Moon,1,North America,GIN,Moon Trainer,"With a strong presence, RAX is not afraid to take charge when needed. She is the group's go-to with her agile, practical approach to life and can-do attitude.",,37,RAX,Waxing Crescent,https://ttm.mypinata.cloud/ipfs/QmW79auqDtTSShqhPUjEtTJDUw8cnM3rZtZtcRPsCp51Ub,Female,Knowledge,Leader,Determination,Adaptability,Charm,3,1,1,,
Character,MTRA,Moon,1,Europe,GIN,Moon Trainer,"With a strong presence, RAX is not afraid to take charge when needed. She is the group's go-to with her agile, practical approach to life and can-do attitude.",,51,RAX,Waxing Crescent,https://ttm.mypinata.cloud/ipfs/QmfVnhnu54AMnymN4GNbXSzA8b4EReTz9wC1Dw6hhCPwne,Female,Knowledge,Leader,Determination,Adaptability,Charm,3,3,2,,
Character,MTRA,Moon,1,Europe,GIN,Moon Trainer,"With a strong presence, RAX is not afraid to take charge when needed. She is the group's go-to with her agile, practical approach to life and can-do attitude.",,58,RAX,Waxing Crescent,https://ttm.mypinata.cloud/ipfs/QmZpTDh1Rdg1b2tM8yJUMSc2iYqx57gNmyjiD9izVaS6Yu,Female,Knowledge,Leader,Determination,Adaptability,Charm,3,2,3,,
Character,MTRA,Moon,1,Europe,GIN,Moon Trainer,"With a strong presence, RAX is not afraid to take charge when needed. She is the group's go-to with her agile, practical approach to life and can-do attitude.",,59,RAX,Waxing Crescent,https://ttm.mypinata.cloud/ipfs/QmWcY9UCiBpWEwN1F7iE2kajCcuJQXouHEzkK29xtHNAsA,Female,Knowledge,Leader,Determination,Adaptability,Charm,2,1,1,,
Character,MTRA,Moon,1,South America,GIN,Moon Trainer,"With a strong presence, RAX is not afraid to take charge when needed. She is the group's go-to with her agile, practical approach to life and can-do attitude.",,92,RAX,Waxing Crescent,https://ttm.mypinata.cloud/ipfs/QmbMxJbzPATq1s1X85K2Kocd5JpXNKQqBNj6PaydvkZKoN,Female,Knowledge,Leader,Determination,Adaptability,Charm,1,3,2,,
Character,MTRA,Moon,1,Australia,GIN,Moon Trainer,"With a strong presence, RAX is not afraid to take charge when needed. She is the group's go-to with her agile, practical approach to life and can-do attitude.",,99,RAX,Waxing Crescent,https://ttm.mypinata.cloud/ipfs/QmV1qbprK1ugC1vonbmRe98fTo1ho5rLkZ19baoWr4RZBj,Female,Knowledge,Leader,Determination,Adaptability,Charm,2,2,1,,
Character,MTRA,Moon,1,Asia,GIN,Moon Trainer,"With a strong presence, RAX is not afraid to take charge when needed. She is the group's go-to with her agile, practical approach to life and can-do attitude.",,12,RAX,Waxing Crescent,https://ttm.mypinata.cloud/ipfs/QmZWk9VKsmExmZNB4xgtzo5LCbC8qyzhwtvNB4YofqVaem,Female,Knowledge,Leader,Determination,Adaptability,Charm,3,3,3,,
Character,MTRA,Moon,1,South America,GIN,Moon Trainer,"With a strong presence, RAX is not afraid to take charge when needed. She is the group's go-to with her agile, practical approach to life and can-do attitude.",,91,RAX,Waxing Crescent,https://ttm.mypinata.cloud/ipfs/QmdvSziV6jM2QMysH1MrGUaocJjadR51yMpW1GJN9ymkKh,Female,Knowledge,Leader,Determination,Adaptability,Charm,3,1,3,,
Character,MTRA,Moon,1,Asia,GIN,Moon Trainer,"With a strong presence, RAX is not afraid to take charge when needed. She is the group's go-to with her agile, practical approach to life and can-do attitude.",,13,RAX,Waxing Crescent,https://ttm.mypinata.cloud/ipfs/QmTCstMYJsiBPrG8FWT7vJZiUFPNKDAnvBYYgkg56zznnS,Female,Knowledge,Leader,Determination,Adaptability,Charm,1,2,1,,
Character,MTRA,Moon,1,Antarctica,GIN,Moon Trainer,"With a strong presence, RAX is not afraid to take charge when needed. She is the group's go-to with her agile, practical approach to life and can-do attitude.",,100,RAX,Waxing Crescent,https://ttm.mypinata.cloud/ipfs/QmQgYJad1Qbuwe2MaFUYDwJxd67hiuHiLKoty84YsUPhr9,Female,Knowledge,Leader,Determination,Adaptability,Charm,3,3,1,,
Character,MTRA,Moon,1,Europe,GIN,Moon Trainer,"With a strong presence, RAX is not afraid to take charge when needed. She is the group's go-to with her agile, practical approach to life and can-do attitude.",,52,RAX,Waxing Crescent,https://ttm.mypinata.cloud/ipfs/QmVgzsWbZbBJMgGWMTHMD8YAQJpfeAbA7Z6S5uUFBsYbQn,Female,Knowledge,Leader,Determination,Adaptability,Charm,1,1,3,,
Character,MTRA,Moon,1,Asia,GIN,Moon Trainer,"With a strong presence, RAX is not afraid to take charge when needed. She is the group's go-to with her agile, practical approach to life and can-do attitude.",,16,RAX,Waxing Crescent,https://ttm.mypinata.cloud/ipfs/QmVf5ENoB4acTZhqzjJGErd9JpcgTQ7XrfT1uDCfNENvEm,Female,Knowledge,Leader,Determination,Adaptability,Charm,3,3,1,,
Character,MTRA,Moon,1,Africa,GIN,Moon Trainer,"With a strong presence, RAX is not afraid to take charge when needed. She is the group's go-to with her agile, practical approach to life and can-do attitude.",,79,RAX,Waxing Crescent,https://ttm.mypinata.cloud/ipfs/QmXtD6mdessWEQPawxgWnULWf8gDDvVjsUqr9ToBTZ9u6c,Female,Knowledge,Leader,Determination,Adaptability,Charm,3,3,3,,
Character,MTRA,Moon,1,North America,GIN,Moon Trainer,"With a strong presence, RAX is not afraid to take charge when needed. She is the group's go-to with her agile, practical approach to life and can-do attitude.",,27,RAX,Waxing Crescent,https://ttm.mypinata.cloud/ipfs/QmcxddPSur4t9W8F3FyeoLQ5nuuM7rRe2XcbNtAp728pah,Female,Knowledge,Leader,Determination,Adaptability,Charm,1,2,2,,
Character,MTRA,Moon,1,Europe,GIN,Moon Trainer,"With a strong presence, RAX is not afraid to take charge when needed. She is the group's go-to with her agile, practical approach to life and can-do attitude.",,56,RAX,Waxing Crescent,https://ttm.mypinata.cloud/ipfs/QmYscarmixP7r8i7xWVvGfic1KnBtMvLrCfJLWzyBd3U2E,Female,Knowledge,Leader,Determination,Adaptability,Charm,2,3,2,,
Character,MTRA,Moon,1,Africa,GIN,Moon Trainer,"With a strong presence, RAX is not afraid to take charge when needed. She is the group's go-to with her agile, practical approach to life and can-do attitude.",,73,RAX,Waxing Crescent,https://ttm.mypinata.cloud/ipfs/QmZHhFwJknapURxJAnhSkX8xPQKWX4LENrSzRqPkSuFKAH,Female,Knowledge,Leader,Determination,Adaptability,Charm,2,1,1,,
Character,MTRA,Moon,1,Europe,GIN,Moon Trainer,"With a strong presence, RAX is not afraid to take charge when needed. She is the group's go-to with her agile, practical approach to life and can-do attitude.",,49,RAX,Waxing Crescent,https://ttm.mypinata.cloud/ipfs/Qmd7gqLSnr7hvx8PL81UhtkCbMg4JwzZYhk2yKR6wTocZK,Female,Knowledge,Leader,Determination,Adaptability,Charm,3,2,1,,
Character,MTRA,Moon,1,Africa,GIN,Moon Trainer,"With a strong presence, RAX is not afraid to take charge when needed. She is the group's go-to with her agile, practical approach to life and can-do attitude.",,74,RAX,Waxing Crescent,https://ttm.mypinata.cloud/ipfs/QmXYWhbX9auG8WuJzpCgk8wZrQsCqTyMTJ4XN9v3j6hHCT,Female,Knowledge,Leader,Determination,Adaptability,Charm,3,1,2,,
Character,MTRA,Moon,1,Europe,GIN,Moon Trainer,"With a strong presence, RAX is not afraid to take charge when needed. She is the group's go-to with her agile, practical approach to life and can-do attitude.",,47,RAX,Waxing Crescent,https://ttm.mypinata.cloud/ipfs/QmPU86iwwELx6TBFQYp6Gq9Lkf3fbo4PkF6yCqegfmkxiC,Female,Knowledge,Leader,Determination,Adaptability,Charm,3,1,1,,
Character,MTRA,Moon,1,North America,GIN,Moon Trainer,"With a strong presence, RAX is not afraid to take charge when needed. She is the group's go-to with her agile, practical approach to life and can-do attitude.",,35,RAX,Waxing Crescent,https://ttm.mypinata.cloud/ipfs/QmT55q43HuJWu1KhMbBsjYxhpEX3YBg15JrgFY6aju64th,Female,Knowledge,Leader,Determination,Adaptability,Charm,1,1,3,,
Character,MTRA,Moon,1,Africa,GIN,Moon Trainer,"With a strong presence, RAX is not afraid to take charge when needed. She is the group's go-to with her agile, practical approach to life and can-do attitude.",,69,RAX,Waxing Crescent,https://ttm.mypinata.cloud/ipfs/QmdJf8G8gC1qTDM9o6U8qcrQu22fHD2yLJHboQaMRRouoa,Female,Knowledge,Leader,Determination,Adaptability,Charm,2,2,2,,
Character,MTRA,Moon,1,South America,GIN,Moon Trainer,"With a strong presence, RAX is not afraid to take charge when needed. She is the group's go-to with her agile, practical approach to life and can-do attitude.",,82,RAX,Waxing Crescent,https://ttm.mypinata.cloud/ipfs/QmcB4Xt7ufeWgrLgMQ6Qh6g7SfaEBaV1ozmKp2s6PSKAAv,Female,Knowledge,Leader,Determination,Adaptability,Charm,3,1,1,,
Character,MTRA,Moon,1,Europe,GIN,Moon Trainer,"With a strong presence, RAX is not afraid to take charge when needed. She is the group's go-to with her agile, practical approach to life and can-do attitude.",,65,RAX,Waxing Crescent,https://ttm.mypinata.cloud/ipfs/QmQm8Tjj7hbVS37rj7EWYK1FEshz6yToyYoZtuUuVh4X9j,Female,Knowledge,Leader,Determination,Adaptability,Charm,1,1,1,,
Character,MTRA,Moon,1,North America,GIN,Moon Trainer,"With a strong presence, RAX is not afraid to take charge when needed. She is the group's go-to with her agile, practical approach to life and can-do attitude.",,32,RAX,Waxing Crescent,https://ttm.mypinata.cloud/ipfs/QmcdjTddFkNpLxnJY3LLy75bmo2TD7M3XywMeXviVv6hTB,Female,Knowledge,Leader,Determination,Adaptability,Charm,2,1,2,,
Character,MTRA,Moon,1,Africa,GIN,Moon Trainer,"With a strong presence, RAX is not afraid to take charge when needed. She is the group's go-to with her agile, practical approach to life and can-do attitude.",,71,RAX,Waxing Crescent,https://ttm.mypinata.cloud/ipfs/QmVt6GKwqRwnSuRuoMwwnsm195sNA7uT3PiisEvHastyVf,Female,Knowledge,Leader,Determination,Adaptability,Charm,1,3,2,,
Character,MTRA,Moon,1,Asia,GIN,Moon Trainer,"With a strong presence, RAX is not afraid to take charge when needed. She is the group's go-to with her agile, practical approach to life and can-do attitude.",,20,RAX,Waxing Crescent,https://ttm.mypinata.cloud/ipfs/QmdzSKrbLSewf8RHwbYRQ7oquQWdFFrFBWMLHcs7VhLwrd,Female,Knowledge,Leader,Determination,Adaptability,Charm,1,2,3,,
Character,MTRA,Moon,1,Europe,GIN,Moon Trainer,"With a strong presence, RAX is not afraid to take charge when needed. She is the group's go-to with her agile, practical approach to life and can-do attitude.",,48,RAX,Waxing Crescent,https://ttm.mypinata.cloud/ipfs/QmbBaR51JoWJQXrjQzVZ8jDPnB9qe3oWQeho2wAY1iiiQH,Female,Knowledge,Leader,Determination,Adaptability,Charm,3,2,2,,
Character,MTRA,Moon,1,Asia,GIN,Moon Trainer,"With a strong presence, RAX is not afraid to take charge when needed. She is the group's go-to with her agile, practical approach to life and can-do attitude.",,9,RAX,Waxing Crescent,https://ttm.mypinata.cloud/ipfs/QmQf4oZgVC8XenAaHZrWKHSxLzSv1tNpM5n9kpNZ2H1Nuh,Female,Knowledge,Leader,Determination,Adaptability,Charm,2,2,1,,
Character,MTRA,Moon,1,South America,GIN,Moon Trainer,"With a strong presence, RAX is not afraid to take charge when needed. She is the group's go-to with her agile, practical approach to life and can-do attitude.",,88,RAX,Waxing Crescent,https://ttm.mypinata.cloud/ipfs/QmeWKNSf45niMKacKg4h1f4TmndQGzuKc5ZMGuzM1tTa38,Female,Knowledge,Leader,Determination,Adaptability,Charm,1,2,3,,
Character,MTRA,Moon,1,Asia,GIN,Moon Trainer,"With a strong presence, RAX is not afraid to take charge when needed. She is the group's go-to with her agile, practical approach to life and can-do attitude.",,21,RAX,Waxing Crescent,https://ttm.mypinata.cloud/ipfs/QmPHd5X8DxZkJ2pfKSh5EU344dLw8d54CHaKVzJzjxGqYp,Female,Knowledge,Leader,Determination,Adaptability,Charm,3,2,3,,
Character,MTRA,Moon,1,Africa,GIN,Moon Trainer,"With a strong presence, RAX is not afraid to take charge when needed. She is the group's go-to with her agile, practical approach to life and can-do attitude.",,80,RAX,Waxing Crescent,https://ttm.mypinata.cloud/ipfs/QmbDrADU875VwjSmw9KFy71bLcs5ui5gN13gmZKByG7Cht,Female,Knowledge,Leader,Determination,Adaptability,Charm,1,3,3,,
Character,MTRA,Moon,1,Asia,GIN,Moon Trainer,"With a strong presence, RAX is not afraid to take charge when needed. She is the group's go-to with her agile, practical approach to life and can-do attitude.",,25,RAX,Waxing Crescent,https://ttm.mypinata.cloud/ipfs/QmeWuM5bcTorcD2UikU9hD4eHVLbdWWgGKrcUx6qaYsSWa,Female,Knowledge,Leader,Determination,Adaptability,Charm,1,3,3,,
Character,MTRA,Moon,1,North America,GIN,Moon Trainer,"With a strong presence, RAX is not afraid to take charge when needed. She is the group's go-to with her agile, practical approach to life and can-do attitude.",,30,RAX,Waxing Crescent,https://ttm.mypinata.cloud/ipfs/QmRfNTgcgRCKe9Sk9LcCqeFW1JuRgNUaejfs7trs9CmTSx,Female,Knowledge,Leader,Determination,Adaptability,Charm,3,1,2,,
Character,MTRA,Moon,1,Asia,GIN,Moon Trainer,"With a strong presence, RAX is not afraid to take charge when needed. She is the group's go-to with her agile, practical approach to life and can-do attitude.",,1,RAX,Waxing Crescent,https://ttm.mypinata.cloud/ipfs/QmbC3ZbwdQUj8FJyRx11zjbJiaRkEYN448j1QJJuU7AMau,Female,Knowledge,Leader,Determination,Adaptability,Charm,1,1,2,,
Character,MTRA,Moon,1,Africa,GIN,Moon Trainer,"With a strong presence, RAX is not afraid to take charge when needed. She is the group's go-to with her agile, practical approach to life and can-do attitude.",,76,RAX,Waxing Crescent,https://ttm.mypinata.cloud/ipfs/QmT4UqR4BvdzSifyjGyQAXRDbHzjYiinbsiFsYLVvqCh9R,Female,Knowledge,Leader,Determination,Adaptability,Charm,2,1,2,,
Character,MTRA,Moon,1,South America,GIN,Moon Trainer,"With a strong presence, RAX is not afraid to take charge when needed. She is the group's go-to with her agile, practical approach to life and can-do attitude.",,93,RAX,Waxing Crescent,https://ttm.mypinata.cloud/ipfs/QmWx1cnMHazeg23ujMftLQR9jkNdyNaLQ2bABsmCYHK9Ap,Female,Knowledge,Leader,Determination,Adaptability,Charm,2,3,2,,
Character,MTRA,Moon,1,South America,GIN,Moon Trainer,"With a strong presence, RAX is not afraid to take charge when needed. She is the group's go-to with her agile, practical approach to life and can-do attitude.",,83,RAX,Waxing Crescent,https://ttm.mypinata.cloud/ipfs/QmNrptTrBWAufkjbcbyohSvkbHjd696Js844Qa6kmfHXRn,Female,Knowledge,Leader,Determination,Adaptability,Charm,2,1,3,,
Character,MTRA,Moon,1,Africa,GIN,Moon Trainer,"With a strong presence, RAX is not afraid to take charge when needed. She is the group's go-to with her agile, practical approach to life and can-do attitude.",,67,RAX,Waxing Crescent,https://ttm.mypinata.cloud/ipfs/QmbgnZdfrgrVHj8QJqh2ZYr9GuyTqDUgposCsnDv2tCvGy,Female,Knowledge,Leader,Determination,Adaptability,Charm,3,1,1,,
Character,MTRA,Moon,1,Africa,GIN,Moon Trainer,"With a strong presence, RAX is not afraid to take charge when needed. She is the group's go-to with her agile, practical approach to life and can-do attitude.",,78,RAX,Waxing Crescent,https://ttm.mypinata.cloud/ipfs/QmPQFirZAwYUUwu6ZSR2mhPGotkji9JsLuAQZQpzT2azbF,Female,Knowledge,Leader,Determination,Adaptability,Charm,2,1,3,,
Character,MTRA,Moon,1,North America,GIN,Moon Trainer,"With a strong presence, RAX is not afraid to take charge when needed. She is the group's go-to with her agile, practical approach to life and can-do attitude.",,26,RAX,Waxing Crescent,https://ttm.mypinata.cloud/ipfs/QmYdWZancFEoB4rXeQJ7XUj51t3fPfjgBxzQ6tCyY5VpjL,Female,Knowledge,Leader,Determination,Adaptability,Charm,1,2,3,,
Character,MTRA,Moon,1,Europe,GIN,Moon Trainer,"With a strong presence, RAX is not afraid to take charge when needed. She is the group's go-to with her agile, practical approach to life and can-do attitude.",,57,RAX,Waxing Crescent,https://ttm.mypinata.cloud/ipfs/QmcehDhuJJ9MX9MMndQ7uFCWC9ycTbxhq6NyJnpnnjLwj2,Female,Knowledge,Leader,Determination,Adaptability,Charm,2,3,3,,
Character,MTRA,Moon,1,Australia,GIN,Moon Trainer,"With a strong presence, RAX is not afraid to take charge when needed. She is the group's go-to with her agile, practical approach to life and can-do attitude.",,97,RAX,Waxing Crescent,https://ttm.mypinata.cloud/ipfs/QmaGrPYfgHKj7JbCE9pQyLaRf61QKJkzPp2vKvxqUPsd7g,Female,Knowledge,Leader,Determination,Adaptability,Charm,2,2,3,,
Character,MTRA,Moon,1,Asia,GIN,Moon Trainer,"With a strong presence, RAX is not afraid to take charge when needed. She is the group's go-to with her agile, practical approach to life and can-do attitude.",,3,RAX,Waxing Crescent,https://ttm.mypinata.cloud/ipfs/QmcTTpLY31F4Sexem6PB83fFUiwjNZJPuRSJdE93Tu2p4z,Female,Knowledge,Leader,Determination,Adaptability,Charm,1,1,2,,
Character,MTRA,Moon,1,Asia,GIN,Moon Trainer,"With a strong presence, RAX is not afraid to take charge when needed. She is the group's go-to with her agile, practical approach to life and can-do attitude.",,17,RAX,Waxing Crescent,https://ttm.mypinata.cloud/ipfs/QmRi9Q6wdsD7E8huk7fKmh3M7V9SBatw1hDAqRtZiCosnu,Female,Knowledge,Leader,Determination,Adaptability,Charm,2,3,3,,
Character,MTRA,Moon,1,Asia,GIN,Moon Trainer,"With a strong presence, RAX is not afraid to take charge when needed. She is the group's go-to with her agile, practical approach to life and can-do attitude.",,24,RAX,Waxing Crescent,https://ttm.mypinata.cloud/ipfs/QmTJ2MonLYNjwhDx1T4neLY9UxAKTQg9k5WqGG1wxvxZuK,Female,Knowledge,Leader,Determination,Adaptability,Charm,2,1,3,,
Character,MTRA,Moon,1,Africa,GIN,Moon Trainer,"With a strong presence, RAX is not afraid to take charge when needed. She is the group's go-to with her agile, practical approach to life and can-do attitude.",,72,RAX,Waxing Crescent,https://ttm.mypinata.cloud/ipfs/QmSM3GTinrQf8r5omGwaFMvvMohjRdqok3Qgbkqu33qjet,Female,Knowledge,Leader,Determination,Adaptability,Charm,1,1,1,,
Character,MTRA,Moon,1,Asia,GIN,Moon Trainer,"With a strong presence, RAX is not afraid to take charge when needed. She is the group's go-to with her agile, practical approach to life and can-do attitude.",,5,RAX,Waxing Crescent,https://ttm.mypinata.cloud/ipfs/QmcKy29FNkBbNYD7w4dguDuNsLfs5djSVgXq1s5hPgttmV,Female,Knowledge,Leader,Determination,Adaptability,Charm,1,3,2,,
Character,MTRA,Moon,1,Asia,GIN,Moon Trainer,"With a strong presence, RAX is not afraid to take charge when needed. She is the group's go-to with her agile, practical approach to life and can-do attitude.",,19,RAX,Waxing Crescent,https://ttm.mypinata.cloud/ipfs/QmbQjZZnWmrb8ZRTN6UHR7Aaq9eyxXJffFiEpoH4cp4QuR,Female,Knowledge,Leader,Determination,Adaptability,Charm,3,2,3,,
Character,MTRA,Moon,1,Asia,GIN,Moon Trainer,"With a strong presence, RAX is not afraid to take charge when needed. She is the group's go-to with her agile, practical approach to life and can-do attitude.",,2,RAX,Waxing Crescent,https://ttm.mypinata.cloud/ipfs/QmQbUYAQrBFpVPnkHFWaqAMxYdJ8E9Lshkq332rLNPcY16,Female,Knowledge,Leader,Determination,Adaptability,Charm,1,3,2,,
Character,MTRA,Moon,1,Africa,GIN,Moon Trainer,"With a strong presence, RAX is not afraid to take charge when needed. She is the group's go-to with her agile, practical approach to life and can-do attitude.",,68,RAX,Waxing Crescent,https://ttm.mypinata.cloud/ipfs/QmdgU4VoWTwmPSMofANgd5PQDQZVezW8K84k2huniycZGU,Female,Knowledge,Leader,Determination,Adaptability,Charm,2,3,1,,
Character,MTRA,Moon,1,South America,GIN,Moon Trainer,"With a strong presence, RAX is not afraid to take charge when needed. She is the group's go-to with her agile, practical approach to life and can-do attitude.",,87,RAX,Waxing Crescent,https://ttm.mypinata.cloud/ipfs/QmYDdiNUu5WVciKbzKbCFDhhzZk5WRQrVgCvGy9ppf39Ye,Female,Knowledge,Leader,Determination,Adaptability,Charm,2,2,2,,
Character,MTRA,Moon,1,South America,GIN,Moon Trainer,"With a strong presence, RAX is not afraid to take charge when needed. She is the group's go-to with her agile, practical approach to life and can-do attitude.",,85,RAX,Waxing Crescent,https://ttm.mypinata.cloud/ipfs/Qmbeu5Z26mTCFvVhsi38PrpMHSeF4d6CBpAWfoovSRgHmK,Female,Knowledge,Leader,Determination,Adaptability,Charm,1,1,1,,
Character,MTRA,Moon,1,North America,GIN,Moon Trainer,"With a strong presence, RAX is not afraid to take charge when needed. She is the group's go-to with her agile, practical approach to life and can-do attitude.",,38,RAX,Waxing Crescent,https://ttm.mypinata.cloud/ipfs/QmUg9yvyhQvSDFTZVCZwAPqidE2dJZPJVGapsYfRaab8zW,Female,Knowledge,Leader,Determination,Adaptability,Charm,1,1,1,,
Character,MTRA,Moon,1,North America,GIN,Moon Trainer,"With a strong presence, RAX is not afraid to take charge when needed. She is the group's go-to with her agile, practical approach to life and can-do attitude.",,33,RAX,Waxing Crescent,https://ttm.mypinata.cloud/ipfs/QmeKe1kjvo48ByumhSx25kNYKHeqH6wVcXtBTib8wDJDqR,Female,Knowledge,Leader,Determination,Adaptability,Charm,3,3,3,,
Character,MTRA,Moon,1,South America,GIN,Moon Trainer,"With a strong presence, RAX is not afraid to take charge when needed. She is the group's go-to with her agile, practical approach to life and can-do attitude.",,95,RAX,Waxing Crescent,https://ttm.mypinata.cloud/ipfs/QmZh6X6son75pHRKFb5q7QEKBPVK1LpaWDJF8P1hwtZByk,Female,Knowledge,Leader,Determination,Adaptability,Charm,3,3,3,,
Character,MTRA,Moon,1,Australia,GIN,Moon Trainer,"With a strong presence, RAX is not afraid to take charge when needed. She is the group's go-to with her agile, practical approach to life and can-do attitude.",,98,RAX,Waxing Crescent,https://ttm.mypinata.cloud/ipfs/QmU6YdUq8mZPYzbux95jpZsA8GeEmk8UB8ETKgwFFjFTKm,Female,Knowledge,Leader,Determination,Adaptability,Charm,1,1,2,,
Character,MTRA,Moon,1,North America,GIN,Moon Trainer,"With a strong presence, RAX is not afraid to take charge when needed. She is the group's go-to with her agile, practical approach to life and can-do attitude.",,45,RAX,Waxing Crescent,https://ttm.mypinata.cloud/ipfs/QmQJxHfHPtvJmp5NzyypkiFKhh3FLhnWh4zs3zqvcmKX1C,Female,Knowledge,Leader,Determination,Adaptability,Charm,2,2,2,,
Character,MTRA,Moon,1,Asia,GIN,Moon Trainer,"With a strong presence, RAX is not afraid to take charge when needed. She is the group's go-to with her agile, practical approach to life and can-do attitude.",,18,RAX,Waxing Crescent,https://ttm.mypinata.cloud/ipfs/QmczWYzr8ne9JEiJfjHLu4Z7wENZPHQyx8Rm6QWLzLA3QV,Female,Knowledge,Leader,Determination,Adaptability,Charm,2,3,1,,
Character,MTRA,Moon,1,North America,GIN,Moon Trainer,"With a strong presence, RAX is not afraid to take charge when needed. She is the group's go-to with her agile, practical approach to life and can-do attitude.",,29,RAX,Waxing Crescent,https://ttm.mypinata.cloud/ipfs/QmZ8j8LvQHbPJbzfnaw4ZQfRDdwU3qazJMfzbKJVCaYiYy,Female,Knowledge,Leader,Determination,Adaptability,Charm,2,1,2,,
Character,MTRA,Moon,1,Africa,GIN,Moon Trainer,"With a strong presence, RAX is not afraid to take charge when needed. She is the group's go-to with her agile, practical approach to life and can-do attitude.",,75,RAX,Waxing Crescent,https://ttm.mypinata.cloud/ipfs/QmW4hYdsQDvLr3auuCP8p6U2ZGnru628s49nS7irjXW2oM,Female,Knowledge,Leader,Determination,Adaptability,Charm,2,3,2,,
Character,MTRA,Moon,1,Europe,GIN,Moon Trainer,"With a strong presence, RAX is not afraid to take charge when needed. She is the group's go-to with her agile, practical approach to life and can-do attitude.",,60,RAX,Waxing Crescent,https://ttm.mypinata.cloud/ipfs/QmRDhVbpjeQdYDrBzSEahwQpvcFGfJcACpgN2TztNQDMhP,Female,Knowledge,Leader,Determination,Adaptability,Charm,2,3,1,,
Character,MTRA,Moon,1,North America,GIN,Moon Trainer,"With a strong presence, RAX is not afraid to take charge when needed. She is the group's go-to with her agile, practical approach to life and can-do attitude.",,40,RAX,Waxing Crescent,https://ttm.mypinata.cloud/ipfs/QmUMY5agaFJJQoQZHN9WvgpnP8SXVwZrdfb2vzaC1esGza,Female,Knowledge,Leader,Determination,Adaptability,Charm,3,2,2,,
Character,MTRA,Moon,1,Europe,GIN,Moon Trainer,"With a strong presence, RAX is not afraid to take charge when needed. She is the group's go-to with her agile, practical approach to life and can-do attitude.",,62,RAX,Waxing Crescent,https://ttm.mypinata.cloud/ipfs/Qmaq6FysqVnSZLjNafPCoyKJphfq6H2kLtzACnneZLosUE,Female,Knowledge,Leader,Determination,Adaptability,Charm,2,3,2,,
Character,MTRA,Moon,1,Asia,GIN,Moon Trainer,"With a strong presence, RAX is not afraid to take charge when needed. She is the group's go-to with her agile, practical approach to life and can-do attitude.",,14,RAX,Waxing Crescent,https://ttm.mypinata.cloud/ipfs/QmPNnsKEgQMa5Nz78PdyXxXdS7fpHoqfLCanS46CRdffTg,Female,Knowledge,Leader,Determination,Adaptability,Charm,1,1,3,,
Character,MTRA,Moon,1,Europe,GIN,Moon Trainer,"With a strong presence, RAX is not afraid to take charge when needed. She is the group's go-to with her agile, practical approach to life and can-do attitude.",,61,RAX,Waxing Crescent,https://ttm.mypinata.cloud/ipfs/QmfRjXc2h1FgAriVsZ774BEs8ZQsAUCd96C9pixtULCbWk,Female,Knowledge,Leader,Determination,Adaptability,Charm,1,2,2,,
Character,MTRA,Moon,1,South America,GIN,Moon Trainer,"With a strong presence, RAX is not afraid to take charge when needed. She is the group's go-to with her agile, practical approach to life and can-do attitude.",,94,RAX,Waxing Crescent,https://ttm.mypinata.cloud/ipfs/QmRF1DTo9wb5TTjxXAjE8hG5WErbkFGCZFfM7nTmZxHa8g,Female,Knowledge,Leader,Determination,Adaptability,Charm,2,1,1,,
Character,MTRA,Moon,1,Asia,GIN,Moon Trainer,"With a strong presence, RAX is not afraid to take charge when needed. She is the group's go-to with her agile, practical approach to life and can-do attitude.",,7,RAX,Waxing Crescent,https://ttm.mypinata.cloud/ipfs/QmNzLdCQXtsBM9j3bo5dj2fe8qjVo9N9ruj2bYE72mPKnR,Female,Knowledge,Leader,Determination,Adaptability,Charm,2,2,3,,
Character,MTRA,Moon,1,Asia,GIN,Moon Trainer,"With a strong presence, RAX is not afraid to take charge when needed. She is the group's go-to with her agile, practical approach to life and can-do attitude.",,11,RAX,Waxing Crescent,https://ttm.mypinata.cloud/ipfs/QmdAZWd5HmMirVN2WtsTpmG8FYtBioeUgGpVip8WqxwpcW,Female,Knowledge,Leader,Determination,Adaptability,Charm,3,3,2,,
Character,MTRA,Moon,1,Europe,GIN,Moon Trainer,"With a strong presence, RAX is not afraid to take charge when needed. She is the group's go-to with her agile, practical approach to life and can-do attitude.",,46,RAX,Waxing Crescent,https://ttm.mypinata.cloud/ipfs/QmPhofYzccNanyJGPPirLMdUUQUpbf4mwdZTKwE3RTFGNw,Female,Knowledge,Leader,Determination,Adaptability,Charm,3,1,3,,
Character,MTRA,Moon,1,South America,GIN,Moon Trainer,"With a strong presence, RAX is not afraid to take charge when needed. She is the group's go-to with her agile, practical approach to life and can-do attitude.",,81,RAX,Waxing Crescent,https://ttm.mypinata.cloud/ipfs/QmTMSiPk82AW5oPcBhQMbEtHsxRMAWXc7M7VEdWXSNpmKs,Female,Knowledge,Leader,Determination,Adaptability,Charm,1,2,2,,
Character,MTRA,Moon,1,Asia,GIN,Moon Trainer,"With a strong presence, RAX is not afraid to take charge when needed. She is the group's go-to with her agile, practical approach to life and can-do attitude.",,23,RAX,Waxing Crescent,https://ttm.mypinata.cloud/ipfs/QmYKvnDPzDgHoWFyH7Bt6X4614ftuUBPuNRiU7ioifzQAW,Female,Knowledge,Leader,Determination,Adaptability,Charm,1,3,3,,
Character,MTRA,Moon,1,Europe,GIN,Moon Trainer,"With a strong presence, RAX is not afraid to take charge when needed. She is the group's go-to with her agile, practical approach to life and can-do attitude.",,53,RAX,Waxing Crescent,https://ttm.mypinata.cloud/ipfs/QmNiRcDYRcNxdQCGA7u6tYg4GdenEFUZY4p6eJMPdoUyYD,Female,Knowledge,Leader,Determination,Adaptability,Charm,2,2,1,,
Character,MTRA,Moon,1,Asia,GIN,Moon Trainer,"With a strong presence, RAX is not afraid to take charge when needed. She is the group's go-to with her agile, practical approach to life and can-do attitude.",,15,RAX,Waxing Crescent,https://ttm.mypinata.cloud/ipfs/QmNRDQpZavH9tAdRVnkZUVip7DLLWo5ysXyHQ4LMQoVFaB,Female,Knowledge,Leader,Determination,Adaptability,Charm,1,2,2,,
Character,MTRA,Moon,1,Asia,GIN,Moon Trainer,"With a strong presence, RAX is not afraid to take charge when needed. She is the group's go-to with her agile, practical approach to life and can-do attitude.",,8,RAX,Waxing Crescent,https://ttm.mypinata.cloud/ipfs/QmdzX84JY5P3STu7GryKFtX9MfiNmYea2fJeQFdGFHGqn1,Female,Knowledge,Leader,Determination,Adaptability,Charm,1,3,1,,
Character,MTRA,Moon,1,South America,GIN,Moon Trainer,"With a strong presence, RAX is not afraid to take charge when needed. She is the group's go-to with her agile, practical approach to life and can-do attitude.",,84,RAX,Waxing Crescent,https://ttm.mypinata.cloud/ipfs/QmQpahsY23J83RCpoEKpva9gA5vN4E4KKd3rLRiBtcVzTY,Female,Knowledge,Leader,Determination,Adaptability,Charm,1,2,1,,
Character,MTRA,Moon,1,North America,GIN,Moon Trainer,"With a strong presence, RAX is not afraid to take charge when needed. She is the group's go-to with her agile, practical approach to life and can-do attitude.",,28,RAX,Waxing Crescent,https://ttm.mypinata.cloud/ipfs/QmXsBJ5S8RA9TUA4RVBGMWxvn99w6fwaLgxAT7De1n2NTw,Female,Knowledge,Leader,Determination,Adaptability,Charm,2,2,3,,
Character,MTRA,Moon,1,Asia,GIN,Moon Trainer,"With a strong presence, RAX is not afraid to take charge when needed. She is the group's go-to with her agile, practical approach to life and can-do attitude.",,22,RAX,Waxing Crescent,https://ttm.mypinata.cloud/ipfs/QmaqSmrmLbyspBz4eJsCwiqadMSLSmMC7WRjRJBUEnQJqE,Female,Knowledge,Leader,Determination,Adaptability,Charm,1,3,3,,
Character,MTRA,Moon,1,Africa,GIN,Moon Trainer,"With a strong presence, RAX is not afraid to take charge when needed. She is the group's go-to with her agile, practical approach to life and can-do attitude.",,66,RAX,Waxing Crescent,https://ttm.mypinata.cloud/ipfs/QmZAyhHKrMc13UzDVzi7D8DstPiiSCt7kYFEu6z9kNojj9,Female,Knowledge,Leader,Determination,Adaptability,Charm,3,3,1,,
Character,MTRA,Moon,1,Europe,GIN,Moon Trainer,"With a strong presence, RAX is not afraid to take charge when needed. She is the group's go-to with her agile, practical approach to life and can-do attitude.",,50,RAX,Waxing Crescent,https://ttm.mypinata.cloud/ipfs/QmTteAfVuzPZ4TGhUHfoJda7AzkNfc5MoMzzvSuD3N2wus,Female,Knowledge,Leader,Determination,Adaptability,Charm,3,3,3,,
Character,MTRA,Moon,1,Africa,GIN,Moon Trainer,"With a strong presence, RAX is not afraid to take charge when needed. She is the group's go-to with her agile, practical approach to life and can-do attitude.",,70,RAX,Waxing Crescent,https://ttm.mypinata.cloud/ipfs/Qmad4AV3fdSkVRJRtTroJRnZRtKbCVdxn7Bdq5qtcyVbJM,Female,Knowledge,Leader,Determination,Adaptability,Charm,3,2,1,,
Character,MTRA,Moon,1,South America,GIN,Moon Trainer,"With a strong presence, RAX is not afraid to take charge when needed. She is the group's go-to with her agile, practical approach to life and can-do attitude.",,89,RAX,Waxing Crescent,https://ttm.mypinata.cloud/ipfs/QmTudej8L4ArXz8j1WyBUMiykqLn5TSZmMpJ8aGsZytDxS,Female,Knowledge,Leader,Determination,Adaptability,Charm,1,3,1,,
Character,MTRA,Moon,1,Asia,GIN,Moon Trainer,"With a strong presence, RAX is not afraid to take charge when needed. She is the group's go-to with her agile, practical approach to life and can-do attitude.",,6,RAX,Waxing Crescent,https://ttm.mypinata.cloud/ipfs/Qma6Z26SKr2XEB4zyqMyqHDELj2LMhbg6vpWqKVfNyv9Dk,Female,Knowledge,Leader,Determination,Adaptability,Charm,1,3,1,,
Character,MTRA,Moon,1,Asia,GIN,Moon Trainer,"With a strong presence, RAX is not afraid to take charge when needed. She is the group's go-to with her agile, practical approach to life and can-do attitude.",,4,RAX,Waxing Crescent,https://ttm.mypinata.cloud/ipfs/QmWLYFfE3M4F9ygbqu8Kk28rDdfJHxJ8ebk46mvc8Nr953,Female,Knowledge,Leader,Determination,Adaptability,Charm,3,3,2,,
Character,MTRA,Moon,1,South America,GIN,Moon Trainer,"With a strong presence, RAX is not afraid to take charge when needed. She is the group's go-to with her agile, practical approach to life and can-do attitude.",,90,RAX,Waxing Crescent,https://ttm.mypinata.cloud/ipfs/QmeB2wREP9EqMDw58RM8PNj1RjXqawF9EYCRYttQbskBNG,Female,Knowledge,Leader,Determination,Adaptability,Charm,3,1,3,,
Character,MTRA,Moon,1,Asia,GIN,Moon Trainer,"With a strong presence, RAX is not afraid to take charge when needed. She is the group's go-to with her agile, practical approach to life and can-do attitude.",,10,RAX,Waxing Crescent,https://ttm.mypinata.cloud/ipfs/QmUfgq1UzVEwNgjgRwVqcJeudcLWUapnUNY4NQKgFWRGMc,Female,Knowledge,Leader,Determination,Adaptability,Charm,2,2,3,,
Character,MTRA,Moon,1,North America,GIN,Moon Trainer,"With a strong presence, RAX is not afraid to take charge when needed. She is the group's go-to with her agile, practical approach to life and can-do attitude.",,34,RAX,Waxing Crescent,https://ttm.mypinata.cloud/ipfs/QmT7pGbAPs3ENntUWuZ9Y59ufE2gVNG8hjTMqpdXXwDt48,Female,Knowledge,Leader,Determination,Adaptability,Charm,2,2,2,,
Character,MTRA,Moon,1,Europe,GIN,Moon Trainer,"With a strong presence, RAX is not afraid to take charge when needed. She is the group's go-to with her agile, practical approach to life and can-do attitude.",,63,RAX,Waxing Crescent,https://ttm.mypinata.cloud/ipfs/QmQwxSmW25CXQ7zrDXpb1vR4VE9EyGJSRW8KgtCPegd1J1,Female,Knowledge,Leader,Determination,Adaptability,Charm,1,1,2,,
Character,MTRA,Moon,1,Europe,GIN,Moon Trainer,"With a strong presence, RAX is not afraid to take charge when needed. She is the group's go-to with her agile, practical approach to life and can-do attitude.",,55,RAX,Waxing Crescent,https://ttm.mypinata.cloud/ipfs/QmRyBe6qdykMXWdv29GY2mna3gt3nvSRryP5vSaRCE2fUe,Female,Knowledge,Leader,Determination,Adaptability,Charm,2,2,1,,
Character,MTRA,Moon,1,North America,GIN,Moon Trainer,"With a strong presence, RAX is not afraid to take charge when needed. She is the group's go-to with her agile, practical approach to life and can-do attitude.",,44,RAX,Waxing Crescent,https://ttm.mypinata.cloud/ipfs/QmbGs1HofGaDAK2DfmWbe5a3WCVdJjpBW6SoagR1XnFWLr,Female,Knowledge,Leader,Determination,Adaptability,Charm,3,1,2,,
Character,MTRA,Moon,1,North America,GIN,Moon Trainer,"With a strong presence, RAX is not afraid to take charge when needed. She is the group's go-to with her agile, practical approach to life and can-do attitude.",,41,RAX,Waxing Crescent,https://ttm.mypinata.cloud/ipfs/QmbJkCD8xTMiqLmiFVUruGhehQ9GLCuC7G4WTvi1qkKqWR,Female,Knowledge,Leader,Determination,Adaptability,Charm,2,3,1,,
Character,MTRA,Moon,1,North America,GIN,Moon Trainer,"With a strong presence, RAX is not afraid to take charge when needed. She is the group's go-to with her agile, practical approach to life and can-do attitude.",,39,RAX,Waxing Crescent,https://ttm.mypinata.cloud/ipfs/QmTFQy4G2xncuuGVcS7KPrG4SA1NwptL5BmDHh8C46TsM8,Female,Knowledge,Leader,Determination,Adaptability,Charm,3,2,1,,
Character,MTRA,Moon,1,Europe,GIN,Moon Trainer,"With a strong presence, RAX is not afraid to take charge when needed. She is the group's go-to with her agile, practical approach to life and can-do attitude.",,54,RAX,Waxing Crescent,https://ttm.mypinata.cloud/ipfs/QmWsA7Eph5rnNSgjbtjEDKk2oJiGvgw7QjVHkn4m2MqnxL,Female,Knowledge,Leader,Determination,Adaptability,Charm,1,1,3,,
Character,MTRA,Moon,1,South America,GIN,Moon Trainer,"With a strong presence, RAX is not afraid to take charge when needed. She is the group's go-to with her agile, practical approach to life and can-do attitude.",,86,RAX,Waxing Crescent,https://ttm.mypinata.cloud/ipfs/QmbqBvjRksDn3eNgSUBmjK76UmnhRXhDcbio8W69qQAKWp,Female,Knowledge,Leader,Determination,Adaptability,Charm,2,1,2,,
Character,MTI,Moon,1,Asia,GIN,Moon Trainer,"IZI definitely gives more than she gets, but that doesn’t mean she’s ever at a loss- it’s just literally impossible to match her kindness. The universe sees this and acts accordingly as it constantly sends delightful surprises her way.",,21,IZI,First Quarter,https://ipfs.tothemoon.net/ipfs/QmTARgbgMYtq6qtMfcr6PFC1cbpK9yPmjPC9ACn9LewGWc,Female,Gratitude,Luck,Efficiency,Charisma,Generosity,3,2,3,,
Character,MTI,Moon,1,Asia,GIN,Moon Trainer,"IZI definitely gives more than she gets, but that doesn’t mean she’s ever at a loss- it’s just literally impossible to match her kindness. The universe sees this and acts accordingly as it constantly sends delightful surprises her way.",,1,IZI,First Quarter,https://ipfs.tothemoon.net/ipfs/Qmb8HcfbMCYDEnkY1bQ7Zbwih68am3YbF9F8AFgrnbqNAQ,Female,Gratitude,Luck,Efficiency,Charisma,Generosity,1,1,2,,
Character,MTI,Moon,1,Asia,GIN,Moon Trainer,"IZI definitely gives more than she gets, but that doesn’t mean she’s ever at a loss- it’s just literally impossible to match her kindness. The universe sees this and acts accordingly as it constantly sends delightful surprises her way.",,15,IZI,First Quarter,https://ipfs.tothemoon.net/ipfs/QmPci2qUdGA4EGnx6Zud2DvDT1EAmnssqRH7i3CHjz27tQ,Female,Gratitude,Luck,Efficiency,Charisma,Generosity,1,2,2,,
Character,MTI,Moon,1,Europe,GIN,Moon Trainer,"IZI definitely gives more than she gets, but that doesn’t mean she’s ever at a loss- it’s just literally impossible to match her kindness. The universe sees this and acts accordingly as it constantly sends delightful surprises her way.",,62,IZI,First Quarter,https://ipfs.tothemoon.net/ipfs/QmPdXBGbqgdKcrVBXXVaut9bBZ17Mb57zuwcP38K6XLAzT,Female,Gratitude,Luck,Efficiency,Charisma,Generosity,2,3,2,,
Character,MTI,Moon,1,North America,GIN,Moon Trainer,"IZI definitely gives more than she gets, but that doesn’t mean she’s ever at a loss- it’s just literally impossible to match her kindness. The universe sees this and acts accordingly as it constantly sends delightful surprises her way.",,43,IZI,First Quarter,https://ipfs.tothemoon.net/ipfs/Qmch3HCkTNgXqqBipB8cEkXjENPE9YhPTFV8yPoZwg7ZP1,Female,Gratitude,Luck,Efficiency,Charisma,Generosity,3,2,2,,
Character,MTI,Moon,1,South America,GIN,Moon Trainer,"IZI definitely gives more than she gets, but that doesn’t mean she’s ever at a loss- it’s just literally impossible to match her kindness. The universe sees this and acts accordingly as it constantly sends delightful surprises her way.",,89,IZI,First Quarter,https://ipfs.tothemoon.net/ipfs/QmcfC9swmeag7JEpQ2sdK38ttutnY8xwqfw6fPUzYRCU5i,Female,Gratitude,Luck,Efficiency,Charisma,Generosity,1,3,1,,
Character,MTI,Moon,1,Asia,GIN,Moon Trainer,"IZI definitely gives more than she gets, but that doesn’t mean she’s ever at a loss- it’s just literally impossible to match her kindness. The universe sees this and acts accordingly as it constantly sends delightful surprises her way.",,19,IZI,First Quarter,https://ipfs.tothemoon.net/ipfs/QmQNRX4BqufQFhwmWVPwbWs9kQquax9U3MSmpbLFa4HJtE,Female,Gratitude,Luck,Efficiency,Charisma,Generosity,3,2,3,,
Character,MTI,Moon,1,Africa,GIN,Moon Trainer,"IZI definitely gives more than she gets, but that doesn’t mean she’s ever at a loss- it’s just literally impossible to match her kindness. The universe sees this and acts accordingly as it constantly sends delightful surprises her way.",,70,IZI,First Quarter,https://ipfs.tothemoon.net/ipfs/QmSGK1uYomN2LP8eMwhyq9pQkUQAxvbVa14W26eZzRtm1V,Female,Gratitude,Luck,Efficiency,Charisma,Generosity,3,2,1,,
Character,MTI,Moon,1,North America,GIN,Moon Trainer,"IZI definitely gives more than she gets, but that doesn’t mean she’s ever at a loss- it’s just literally impossible to match her kindness. The universe sees this and acts accordingly as it constantly sends delightful surprises her way.",,29,IZI,First Quarter,https://ipfs.tothemoon.net/ipfs/QmVYwVyar6cAWXvKvmSWW7hPj2k41xs94Ezkdnb8djddQv,Female,Gratitude,Luck,Efficiency,Charisma,Generosity,2,1,2,,
Character,MTI,Moon,1,North America,GIN,Moon Trainer,"IZI definitely gives more than she gets, but that doesn’t mean she’s ever at a loss- it’s just literally impossible to match her kindness. The universe sees this and acts accordingly as it constantly sends delightful surprises her way.",,42,IZI,First Quarter,https://ipfs.tothemoon.net/ipfs/QmY6nJPnLiMbFA357MPP12rWP4CuiwzU5usWrd6PuyLW5a,Female,Gratitude,Luck,Efficiency,Charisma,Generosity,2,3,3,,
Character,MTI,Moon,1,Asia,GIN,Moon Trainer,"IZI definitely gives more than she gets, but that doesn’t mean she’s ever at a loss- it’s just literally impossible to match her kindness. The universe sees this and acts accordingly as it constantly sends delightful surprises her way.",,2,IZI,First Quarter,https://ipfs.tothemoon.net/ipfs/QmWnpqX42aDf4JA2NqrSDnp5SEWfjoNJmofsWn2GEsYYdT,Female,Gratitude,Luck,Efficiency,Charisma,Generosity,1,3,2,,
Character,MTI,Moon,1,South America,GIN,Moon Trainer,"IZI definitely gives more than she gets, but that doesn’t mean she’s ever at a loss- it’s just literally impossible to match her kindness. The universe sees this and acts accordingly as it constantly sends delightful surprises her way.",,94,IZI,First Quarter,https://ipfs.tothemoon.net/ipfs/QmNzs49vk2jQpSu4b6YvGaZXntzNh4jFkBBhEKgXFWfAgd,Female,Gratitude,Luck,Efficiency,Charisma,Generosity,2,1,1,,
Character,MTI,Moon,1,North America,GIN,Moon Trainer,"IZI definitely gives more than she gets, but that doesn’t mean she’s ever at a loss- it’s just literally impossible to match her kindness. The universe sees this and acts accordingly as it constantly sends delightful surprises her way.",,33,IZI,First Quarter,https://ipfs.tothemoon.net/ipfs/QmdoSoB9bBKh1jZXpETMZwx5e1LWq4R8FEijHBLJoLckYj,Female,Gratitude,Luck,Efficiency,Charisma,Generosity,3,3,3,,
Character,MTI,Moon,1,Europe,GIN,Moon Trainer,"IZI definitely gives more than she gets, but that doesn’t mean she’s ever at a loss- it’s just literally impossible to match her kindness. The universe sees this and acts accordingly as it constantly sends delightful surprises her way.",,59,IZI,First Quarter,https://ipfs.tothemoon.net/ipfs/QmRPyX1RCzNkjWwqoukqfY67gHjE47Wmsswqj2A3HKxbXx,Female,Gratitude,Luck,Efficiency,Charisma,Generosity,2,1,1,,
Character,MTI,Moon,1,South America,GIN,Moon Trainer,"IZI definitely gives more than she gets, but that doesn’t mean she’s ever at a loss- it’s just literally impossible to match her kindness. The universe sees this and acts accordingly as it constantly sends delightful surprises her way.",,92,IZI,First Quarter,https://ipfs.tothemoon.net/ipfs/QmczmeHKCCFcDZisTBjMXdPTyvANgzwdmrEC9JuWGjGHyX,Female,Gratitude,Luck,Efficiency,Charisma,Generosity,1,3,2,,
Character,MTI,Moon,1,Asia,GIN,Moon Trainer,"IZI definitely gives more than she gets, but that doesn’t mean she’s ever at a loss- it’s just literally impossible to match her kindness. The universe sees this and acts accordingly as it constantly sends delightful surprises her way.",,9,IZI,First Quarter,https://ipfs.tothemoon.net/ipfs/QmVefwbFpY8aU7tY1eeSPg1bFo6T9rQaGGNrQqSdjNK4cr,Female,Gratitude,Luck,Efficiency,Charisma,Generosity,2,2,1,,
Character,MTI,Moon,1,Asia,GIN,Moon Trainer,"IZI definitely gives more than she gets, but that doesn’t mean she’s ever at a loss- it’s just literally impossible to match her kindness. The universe sees this and acts accordingly as it constantly sends delightful surprises her way.",,5,IZI,First Quarter,https://ipfs.tothemoon.net/ipfs/Qmbif8iSj787vZR7Lo6Uofb8uWJyfv88XzPYjikRN3bx3e,Female,Gratitude,Luck,Efficiency,Charisma,Generosity,1,3,2,,
Character,MTI,Moon,1,Europe,GIN,Moon Trainer,"IZI definitely gives more than she gets, but that doesn’t mean she’s ever at a loss- it’s just literally impossible to match her kindness. The universe sees this and acts accordingly as it constantly sends delightful surprises her way.",,47,IZI,First Quarter,https://ipfs.tothemoon.net/ipfs/QmWMUM4GgWmRL6XUUQfFbwWQb9dPcjwnE9DXvsJREbnynh,Female,Gratitude,Luck,Efficiency,Charisma,Generosity,3,1,1,,
Character,MTI,Moon,1,Europe,GIN,Moon Trainer,"IZI definitely gives more than she gets, but that doesn’t mean she’s ever at a loss- it’s just literally impossible to match her kindness. The universe sees this and acts accordingly as it constantly sends delightful surprises her way.",,56,IZI,First Quarter,https://ipfs.tothemoon.net/ipfs/QmQWZdu2rcccxZbzhhPTQPJL6k1CvSEvoTJbRUZM6HNXeC,Female,Gratitude,Luck,Efficiency,Charisma,Generosity,2,3,2,,
Character,MTI,Moon,1,South America,GIN,Moon Trainer,"IZI definitely gives more than she gets, but that doesn’t mean she’s ever at a loss- it’s just literally impossible to match her kindness. The universe sees this and acts accordingly as it constantly sends delightful surprises her way.",,87,IZI,First Quarter,https://ipfs.tothemoon.net/ipfs/QmZhRbiqzjQfGMcY7M4ULC5rgTNuYqZJujqU22YRJghEdN,Female,Gratitude,Luck,Efficiency,Charisma,Generosity,2,2,2,,
Character,MTI,Moon,1,North America,GIN,Moon Trainer,"IZI definitely gives more than she gets, but that doesn’t mean she’s ever at a loss- it’s just literally impossible to match her kindness. The universe sees this and acts accordingly as it constantly sends delightful surprises her way.",,31,IZI,First Quarter,https://ipfs.tothemoon.net/ipfs/QmUfpJaMDdy2iGYg5YAPgSQdVKEMtCGnW9WnMRTy5Xp7yT,Female,Gratitude,Luck,Efficiency,Charisma,Generosity,2,3,3,,
Character,MTI,Moon,1,Africa,GIN,Moon Trainer,"IZI definitely gives more than she gets, but that doesn’t mean she’s ever at a loss- it’s just literally impossible to match her kindness. The universe sees this and acts accordingly as it constantly sends delightful surprises her way.",,72,IZI,First Quarter,https://ipfs.tothemoon.net/ipfs/QmeVmCUphvTdVxNziV7zncoFefjMi9dM2pWx4G3xYR36NC,Female,Gratitude,Luck,Efficiency,Charisma,Generosity,1,1,1,,
Character,MTI,Moon,1,Asia,GIN,Moon Trainer,"IZI definitely gives more than she gets, but that doesn’t mean she’s ever at a loss- it’s just literally impossible to match her kindness. The universe sees this and acts accordingly as it constantly sends delightful surprises her way.",,3,IZI,First Quarter,https://ipfs.tothemoon.net/ipfs/QmVZaFjj6pKoFyau14MBBnuFj5cboQEBn4WT8NXMUyZfuv,Female,Gratitude,Luck,Efficiency,Charisma,Generosity,1,1,2,,
Character,MTI,Moon,1,Africa,GIN,Moon Trainer,"IZI definitely gives more than she gets, but that doesn’t mean she’s ever at a loss- it’s just literally impossible to match her kindness. The universe sees this and acts accordingly as it constantly sends delightful surprises her way.",,69,IZI,First Quarter,https://ipfs.tothemoon.net/ipfs/QmRfJGm1zqZZ3zxBL7p2vMwwNSVuukkP1CzNH6dvCgvZ8K,Female,Gratitude,Luck,Efficiency,Charisma,Generosity,2,2,2,,
Character,MTI,Moon,1,Africa,GIN,Moon Trainer,"IZI definitely gives more than she gets, but that doesn’t mean she’s ever at a loss- it’s just literally impossible to match her kindness. The universe sees this and acts accordingly as it constantly sends delightful surprises her way.",,75,IZI,First Quarter,https://ipfs.tothemoon.net/ipfs/QmSxY9So8ggKm5qaU9UZQ8T1HYkXfek3FMYtRZQt1n5m86,Female,Gratitude,Luck,Efficiency,Charisma,Generosity,2,3,2,,
Character,MTI,Moon,1,South America,GIN,Moon Trainer,"IZI definitely gives more than she gets, but that doesn’t mean she’s ever at a loss- it’s just literally impossible to match her kindness. The universe sees this and acts accordingly as it constantly sends delightful surprises her way.",,83,IZI,First Quarter,https://ipfs.tothemoon.net/ipfs/QmeavsDVG3FNW9uwGBSmoFLc8YyQKXoe2WFU48d9MUthSQ,Female,Gratitude,Luck,Efficiency,Charisma,Generosity,2,1,3,,
Character,MTI,Moon,1,Asia,GIN,Moon Trainer,"IZI definitely gives more than she gets, but that doesn’t mean she’s ever at a loss- it’s just literally impossible to match her kindness. The universe sees this and acts accordingly as it constantly sends delightful surprises her way.",,10,IZI,First Quarter,https://ipfs.tothemoon.net/ipfs/QmZ5WSQj5UQ443JRBniD6BBkmBjvGkthkjHTGPciQaHExM,Female,Gratitude,Luck,Efficiency,Charisma,Generosity,2,2,3,,
Character,MTI,Moon,1,Asia,GIN,Moon Trainer,"IZI definitely gives more than she gets, but that doesn’t mean she’s ever at a loss- it’s just literally impossible to match her kindness. The universe sees this and acts accordingly as it constantly sends delightful surprises her way.",,22,IZI,First Quarter,https://ipfs.tothemoon.net/ipfs/QmTE8m291ENtuo751borisoZKyMwDa3bLhu42ybrgosZL7,Female,Gratitude,Luck,Efficiency,Charisma,Generosity,1,3,3,,
Character,MTI,Moon,1,South America,GIN,Moon Trainer,"IZI definitely gives more than she gets, but that doesn’t mean she’s ever at a loss- it’s just literally impossible to match her kindness. The universe sees this and acts accordingly as it constantly sends delightful surprises her way.",,82,IZI,First Quarter,https://ipfs.tothemoon.net/ipfs/QmV4i16N2sGhQUS6enrLid7MjKXssZzQDaLpLQ3X1xE8P8,Female,Gratitude,Luck,Efficiency,Charisma,Generosity,3,1,1,,
Character,MTI,Moon,1,Asia,GIN,Moon Trainer,"IZI definitely gives more than she gets, but that doesn’t mean she’s ever at a loss- it’s just literally impossible to match her kindness. The universe sees this and acts accordingly as it constantly sends delightful surprises her way.",,17,IZI,First Quarter,https://ipfs.tothemoon.net/ipfs/QmRGhdh75WivP7DCckkooTv74YwuAccn1Uwa39uctRyjVa,Female,Gratitude,Luck,Efficiency,Charisma,Generosity,2,3,3,,
Character,MTI,Moon,1,North America,GIN,Moon Trainer,"IZI definitely gives more than she gets, but that doesn’t mean she’s ever at a loss- it’s just literally impossible to match her kindness. The universe sees this and acts accordingly as it constantly sends delightful surprises her way.",,26,IZI,First Quarter,https://ipfs.tothemoon.net/ipfs/QmSpb5UaVpPhRdAoiQo51wzcm6eAoAJpeu6PrePPhuRsG5,Female,Gratitude,Luck,Efficiency,Charisma,Generosity,1,2,3,,
Character,MTI,Moon,1,Europe,GIN,Moon Trainer,"IZI definitely gives more than she gets, but that doesn’t mean she’s ever at a loss- it’s just literally impossible to match her kindness. The universe sees this and acts accordingly as it constantly sends delightful surprises her way.",,55,IZI,First Quarter,https://ipfs.tothemoon.net/ipfs/QmVi1h8uHYsQL4ijV2WRU8Dxu3iDM3Vg3dGtVwXDv4r9Gr,Female,Gratitude,Luck,Efficiency,Charisma,Generosity,2,2,1,,
Character,MTI,Moon,1,South America,GIN,Moon Trainer,"IZI definitely gives more than she gets, but that doesn’t mean she’s ever at a loss- it’s just literally impossible to match her kindness. The universe sees this and acts accordingly as it constantly sends delightful surprises her way.",,88,IZI,First Quarter,https://ipfs.tothemoon.net/ipfs/QmTaCxLHGHwuPYzJsGiS9guGNG9ZgAgwrUwZxqURC9zHPY,Female,Gratitude,Luck,Efficiency,Charisma,Generosity,1,2,3,,
Character,MTI,Moon,1,Asia,GIN,Moon Trainer,"IZI definitely gives more than she gets, but that doesn’t mean she’s ever at a loss- it’s just literally impossible to match her kindness. The universe sees this and acts accordingly as it constantly sends delightful surprises her way.",,25,IZI,First Quarter,https://ipfs.tothemoon.net/ipfs/QmUQt93nDJEyB4H89oRhA8LSNQNFTPwTRoPwFk3FYGeSXA,Female,Gratitude,Luck,Efficiency,Charisma,Generosity,1,3,3,,
Character,MTI,Moon,1,Europe,GIN,Moon Trainer,"IZI definitely gives more than she gets, but that doesn’t mean she’s ever at a loss- it’s just literally impossible to match her kindness. The universe sees this and acts accordingly as it constantly sends delightful surprises her way.",,65,IZI,First Quarter,https://ipfs.tothemoon.net/ipfs/QmV7Mv4EhjhVw7qERufe2szi2iivdMBcFttDX34c75GjRn,Female,Gratitude,Luck,Efficiency,Charisma,Generosity,1,1,1,,
Character,MTI,Moon,1,Europe,GIN,Moon Trainer,"IZI definitely gives more than she gets, but that doesn’t mean she’s ever at a loss- it’s just literally impossible to match her kindness. The universe sees this and acts accordingly as it constantly sends delightful surprises her way.",,64,IZI,First Quarter,https://ipfs.tothemoon.net/ipfs/QmWbM1GcMbT28uxAadV2gydBvu8py7qXy8hji3qYrRNXMz,Female,Gratitude,Luck,Efficiency,Charisma,Generosity,1,2,3,,
Character,MTI,Moon,1,North America,GIN,Moon Trainer,"IZI definitely gives more than she gets, but that doesn’t mean she’s ever at a loss- it’s just literally impossible to match her kindness. The universe sees this and acts accordingly as it constantly sends delightful surprises her way.",,44,IZI,First Quarter,https://ipfs.tothemoon.net/ipfs/QmcAE1pHhjMWC6xSXh43M4i9kWEoy61bdDLMr5a2jpCoHN,Female,Gratitude,Luck,Efficiency,Charisma,Generosity,3,1,2,,
Character,MTI,Moon,1,Asia,GIN,Moon Trainer,"IZI definitely gives more than she gets, but that doesn’t mean she’s ever at a loss- it’s just literally impossible to match her kindness. The universe sees this and acts accordingly as it constantly sends delightful surprises her way.",,23,IZI,First Quarter,https://ipfs.tothemoon.net/ipfs/QmRbFE1SMeJeZfCSwmuPEZZRbQ4Gv1dnuriSTyysFzTa4Q,Female,Gratitude,Luck,Efficiency,Charisma,Generosity,1,3,3,,
Character,MTI,Moon,1,Asia,GIN,Moon Trainer,"IZI definitely gives more than she gets, but that doesn’t mean she’s ever at a loss- it’s just literally impossible to match her kindness. The universe sees this and acts accordingly as it constantly sends delightful surprises her way.",,18,IZI,First Quarter,https://ipfs.tothemoon.net/ipfs/QmXVvKZ52L8DepoHkusaaZWA2LfxE73mFr9R9jnVEfyh3y,Female,Gratitude,Luck,Efficiency,Charisma,Generosity,2,3,1,,
Character,MTI,Moon,1,North America,GIN,Moon Trainer,"IZI definitely gives more than she gets, but that doesn’t mean she’s ever at a loss- it’s just literally impossible to match her kindness. The universe sees this and acts accordingly as it constantly sends delightful surprises her way.",,30,IZI,First Quarter,https://ipfs.tothemoon.net/ipfs/QmUs4W7MAqYiXA7wyF1tQQF3DjXy6KobMW1xFnmVn5Tnu2,Female,Gratitude,Luck,Efficiency,Charisma,Generosity,3,1,2,,
Character,MTI,Moon,1,North America,GIN,Moon Trainer,"IZI definitely gives more than she gets, but that doesn’t mean she’s ever at a loss- it’s just literally impossible to match her kindness. The universe sees this and acts accordingly as it constantly sends delightful surprises her way.",,41,IZI,First Quarter,https://ipfs.tothemoon.net/ipfs/QmaaZdP5uLZDdpQiAGLebZtro5Z7goved87dJrdrbZwYRs,Female,Gratitude,Luck,Efficiency,Charisma,Generosity,2,3,1,,
Character,MTI,Moon,1,South America,GIN,Moon Trainer,"IZI definitely gives more than she gets, but that doesn’t mean she’s ever at a loss- it’s just literally impossible to match her kindness. The universe sees this and acts accordingly as it constantly sends delightful surprises her way.",,93,IZI,First Quarter,https://ipfs.tothemoon.net/ipfs/QmebngGBEujkaULiDW2MfFb2HwvRHoRZcFuUYXPzUxCDAt,Female,Gratitude,Luck,Efficiency,Charisma,Generosity,2,3,2,,
Character,MTI,Moon,1,Asia,GIN,Moon Trainer,"IZI definitely gives more than she gets, but that doesn’t mean she’s ever at a loss- it’s just literally impossible to match her kindness. The universe sees this and acts accordingly as it constantly sends delightful surprises her way.",,8,IZI,First Quarter,https://ipfs.tothemoon.net/ipfs/QmaDcknX7jEjxgBKmiuCZh2vCTvZSC876L7NrPbskLddC8,Female,Gratitude,Luck,Efficiency,Charisma,Generosity,1,3,1,,
Character,MTI,Moon,1,South America,GIN,Moon Trainer,"IZI definitely gives more than she gets, but that doesn’t mean she’s ever at a loss- it’s just literally impossible to match her kindness. The universe sees this and acts accordingly as it constantly sends delightful surprises her way.",,84,IZI,First Quarter,https://ipfs.tothemoon.net/ipfs/Qmb6RA8dkzM2hH5JeUJYDyqkS3ULT4jhPChTBBoqvjbaSS,Female,Gratitude,Luck,Efficiency,Charisma,Generosity,1,2,1,,
Character,MTI,Moon,1,North America,GIN,Moon Trainer,"IZI definitely gives more than she gets, but that doesn’t mean she’s ever at a loss- it’s just literally impossible to match her kindness. The universe sees this and acts accordingly as it constantly sends delightful surprises her way.",,40,IZI,First Quarter,https://ipfs.tothemoon.net/ipfs/QmSUoFGmf1oewKmnrmaCXRVoie8Paarq1jsRfk27wp2VJA,Female,Gratitude,Luck,Efficiency,Charisma,Generosity,3,2,2,,
Character,MTI,Moon,1,Africa,GIN,Moon Trainer,"IZI definitely gives more than she gets, but that doesn’t mean she’s ever at a loss- it’s just literally impossible to match her kindness. The universe sees this and acts accordingly as it constantly sends delightful surprises her way.",,67,IZI,First Quarter,https://ipfs.tothemoon.net/ipfs/QmQDM6awBBuVoc7MJTpS3gvrgiHxQL5PtyHkMp5ZZ148Cv,Female,Gratitude,Luck,Efficiency,Charisma,Generosity,3,1,1,,
Character,MTI,Moon,1,Europe,GIN,Moon Trainer,"IZI definitely gives more than she gets, but that doesn’t mean she’s ever at a loss- it’s just literally impossible to match her kindness. The universe sees this and acts accordingly as it constantly sends delightful surprises her way.",,57,IZI,First Quarter,https://ipfs.tothemoon.net/ipfs/QmNjTUNehQxC2dT9W7n56pwa6N3nnBAFmP2mgZMBGVD4fk,Female,Gratitude,Luck,Efficiency,Charisma,Generosity,2,3,3,,
Character,MTI,Moon,1,Africa,GIN,Moon Trainer,"IZI definitely gives more than she gets, but that doesn’t mean she’s ever at a loss- it’s just literally impossible to match her kindness. The universe sees this and acts accordingly as it constantly sends delightful surprises her way.",,71,IZI,First Quarter,https://ipfs.tothemoon.net/ipfs/QmapUVFFrYzNFxXK5eD5K2iaefFh1QT9kk1GTtZY6eK8MP,Female,Gratitude,Luck,Efficiency,Charisma,Generosity,1,3,2,,
Character,MTI,Moon,1,North America,GIN,Moon Trainer,"IZI definitely gives more than she gets, but that doesn’t mean she’s ever at a loss- it’s just literally impossible to match her kindness. The universe sees this and acts accordingly as it constantly sends delightful surprises her way.",,35,IZI,First Quarter,https://ipfs.tothemoon.net/ipfs/QmT9ErCbzwS7ZfYffjGgKuXgQmNDF9XNojQk9XPMHYAsTz,Female,Gratitude,Luck,Efficiency,Charisma,Generosity,1,1,3,,
Character,MTI,Moon,1,Europe,GIN,Moon Trainer,"IZI definitely gives more than she gets, but that doesn’t mean she’s ever at a loss- it’s just literally impossible to match her kindness. The universe sees this and acts accordingly as it constantly sends delightful surprises her way.",,51,IZI,First Quarter,https://ipfs.tothemoon.net/ipfs/QmQC2r2nCdKRX554Vg9eWxjW9qPNvy2kGtQuwwabPwfMFV,Female,Gratitude,Luck,Efficiency,Charisma,Generosity,3,3,2,,
Character,MTI,Moon,1,Europe,GIN,Moon Trainer,"IZI definitely gives more than she gets, but that doesn’t mean she’s ever at a loss- it’s just literally impossible to match her kindness. The universe sees this and acts accordingly as it constantly sends delightful surprises her way.",,48,IZI,First Quarter,https://ipfs.tothemoon.net/ipfs/QmbJzUP97XASp4GLwE871jkZgHGa7CePMnuAECmPVWNyfA,Female,Gratitude,Luck,Efficiency,Charisma,Generosity,3,2,2,,
Character,MTI,Moon,1,North America,GIN,Moon Trainer,"IZI definitely gives more than she gets, but that doesn’t mean she’s ever at a loss- it’s just literally impossible to match her kindness. The universe sees this and acts accordingly as it constantly sends delightful surprises her way.",,37,IZI,First Quarter,https://ipfs.tothemoon.net/ipfs/QmWcWNtuUvteyeMY5jfQf8vfG9pAcoDqd38ZJGFhKmaKLz,Female,Gratitude,Luck,Efficiency,Charisma,Generosity,3,1,1,,
Character,MTI,Moon,1,Africa,GIN,Moon Trainer,"IZI definitely gives more than she gets, but that doesn’t mean she’s ever at a loss- it’s just literally impossible to match her kindness. The universe sees this and acts accordingly as it constantly sends delightful surprises her way.",,76,IZI,First Quarter,https://ipfs.tothemoon.net/ipfs/QmU2zUoid4r8nrbVESSFQpobx8oj1LrdPGkmAHmUG3pBMp,Female,Gratitude,Luck,Efficiency,Charisma,Generosity,2,1,2,,
Character,MTI,Moon,1,South America,GIN,Moon Trainer,"IZI definitely gives more than she gets, but that doesn’t mean she’s ever at a loss- it’s just literally impossible to match her kindness. The universe sees this and acts accordingly as it constantly sends delightful surprises her way.",,81,IZI,First Quarter,https://ipfs.tothemoon.net/ipfs/QmZe4jqtSXdteLcDKRCqDEf7C1itMfvF67paNKZTRwXWwe,Female,Gratitude,Luck,Efficiency,Charisma,Generosity,1,2,2,,
Character,MTI,Moon,1,South America,GIN,Moon Trainer,"IZI definitely gives more than she gets, but that doesn’t mean she’s ever at a loss- it’s just literally impossible to match her kindness. The universe sees this and acts accordingly as it constantly sends delightful surprises her way.",,91,IZI,First Quarter,https://ipfs.tothemoon.net/ipfs/QmYVoHs2NCDCRF2vFqNqmhL6QtEfPzQaRLuCSVBQXxbdws,Female,Gratitude,Luck,Efficiency,Charisma,Generosity,3,1,3,,
Character,MTI,Moon,1,Europe,GIN,Moon Trainer,"IZI definitely gives more than she gets, but that doesn’t mean she’s ever at a loss- it’s just literally impossible to match her kindness. The universe sees this and acts accordingly as it constantly sends delightful surprises her way.",,63,IZI,First Quarter,https://ipfs.tothemoon.net/ipfs/QmSzjbMDgjDJYZsdoyZLfwsZkxzYfU9A7FP3XEH5icDBoy,Female,Gratitude,Luck,Efficiency,Charisma,Generosity,1,1,2,,
Character,MTI,Moon,1,North America,GIN,Moon Trainer,"IZI definitely gives more than she gets, but that doesn’t mean she’s ever at a loss- it’s just literally impossible to match her kindness. The universe sees this and acts accordingly as it constantly sends delightful surprises her way.",,45,IZI,First Quarter,https://ipfs.tothemoon.net/ipfs/QmbnNQq7GGVn4tXSj2tsqXoohejzr1MQeLJ8oL4kPVidDC,Female,Gratitude,Luck,Efficiency,Charisma,Generosity,2,2,2,,
Character,MTI,Moon,1,North America,GIN,Moon Trainer,"IZI definitely gives more than she gets, but that doesn’t mean she’s ever at a loss- it’s just literally impossible to match her kindness. The universe sees this and acts accordingly as it constantly sends delightful surprises her way.",,36,IZI,First Quarter,https://ipfs.tothemoon.net/ipfs/QmYPm1KJJP2mXhv6zB5Wsa5s1WUtqGSYeYFSS4c5TTiEWY,Female,Gratitude,Luck,Efficiency,Charisma,Generosity,1,3,1,,
Character,MTI,Moon,1,Africa,GIN,Moon Trainer,"IZI definitely gives more than she gets, but that doesn’t mean she’s ever at a loss- it’s just literally impossible to match her kindness. The universe sees this and acts accordingly as it constantly sends delightful surprises her way.",,74,IZI,First Quarter,https://ipfs.tothemoon.net/ipfs/Qmf4mUJcAc6rqdgD1LNAauPfcVp6g5a1bDdQ4spaZL7GQ4,Female,Gratitude,Luck,Efficiency,Charisma,Generosity,3,1,2,,
Character,MTI,Moon,1,Africa,GIN,Moon Trainer,"IZI definitely gives more than she gets, but that doesn’t mean she’s ever at a loss- it’s just literally impossible to match her kindness. The universe sees this and acts accordingly as it constantly sends delightful surprises her way.",,77,IZI,First Quarter,https://ipfs.tothemoon.net/ipfs/QmbiHp6YyBocqhJT8GFSuqGn346sWj4eaLaVLrFowmk2M9,Female,Gratitude,Luck,Efficiency,Charisma,Generosity,2,1,3,,
Character,MTI,Moon,1,Asia,GIN,Moon Trainer,"IZI definitely gives more than she gets, but that doesn’t mean she’s ever at a loss- it’s just literally impossible to match her kindness. The universe sees this and acts accordingly as it constantly sends delightful surprises her way.",,24,IZI,First Quarter,https://ipfs.tothemoon.net/ipfs/QmSgp1B5hmyV8SCtUnTYFa9xLo1Exi9SNJy8tmMD8qBhLw,Female,Gratitude,Luck,Efficiency,Charisma,Generosity,2,1,3,,
Character,MTI,Moon,1,Australia,GIN,Moon Trainer,"IZI definitely gives more than she gets, but that doesn’t mean she’s ever at a loss- it’s just literally impossible to match her kindness. The universe sees this and acts accordingly as it constantly sends delightful surprises her way.",,99,IZI,First Quarter,https://ipfs.tothemoon.net/ipfs/QmcAt4QFARRtkuqqiLrCMDmk2BhqwTbevtk6SATxUUgEx7,Female,Gratitude,Luck,Efficiency,Charisma,Generosity,2,2,1,,
Character,MTI,Moon,1,North America,GIN,Moon Trainer,"IZI definitely gives more than she gets, but that doesn’t mean she’s ever at a loss- it’s just literally impossible to match her kindness. The universe sees this and acts accordingly as it constantly sends delightful surprises her way.",,39,IZI,First Quarter,https://ipfs.tothemoon.net/ipfs/QmTzDjCgf23t5k9MjByDVjTyu5VSGwcSJxLHbT7xwpAq5a,Female,Gratitude,Luck,Efficiency,Charisma,Generosity,3,2,1,,
Character,MTI,Moon,1,Africa,GIN,Moon Trainer,"IZI definitely gives more than she gets, but that doesn’t mean she’s ever at a loss- it’s just literally impossible to match her kindness. The universe sees this and acts accordingly as it constantly sends delightful surprises her way.",,68,IZI,First Quarter,https://ipfs.tothemoon.net/ipfs/QmSJoLSpE6u4HtBqb6UxoSayM1SriG5jK9wYWLEz3QLgWt,Female,Gratitude,Luck,Efficiency,Charisma,Generosity,2,3,1,,
Character,MTI,Moon,1,Africa,GIN,Moon Trainer,"IZI definitely gives more than she gets, but that doesn’t mean she’s ever at a loss- it’s just literally impossible to match her kindness. The universe sees this and acts accordingly as it constantly sends delightful surprises her way.",,80,IZI,First Quarter,https://ipfs.tothemoon.net/ipfs/QmdL7pjSjaAVvVpKx3FPSprV2JXFVWe57j9sekDVr9Uu1L,Female,Gratitude,Luck,Efficiency,Charisma,Generosity,1,3,3,,
Character,MTI,Moon,1,Africa,GIN,Moon Trainer,"IZI definitely gives more than she gets, but that doesn’t mean she’s ever at a loss- it’s just literally impossible to match her kindness. The universe sees this and acts accordingly as it constantly sends delightful surprises her way.",,66,IZI,First Quarter,https://ipfs.tothemoon.net/ipfs/Qmbb8FZTz2ra3cc54n7A6ewdaLyqGs3ERWBTQbUBjmR3GP,Female,Gratitude,Luck,Efficiency,Charisma,Generosity,3,3,1,,
Character,MTI,Moon,1,Asia,GIN,Moon Trainer,"IZI definitely gives more than she gets, but that doesn’t mean she’s ever at a loss- it’s just literally impossible to match her kindness. The universe sees this and acts accordingly as it constantly sends delightful surprises her way.",,14,IZI,First Quarter,https://ipfs.tothemoon.net/ipfs/QmcdZpvaPYC83GTUqWWpDitN3EXj9hLfLQDR6NeUb4gJEE,Female,Gratitude,Luck,Efficiency,Charisma,Generosity,1,1,3,,
Character,MTI,Moon,1,North America,GIN,Moon Trainer,"IZI definitely gives more than she gets, but that doesn’t mean she’s ever at a loss- it’s just literally impossible to match her kindness. The universe sees this and acts accordingly as it constantly sends delightful surprises her way.",,38,IZI,First Quarter,https://ipfs.tothemoon.net/ipfs/QmSNHDCtGhRQ3wnYvH1Cxu6BDrcNXSA5PtTuq2aYsH6uKg,Female,Gratitude,Luck,Efficiency,Charisma,Generosity,1,1,1,,
Character,MTI,Moon,1,Africa,GIN,Moon Trainer,"IZI definitely gives more than she gets, but that doesn’t mean she’s ever at a loss- it’s just literally impossible to match her kindness. The universe sees this and acts accordingly as it constantly sends delightful surprises her way.",,73,IZI,First Quarter,https://ipfs.tothemoon.net/ipfs/QmdS4UN8Q9SuLMjPe6kxdeuThAF1z6Ehxb67nRBxnwWoW3,Female,Gratitude,Luck,Efficiency,Charisma,Generosity,2,1,1,,
Character,MTI,Moon,1,South America,GIN,Moon Trainer,"IZI definitely gives more than she gets, but that doesn’t mean she’s ever at a loss- it’s just literally impossible to match her kindness. The universe sees this and acts accordingly as it constantly sends delightful surprises her way.",,86,IZI,First Quarter,https://ipfs.tothemoon.net/ipfs/QmWnkY9yEbx6u2dFg2ZGFP2zmJvf2fpMUs7qenYK14zttz,Female,Gratitude,Luck,Efficiency,Charisma,Generosity,2,1,2,,
Character,MTI,Moon,1,Asia,GIN,Moon Trainer,"IZI definitely gives more than she gets, but that doesn’t mean she’s ever at a loss- it’s just literally impossible to match her kindness. The universe sees this and acts accordingly as it constantly sends delightful surprises her way.",,12,IZI,First Quarter,https://ipfs.tothemoon.net/ipfs/QmZBd45PjBPzyf96Pfh8HKS17Wsq8eAC3CbA2Z4goAxb5i,Female,Gratitude,Luck,Efficiency,Charisma,Generosity,3,3,3,,
Character,MTI,Moon,1,Africa,GIN,Moon Trainer,"IZI definitely gives more than she gets, but that doesn’t mean she’s ever at a loss- it’s just literally impossible to match her kindness. The universe sees this and acts accordingly as it constantly sends delightful surprises her way.",,79,IZI,First Quarter,https://ipfs.tothemoon.net/ipfs/QmTBm9zZGCo4vPVfrBUc97k4y3bY5KemMQUYLVQLhjubwL,Female,Gratitude,Luck,Efficiency,Charisma,Generosity,3,3,3,,
Character,MTI,Moon,1,North America,GIN,Moon Trainer,"IZI definitely gives more than she gets, but that doesn’t mean she’s ever at a loss- it’s just literally impossible to match her kindness. The universe sees this and acts accordingly as it constantly sends delightful surprises her way.",,32,IZI,First Quarter,https://ipfs.tothemoon.net/ipfs/QmRj1yGWr6drXpRtrTwvfC72Zc5eWawNhtk4RShSjsD6pw,Female,Gratitude,Luck,Efficiency,Charisma,Generosity,2,1,2,,
Character,MTI,Moon,1,South America,GIN,Moon Trainer,"IZI definitely gives more than she gets, but that doesn’t mean she’s ever at a loss- it’s just literally impossible to match her kindness. The universe sees this and acts accordingly as it constantly sends delightful surprises her way.",,90,IZI,First Quarter,https://ipfs.tothemoon.net/ipfs/QmW7mN5TgaEVjk7k6esugNexH6VfH1LUy8LPmxhLokRvww,Female,Gratitude,Luck,Efficiency,Charisma,Generosity,3,1,3,,
Character,MTI,Moon,1,Europe,GIN,Moon Trainer,"IZI definitely gives more than she gets, but that doesn’t mean she’s ever at a loss- it’s just literally impossible to match her kindness. The universe sees this and acts accordingly as it constantly sends delightful surprises her way.",,50,IZI,First Quarter,https://ipfs.tothemoon.net/ipfs/QmVaRamufswrSbTYfRaLVaKFHg5632GCgAaxLsqtE16zK3,Female,Gratitude,Luck,Efficiency,Charisma,Generosity,3,3,3,,
Character,MTI,Moon,1,North America,GIN,Moon Trainer,"IZI definitely gives more than she gets, but that doesn’t mean she’s ever at a loss- it’s just literally impossible to match her kindness. The universe sees this and acts accordingly as it constantly sends delightful surprises her way.",,27,IZI,First Quarter,https://ipfs.tothemoon.net/ipfs/QmXpQRbKDgd9Diz1af8DHqDMoaohjzKbEAFNs471npxPR4,Female,Gratitude,Luck,Efficiency,Charisma,Generosity,1,2,2,,
Character,MTI,Moon,1,Australia,GIN,Moon Trainer,"IZI definitely gives more than she gets, but that doesn’t mean she’s ever at a loss- it’s just literally impossible to match her kindness. The universe sees this and acts accordingly as it constantly sends delightful surprises her way.",,98,IZI,First Quarter,https://ipfs.tothemoon.net/ipfs/QmTgM8ShinMuVNuw3TRCYDUGMdt2B1iS4EGRYwWJgYW8as,Female,Gratitude,Luck,Efficiency,Charisma,Generosity,1,1,2,,
Character,MTI,Moon,1,South America,GIN,Moon Trainer,"IZI definitely gives more than she gets, but that doesn’t mean she’s ever at a loss- it’s just literally impossible to match her kindness. The universe sees this and acts accordingly as it constantly sends delightful surprises her way.",,85,IZI,First Quarter,https://ipfs.tothemoon.net/ipfs/QmXQfqGWN166ac3vM3drdR8Tjdgt2Gk8msXBgkK9mdK6pC,Female,Gratitude,Luck,Efficiency,Charisma,Generosity,1,1,1,,
Character,MTI,Moon,1,Australia,GIN,Moon Trainer,"IZI definitely gives more than she gets, but that doesn’t mean she’s ever at a loss- it’s just literally impossible to match her kindness. The universe sees this and acts accordingly as it constantly sends delightful surprises her way.",,97,IZI,First Quarter,https://ipfs.tothemoon.net/ipfs/QmZzUARDSb9pD7ertMv4vJg2tPDyLqKdLFN1YaMAaEfQP5,Female,Gratitude,Luck,Efficiency,Charisma,Generosity,2,2,3,,
Character,MTI,Moon,1,Europe,GIN,Moon Trainer,"IZI definitely gives more than she gets, but that doesn’t mean she’s ever at a loss- it’s just literally impossible to match her kindness. The universe sees this and acts accordingly as it constantly sends delightful surprises her way.",,60,IZI,First Quarter,https://ipfs.tothemoon.net/ipfs/QmRtJ5kuwVXUgGgcFT6tUSLRbH8gWGgxgiYyBi6kC9aqNZ,Female,Gratitude,Luck,Efficiency,Charisma,Generosity,2,3,1,,
Character,MTI,Moon,1,North America,GIN,Moon Trainer,"IZI definitely gives more than she gets, but that doesn’t mean she’s ever at a loss- it’s just literally impossible to match her kindness. The universe sees this and acts accordingly as it constantly sends delightful surprises her way.",,28,IZI,First Quarter,https://ipfs.tothemoon.net/ipfs/QmcP4swJQgMsXKvqttLdKwV1sMZm4kyEW2JcV6iFKst7cG,Female,Gratitude,Luck,Efficiency,Charisma,Generosity,2,2,3,,
Character,MTI,Moon,1,Asia,GIN,Moon Trainer,"IZI definitely gives more than she gets, but that doesn’t mean she’s ever at a loss- it’s just literally impossible to match her kindness. The universe sees this and acts accordingly as it constantly sends delightful surprises her way.",,7,IZI,First Quarter,https://ipfs.tothemoon.net/ipfs/QmPpAwV2evWbVyv7WxJDThHqffDFnVzEVS89RFygD31j8w,Female,Gratitude,Luck,Efficiency,Charisma,Generosity,2,2,3,,
Character,MTI,Moon,1,Europe,GIN,Moon Trainer,"IZI definitely gives more than she gets, but that doesn’t mean she’s ever at a loss- it’s just literally impossible to match her kindness. The universe sees this and acts accordingly as it constantly sends delightful surprises her way.",,46,IZI,First Quarter,https://ipfs.tothemoon.net/ipfs/QmWrycEPesQ1iJUonfSqbRcUEwVGbGiLn4KX3yqvTcAWaE,Female,Gratitude,Luck,Efficiency,Charisma,Generosity,3,1,3,,
Character,MTI,Moon,1,Asia,GIN,Moon Trainer,"IZI definitely gives more than she gets, but that doesn’t mean she’s ever at a loss- it’s just literally impossible to match her kindness. The universe sees this and acts accordingly as it constantly sends delightful surprises her way.",,11,IZI,First Quarter,https://ipfs.tothemoon.net/ipfs/QmaQEoVoxdciBjL1UswoYqzEteJpAoJ2ZSym3E8721QFZx,Female,Gratitude,Luck,Efficiency,Charisma,Generosity,3,3,2,,
Character,MTI,Moon,1,Europe,GIN,Moon Trainer,"IZI definitely gives more than she gets, but that doesn’t mean she’s ever at a loss- it’s just literally impossible to match her kindness. The universe sees this and acts accordingly as it constantly sends delightful surprises her way.",,49,IZI,First Quarter,https://ipfs.tothemoon.net/ipfs/QmVLD9o8V4NCcAf2K6rCYYpWTaPEJnaisNUK6yK5ByG3BH,Female,Gratitude,Luck,Efficiency,Charisma,Generosity,3,2,1,,
Character,MTI,Moon,1,Europe,GIN,Moon Trainer,"IZI definitely gives more than she gets, but that doesn’t mean she’s ever at a loss- it’s just literally impossible to match her kindness. The universe sees this and acts accordingly as it constantly sends delightful surprises her way.",,58,IZI,First Quarter,https://ipfs.tothemoon.net/ipfs/QmU6C18haR7dejshWZDd817GGwDuxFmdgzPtc5q9VvSj83,Female,Gratitude,Luck,Efficiency,Charisma,Generosity,3,2,3,,
Character,MTI,Moon,1,Asia,GIN,Moon Trainer,"IZI definitely gives more than she gets, but that doesn’t mean she’s ever at a loss- it’s just literally impossible to match her kindness. The universe sees this and acts accordingly as it constantly sends delightful surprises her way.",,20,IZI,First Quarter,https://ipfs.tothemoon.net/ipfs/QmPxYQbfG51yHJdLHB386SPzQoG968h48RrfkFLac3A5vX,Female,Gratitude,Luck,Efficiency,Charisma,Generosity,1,2,3,,
Character,MTI,Moon,1,Africa,GIN,Moon Trainer,"IZI definitely gives more than she gets, but that doesn’t mean she’s ever at a loss- it’s just literally impossible to match her kindness. The universe sees this and acts accordingly as it constantly sends delightful surprises her way.",,78,IZI,First Quarter,https://ipfs.tothemoon.net/ipfs/QmbbtXQTtxpSdkcUe1PcQmKBL4tDFMbBhACeYQFWq5RezU,Female,Gratitude,Luck,Efficiency,Charisma,Generosity,2,1,3,,
Character,MTI,Moon,1,Europe,GIN,Moon Trainer,"IZI definitely gives more than she gets, but that doesn’t mean she’s ever at a loss- it’s just literally impossible to match her kindness. The universe sees this and acts accordingly as it constantly sends delightful surprises her way.",,52,IZI,First Quarter,https://ipfs.tothemoon.net/ipfs/Qmd54UUShRXwEGpi9v7KzzQvLKHNT4Y1AmzyTbMYtGFiv1,Female,Gratitude,Luck,Efficiency,Charisma,Generosity,1,1,3,,
Character,MTI,Moon,1,South America,GIN,Moon Trainer,"IZI definitely gives more than she gets, but that doesn’t mean she’s ever at a loss- it’s just literally impossible to match her kindness. The universe sees this and acts accordingly as it constantly sends delightful surprises her way.",,95,IZI,First Quarter,https://ipfs.tothemoon.net/ipfs/QmcRdkub7QggTTxL3ji95v4mRd7W1cfdpcAiB2WGaqCJPW,Female,Gratitude,Luck,Efficiency,Charisma,Generosity,3,3,3,,
Character,MTI,Moon,1,Australia,GIN,Moon Trainer,"IZI definitely gives more than she gets, but that doesn’t mean she’s ever at a loss- it’s just literally impossible to match her kindness. The universe sees this and acts accordingly as it constantly sends delightful surprises her way.",,96,IZI,First Quarter,https://ipfs.tothemoon.net/ipfs/QmPgRCQfeFPRApvXkq9VV2Tzcwc4TARCRsp1KwSfVxDpTE,Female,Gratitude,Luck,Efficiency,Charisma,Generosity,1,2,1,,
Character,MTI,Moon,1,Europe,GIN,Moon Trainer,"IZI definitely gives more than she gets, but that doesn’t mean she’s ever at a loss- it’s just literally impossible to match her kindness. The universe sees this and acts accordingly as it constantly sends delightful surprises her way.",,54,IZI,First Quarter,https://ipfs.tothemoon.net/ipfs/QmZuvwvVS7HqCoYvte1u96xZfrZwr8i1U1GEhvK1jDZvH1,Female,Gratitude,Luck,Efficiency,Charisma,Generosity,1,1,3,,
Character,MTI,Moon,1,Europe,GIN,Moon Trainer,"IZI definitely gives more than she gets, but that doesn’t mean she’s ever at a loss- it’s just literally impossible to match her kindness. The universe sees this and acts accordingly as it constantly sends delightful surprises her way.",,53,IZI,First Quarter,https://ipfs.tothemoon.net/ipfs/QmUvmCqszaKXYWWFhahhsL2DDtFgC2s6nUWV93juGVzQZo,Female,Gratitude,Luck,Efficiency,Charisma,Generosity,2,2,1,,
Character,MTI,Moon,1,Asia,GIN,Moon Trainer,"IZI definitely gives more than she gets, but that doesn’t mean she’s ever at a loss- it’s just literally impossible to match her kindness. The universe sees this and acts accordingly as it constantly sends delightful surprises her way.",,13,IZI,First Quarter,https://ipfs.tothemoon.net/ipfs/QmVSMg8tDrJMCNdo8dazwM41ycu5bYiufghSGdZvcpFiSk,Female,Gratitude,Luck,Efficiency,Charisma,Generosity,1,2,1,,
Character,MTI,Moon,1,North America,GIN,Moon Trainer,"IZI definitely gives more than she gets, but that doesn’t mean she’s ever at a loss- it’s just literally impossible to match her kindness. The universe sees this and acts accordingly as it constantly sends delightful surprises her way.",,34,IZI,First Quarter,https://ipfs.tothemoon.net/ipfs/QmcRgVQadurcLE3b9qN3i7UXTPtAe7bc3zt5s1dkWHMMLt,Female,Gratitude,Luck,Efficiency,Charisma,Generosity,2,2,2,,
Character,MTI,Moon,1,Europe,GIN,Moon Trainer,"IZI definitely gives more than she gets, but that doesn’t mean she’s ever at a loss- it’s just literally impossible to match her kindness. The universe sees this and acts accordingly as it constantly sends delightful surprises her way.",,61,IZI,First Quarter,https://ipfs.tothemoon.net/ipfs/QmZFE33b1HbYvAQ255orR4CWs1TuqJ7zFyALjJrLpXkf3a,Female,Gratitude,Luck,Efficiency,Charisma,Generosity,1,2,2,,
Character,MTI,Moon,1,Asia,GIN,Moon Trainer,"IZI definitely gives more than she gets, but that doesn’t mean she’s ever at a loss- it’s just literally impossible to match her kindness. The universe sees this and acts accordingly as it constantly sends delightful surprises her way.",,16,IZI,First Quarter,https://ipfs.tothemoon.net/ipfs/QmbtFFJbdpudUfDtxhHcmjMXAoLKFrY9wuXYZqWj2mRdBJ,Female,Gratitude,Luck,Efficiency,Charisma,Generosity,3,3,1,,
Character,MTI,Moon,1,Asia,GIN,Moon Trainer,"IZI definitely gives more than she gets, but that doesn’t mean she’s ever at a loss- it’s just literally impossible to match her kindness. The universe sees this and acts accordingly as it constantly sends delightful surprises her way.",,4,IZI,First Quarter,https://ipfs.tothemoon.net/ipfs/Qmd5Vs3vRpkLdoi1BLxBhptefrVKYAT75k5MKmfbrDExpP,Female,Gratitude,Luck,Efficiency,Charisma,Generosity,3,3,2,,
Character,MTI,Moon,1,Asia,GIN,Moon Trainer,"IZI definitely gives more than she gets, but that doesn’t mean she’s ever at a loss- it’s just literally impossible to match her kindness. The universe sees this and acts accordingly as it constantly sends delightful surprises her way.",,6,IZI,First Quarter,https://ipfs.tothemoon.net/ipfs/QmSqWo1LnHcVWmU8Scp26SXUx8Kc5ekKaN6rb9S7UGkCNT,Female,Gratitude,Luck,Efficiency,Charisma,Generosity,1,3,1,,
Character,MTI,Moon,1,Antarctica,GIN,Moon Trainer,"IZI definitely gives more than she gets, but that doesn’t mean she’s ever at a loss- it’s just literally impossible to match her kindness. The universe sees this and acts accordingly as it constantly sends delightful surprises her way.",,100,IZI,First Quarter,https://ipfs.tothemoon.net/ipfs/QmWTXhETNUjz1CGoQw74chUmKn6SuwY9pn3LQenPSaVFkn,Female,Gratitude,Luck,Efficiency,Charisma,Generosity,3,3,1,,
Character,MTKY,Moon,1,North America,GIN,Moon Trainer,"KYE will still be waiting, long after the last grain falls through the hourglass. With incredible persistence, this trainer doesn’t know how to throw in the towel. The going is never tough enough for her.",,42,KYE,First Quarter,https://ipfs.tothemoon.net/ipfs/QmVhaBaki65CEZ658m3dtj9RrkJwUcrZCyHABEpNKNhkh3,Female,Patience,Talent,Ambition,Versatility,Respect,2,3,3,,
Character,MTKY,Moon,1,North America,GIN,Moon Trainer,"KYE will still be waiting, long after the last grain falls through the hourglass. With incredible persistence, this trainer doesn’t know how to throw in the towel. The going is never tough enough for her.",,43,KYE,First Quarter,https://ipfs.tothemoon.net/ipfs/QmSCkiAmc6CMp9fT6HPQjBLVSrJwbZ1bVTQTPTtkWPYnVC,Female,Patience,Talent,Ambition,Versatility,Respect,3,2,2,,
Character,MTKY,Moon,1,North America,GIN,Moon Trainer,"KYE will still be waiting, long after the last grain falls through the hourglass. With incredible persistence, this trainer doesn’t know how to throw in the towel. The going is never tough enough for her.",,36,KYE,First Quarter,https://ipfs.tothemoon.net/ipfs/QmfKSnju6pXJrS46RDqxtbi2wV1ZaEZgjUcrrSXVz4izxG,Female,Patience,Talent,Ambition,Versatility,Respect,1,3,1,,
Character,MTKY,Moon,1,Africa,GIN,Moon Trainer,"KYE will still be waiting, long after the last grain falls through the hourglass. With incredible persistence, this trainer doesn’t know how to throw in the towel. The going is never tough enough for her.",,77,KYE,First Quarter,https://ipfs.tothemoon.net/ipfs/QmY96UNYEGX4LQYuYjyFkw1Rqb6LcyjUhFaQ59jTR5K22W,Female,Patience,Talent,Ambition,Versatility,Respect,2,1,3,,
Character,MTKY,Moon,1,Australia,GIN,Moon Trainer,"KYE will still be waiting, long after the last grain falls through the hourglass. With incredible persistence, this trainer doesn’t know how to throw in the towel. The going is never tough enough for her.",,96,KYE,First Quarter,https://ipfs.tothemoon.net/ipfs/QmQY4aRgEAAcgznKAHUvWkfQkpqf4YmANZcofEUKdeaypW,Female,Patience,Talent,Ambition,Versatility,Respect,1,2,1,,
Character,MTKY,Moon,1,Europe,GIN,Moon Trainer,"KYE will still be waiting, long after the last grain falls through the hourglass. With incredible persistence, this trainer doesn’t know how to throw in the towel. The going is never tough enough for her.",,64,KYE,First Quarter,https://ipfs.tothemoon.net/ipfs/QmYyTem2cX1aKX2aGnTFHgGhdBF1LCYtBbtCSinqVApLFN,Female,Patience,Talent,Ambition,Versatility,Respect,1,2,3,,
Character,MTKY,Moon,1,North America,GIN,Moon Trainer,"KYE will still be waiting, long after the last grain falls through the hourglass. With incredible persistence, this trainer doesn’t know how to throw in the towel. The going is never tough enough for her.",,31,KYE,First Quarter,https://ipfs.tothemoon.net/ipfs/QmT7WAkNcC2KjSZeUrZNpVhpnYTHskdiYEnyn3xC1uVD7R,Female,Patience,Talent,Ambition,Versatility,Respect,2,3,3,,
Character,MTKY,Moon,1,North America,GIN,Moon Trainer,"KYE will still be waiting, long after the last grain falls through the hourglass. With incredible persistence, this trainer doesn’t know how to throw in the towel. The going is never tough enough for her.",,37,KYE,First Quarter,https://ipfs.tothemoon.net/ipfs/QmfUNzYWBkJ4kT9rz12FPy6nJfNh2eXWxRrrdbnPQrvyky,Female,Patience,Talent,Ambition,Versatility,Respect,3,1,1,,
Character,MTKY,Moon,1,Europe,GIN,Moon Trainer,"KYE will still be waiting, long after the last grain falls through the hourglass. With incredible persistence, this trainer doesn’t know how to throw in the towel. The going is never tough enough for her.",,51,KYE,First Quarter,https://ipfs.tothemoon.net/ipfs/QmNXmRAAkR71RCWHXrM7uUxBUeEL2ntmnx1hyxLQUzvde4,Female,Patience,Talent,Ambition,Versatility,Respect,3,3,2,,
Character,MTKY,Moon,1,Europe,GIN,Moon Trainer,"KYE will still be waiting, long after the last grain falls through the hourglass. With incredible persistence, this trainer doesn’t know how to throw in the towel. The going is never tough enough for her.",,58,KYE,First Quarter,https://ipfs.tothemoon.net/ipfs/QmPqGufHCtuJ2sRB26Hr1tE7xVthSnqcFGP7pvj7evCfR5,Female,Patience,Talent,Ambition,Versatility,Respect,3,2,3,,
Character,MTKY,Moon,1,Europe,GIN,Moon Trainer,"KYE will still be waiting, long after the last grain falls through the hourglass. With incredible persistence, this trainer doesn’t know how to throw in the towel. The going is never tough enough for her.",,59,KYE,First Quarter,https://ipfs.tothemoon.net/ipfs/QmXRC1Mgjj7vwoX7AV2gC7nEHaK2wbMRGEGapESJTTaEoU,Female,Patience,Talent,Ambition,Versatility,Respect,2,1,1,,
Character,MTKY,Moon,1,South America,GIN,Moon Trainer,"KYE will still be waiting, long after the last grain falls through the hourglass. With incredible persistence, this trainer doesn’t know how to throw in the towel. The going is never tough enough for her.",,92,KYE,First Quarter,https://ipfs.tothemoon.net/ipfs/QmNY8ioNCmg84Pef4w8NDwGBGJeLZ7XkGjePJKfu6jCbSC,Female,Patience,Talent,Ambition,Versatility,Respect,1,3,2,,
Character,MTKY,Moon,1,Australia,GIN,Moon Trainer,"KYE will still be waiting, long after the last grain falls through the hourglass. With incredible persistence, this trainer doesn’t know how to throw in the towel. The going is never tough enough for her.",,99,KYE,First Quarter,https://ipfs.tothemoon.net/ipfs/QmXbP3Dfg2JB4HXFhbLLdtFGTM9FMipY38QCNVdjW16nbq,Female,Patience,Talent,Ambition,Versatility,Respect,2,2,1,,
Character,MTKY,Moon,1,Asia,GIN,Moon Trainer,"KYE will still be waiting, long after the last grain falls through the hourglass. With incredible persistence, this trainer doesn’t know how to throw in the towel. The going is never tough enough for her.",,12,KYE,First Quarter,https://ipfs.tothemoon.net/ipfs/QmZym8pvZ9QntdK9BZJ8MuAPhaWGap4RvSBoDAQ5arHU8K,Female,Patience,Talent,Ambition,Versatility,Respect,3,3,3,,
Character,MTKY,Moon,1,South America,GIN,Moon Trainer,"KYE will still be waiting, long after the last grain falls through the hourglass. With incredible persistence, this trainer doesn’t know how to throw in the towel. The going is never tough enough for her.",,91,KYE,First Quarter,https://ipfs.tothemoon.net/ipfs/QmSqXzFnJr7ao2Y5LtjU5kFrYCsztGbs2qXbmZKfn5w7q5,Female,Patience,Talent,Ambition,Versatility,Respect,3,1,3,,
Character,MTKY,Moon,1,Asia,GIN,Moon Trainer,"KYE will still be waiting, long after the last grain falls through the hourglass. With incredible persistence, this trainer doesn’t know how to throw in the towel. The going is never tough enough for her.",,13,KYE,First Quarter,https://ipfs.tothemoon.net/ipfs/QmUTfkHM2tTTBXhNyCZEBypBgLXUPDDnbaNLRSpWnRcJHn,Female,Patience,Talent,Ambition,Versatility,Respect,1,2,1,,
Character,MTKY,Moon,1,Antarctica,GIN,Moon Trainer,"KYE will still be waiting, long after the last grain falls through the hourglass. With incredible persistence, this trainer doesn’t know how to throw in the towel. The going is never tough enough for her.",,100,KYE,First Quarter,https://ipfs.tothemoon.net/ipfs/QmVsFQqDh6M2dpX2wF6AT8dpVERLMbmeAPX765ibC6uGPN,Female,Patience,Talent,Ambition,Versatility,Respect,3,3,1,,
Character,MTKY,Moon,1,Europe,GIN,Moon Trainer,"KYE will still be waiting, long after the last grain falls through the hourglass. With incredible persistence, this trainer doesn’t know how to throw in the towel. The going is never tough enough for her.",,52,KYE,First Quarter,https://ipfs.tothemoon.net/ipfs/QmWs31DJ2CyLx7pDBtyeMiTTjHJ7gtip5z9gV8wF9w4qBc,Female,Patience,Talent,Ambition,Versatility,Respect,1,1,3,,
Character,MTKY,Moon,1,Asia,GIN,Moon Trainer,"KYE will still be waiting, long after the last grain falls through the hourglass. With incredible persistence, this trainer doesn’t know how to throw in the towel. The going is never tough enough for her.",,16,KYE,First Quarter,https://ipfs.tothemoon.net/ipfs/QmdnreGWabzLxdwvru1gmmJZTEXBJ49otGrDdhysKYNWX3,Female,Patience,Talent,Ambition,Versatility,Respect,3,3,1,,
Character,MTKY,Moon,1,Africa,GIN,Moon Trainer,"KYE will still be waiting, long after the last grain falls through the hourglass. With incredible persistence, this trainer doesn’t know how to throw in the towel. The going is never tough enough for her.",,79,KYE,First Quarter,https://ipfs.tothemoon.net/ipfs/QmaRzXXGznnKHwqu5wwy6GW2savenDZVGwKEJFJmLL985c,Female,Patience,Talent,Ambition,Versatility,Respect,3,3,3,,
Character,MTKY,Moon,1,North America,GIN,Moon Trainer,"KYE will still be waiting, long after the last grain falls through the hourglass. With incredible persistence, this trainer doesn’t know how to throw in the towel. The going is never tough enough for her.",,27,KYE,First Quarter,https://ipfs.tothemoon.net/ipfs/QmZR5hVdCx5uVriUHEtAJKbEHvqDexDa26qCtd7BzcMWB7,Female,Patience,Talent,Ambition,Versatility,Respect,1,2,2,,
Character,MTKY,Moon,1,Europe,GIN,Moon Trainer,"KYE will still be waiting, long after the last grain falls through the hourglass. With incredible persistence, this trainer doesn’t know how to throw in the towel. The going is never tough enough for her.",,56,KYE,First Quarter,https://ipfs.tothemoon.net/ipfs/QmYt1W1tnU73hqFdtQAgMLmSqG1AZo77FJaGAgqaifpXPg,Female,Patience,Talent,Ambition,Versatility,Respect,2,3,2,,
Character,MTKY,Moon,1,Africa,GIN,Moon Trainer,"KYE will still be waiting, long after the last grain falls through the hourglass. With incredible persistence, this trainer doesn’t know how to throw in the towel. The going is never tough enough for her.",,73,KYE,First Quarter,https://ipfs.tothemoon.net/ipfs/QmduprGP5ETBsovZDwKRe15gBuDRNLKEVCsNz4Lre5jDPr,Female,Patience,Talent,Ambition,Versatility,Respect,2,1,1,,
Character,MTKY,Moon,1,Europe,GIN,Moon Trainer,"KYE will still be waiting, long after the last grain falls through the hourglass. With incredible persistence, this trainer doesn’t know how to throw in the towel. The going is never tough enough for her.",,49,KYE,First Quarter,https://ipfs.tothemoon.net/ipfs/QmW3TbaTRLDiZUJgeiZwiPKdaazgL6caKBgub5ikyfEap3,Female,Patience,Talent,Ambition,Versatility,Respect,3,2,1,,
Character,MTKY,Moon,1,Africa,GIN,Moon Trainer,"KYE will still be waiting, long after the last grain falls through the hourglass. With incredible persistence, this trainer doesn’t know how to throw in the towel. The going is never tough enough for her.",,74,KYE,First Quarter,https://ipfs.tothemoon.net/ipfs/QmeoPgkSTepxbbfc7xhSkJin7imB9MSZkNWJF8K16g5vvB,Female,Patience,Talent,Ambition,Versatility,Respect,3,1,2,,
Character,MTKY,Moon,1,Europe,GIN,Moon Trainer,"KYE will still be waiting, long after the last grain falls through the hourglass. With incredible persistence, this trainer doesn’t know how to throw in the towel. The going is never tough enough for her.",,47,KYE,First Quarter,https://ipfs.tothemoon.net/ipfs/QmZCZ5QLebE7jUrbe7VmPhvP2iyxNVhoK8oyich2EgWEDF,Female,Patience,Talent,Ambition,Versatility,Respect,3,1,1,,
Character,MTKY,Moon,1,North America,GIN,Moon Trainer,"KYE will still be waiting, long after the last grain falls through the hourglass. With incredible persistence, this trainer doesn’t know how to throw in the towel. The going is never tough enough for her.",,35,KYE,First Quarter,https://ipfs.tothemoon.net/ipfs/QmeZ5Txj96NGXK1i3G1t2GkXoioCqwxd1ww7UwQd7JqLnV,Female,Patience,Talent,Ambition,Versatility,Respect,1,1,3,,
Character,MTKY,Moon,1,Africa,GIN,Moon Trainer,"KYE will still be waiting, long after the last grain falls through the hourglass. With incredible persistence, this trainer doesn’t know how to throw in the towel. The going is never tough enough for her.",,69,KYE,First Quarter,https://ipfs.tothemoon.net/ipfs/QmSuvVy2G9d4NzLgfBJ68XsTMMb96zTSBPyL81yemPwzzs,Female,Patience,Talent,Ambition,Versatility,Respect,2,2,2,,
Character,MTKY,Moon,1,South America,GIN,Moon Trainer,"KYE will still be waiting, long after the last grain falls through the hourglass. With incredible persistence, this trainer doesn’t know how to throw in the towel. The going is never tough enough for her.",,82,KYE,First Quarter,https://ipfs.tothemoon.net/ipfs/QmczCxcPEdPuDxtxqG84mzPjT4Bwp6ZXragHUzomZA7Xge,Female,Patience,Talent,Ambition,Versatility,Respect,3,1,1,,
Character,MTKY,Moon,1,Europe,GIN,Moon Trainer,"KYE will still be waiting, long after the last grain falls through the hourglass. With incredible persistence, this trainer doesn’t know how to throw in the towel. The going is never tough enough for her.",,65,KYE,First Quarter,https://ipfs.tothemoon.net/ipfs/QmcwiNAHwvPBA2osnT26XKsSvkaNJZtZUYZZ2UKHR5U88Q,Female,Patience,Talent,Ambition,Versatility,Respect,1,1,1,,
Character,MTKY,Moon,1,North America,GIN,Moon Trainer,"KYE will still be waiting, long after the last grain falls through the hourglass. With incredible persistence, this trainer doesn’t know how to throw in the towel. The going is never tough enough for her.",,32,KYE,First Quarter,https://ipfs.tothemoon.net/ipfs/QmQXUBQLzfqF3C8gSPHKdTs6sQqchLCKeanXqf5mZkR6jb,Female,Patience,Talent,Ambition,Versatility,Respect,2,1,2,,
Character,MTKY,Moon,1,Africa,GIN,Moon Trainer,"KYE will still be waiting, long after the last grain falls through the hourglass. With incredible persistence, this trainer doesn’t know how to throw in the towel. The going is never tough enough for her.",,71,KYE,First Quarter,https://ipfs.tothemoon.net/ipfs/Qmb9ED3SLcPWJT82sJkQa3t6QFi66rHsXWWKp9fvyieKaE,Female,Patience,Talent,Ambition,Versatility,Respect,1,3,2,,
Character,MTKY,Moon,1,Asia,GIN,Moon Trainer,"KYE will still be waiting, long after the last grain falls through the hourglass. With incredible persistence, this trainer doesn’t know how to throw in the towel. The going is never tough enough for her.",,20,KYE,First Quarter,https://ipfs.tothemoon.net/ipfs/QmTjFKLfJZr7b5JL2T7HHYUfbue75FiTcp8ba4udR4qBm4,Female,Patience,Talent,Ambition,Versatility,Respect,1,2,3,,
Character,MTKY,Moon,1,Europe,GIN,Moon Trainer,"KYE will still be waiting, long after the last grain falls through the hourglass. With incredible persistence, this trainer doesn’t know how to throw in the towel. The going is never tough enough for her.",,48,KYE,First Quarter,https://ipfs.tothemoon.net/ipfs/QmRWUTb42svjfWR687P3JjsSM5iZiSMkLAtcPsj5aBfckY,Female,Patience,Talent,Ambition,Versatility,Respect,3,2,2,,
Character,MTKY,Moon,1,Asia,GIN,Moon Trainer,"KYE will still be waiting, long after the last grain falls through the hourglass. With incredible persistence, this trainer doesn’t know how to throw in the towel. The going is never tough enough for her.",,9,KYE,First Quarter,https://ipfs.tothemoon.net/ipfs/QmaLXrfYL6v78d4NEp6BNNo8Q8pyP6Wiexnp1J6S3eRDoY,Female,Patience,Talent,Ambition,Versatility,Respect,2,2,1,,
Character,MTKY,Moon,1,South America,GIN,Moon Trainer,"KYE will still be waiting, long after the last grain falls through the hourglass. With incredible persistence, this trainer doesn’t know how to throw in the towel. The going is never tough enough for her.",,88,KYE,First Quarter,https://ipfs.tothemoon.net/ipfs/QmfGUScUcHb7e5VYBYVzXB1FAnicHZZL6RespyBxurjuqF,Female,Patience,Talent,Ambition,Versatility,Respect,1,2,3,,
Character,MTKY,Moon,1,Asia,GIN,Moon Trainer,"KYE will still be waiting, long after the last grain falls through the hourglass. With incredible persistence, this trainer doesn’t know how to throw in the towel. The going is never tough enough for her.",,21,KYE,First Quarter,https://ipfs.tothemoon.net/ipfs/QmaKSvGKgZBGxtZTi97GYJTu3rHMz1PN9KmSkWkRgezJE4,Female,Patience,Talent,Ambition,Versatility,Respect,3,2,3,,
Character,MTKY,Moon,1,Africa,GIN,Moon Trainer,"KYE will still be waiting, long after the last grain falls through the hourglass. With incredible persistence, this trainer doesn’t know how to throw in the towel. The going is never tough enough for her.",,80,KYE,First Quarter,https://ipfs.tothemoon.net/ipfs/QmY5L9NGfPSpwU5uLWKndt1VkD3YQjGvibGBnijora9Frr,Female,Patience,Talent,Ambition,Versatility,Respect,1,3,3,,
Character,MTKY,Moon,1,Asia,GIN,Moon Trainer,"KYE will still be waiting, long after the last grain falls through the hourglass. With incredible persistence, this trainer doesn’t know how to throw in the towel. The going is never tough enough for her.",,25,KYE,First Quarter,https://ipfs.tothemoon.net/ipfs/QmUVzssBM5d6dh6tyeo2WXjvCPUNvQmunUfFFQyAxosheT,Female,Patience,Talent,Ambition,Versatility,Respect,1,3,3,,
Character,MTKY,Moon,1,North America,GIN,Moon Trainer,"KYE will still be waiting, long after the last grain falls through the hourglass. With incredible persistence, this trainer doesn’t know how to throw in the towel. The going is never tough enough for her.",,30,KYE,First Quarter,https://ipfs.tothemoon.net/ipfs/QmbmVNuGVwfSdr6NvWonaGkMq7QsSUgCPwuE156Kmn9AGS,Female,Patience,Talent,Ambition,Versatility,Respect,3,1,2,,
Character,MTKY,Moon,1,Asia,GIN,Moon Trainer,"KYE will still be waiting, long after the last grain falls through the hourglass. With incredible persistence, this trainer doesn’t know how to throw in the towel. The going is never tough enough for her.",,1,KYE,First Quarter,https://ipfs.tothemoon.net/ipfs/QmR1Po9aEPgz24o32cVhqjnSm8Ay4bWGtvZAJC2TaLBe1p,Female,Patience,Talent,Ambition,Versatility,Respect,1,1,2,,
Character,MTKY,Moon,1,Africa,GIN,Moon Trainer,"KYE will still be waiting, long after the last grain falls through the hourglass. With incredible persistence, this trainer doesn’t know how to throw in the towel. The going is never tough enough for her.",,76,KYE,First Quarter,https://ipfs.tothemoon.net/ipfs/QmaJzStKXXBMLzZjfuJk9uwqhokjuFmcvFBtvXcHwL3Yz2,Female,Patience,Talent,Ambition,Versatility,Respect,2,1,2,,
Character,MTKY,Moon,1,South America,GIN,Moon Trainer,"KYE will still be waiting, long after the last grain falls through the hourglass. With incredible persistence, this trainer doesn’t know how to throw in the towel. The going is never tough enough for her.",,93,KYE,First Quarter,https://ipfs.tothemoon.net/ipfs/QmT46SSdGJinGiLnKV4K4oGxkp2mZYDuNLiaq3abZLNrFj,Female,Patience,Talent,Ambition,Versatility,Respect,2,3,2,,
Character,MTKY,Moon,1,South America,GIN,Moon Trainer,"KYE will still be waiting, long after the last grain falls through the hourglass. With incredible persistence, this trainer doesn’t know how to throw in the towel. The going is never tough enough for her.",,83,KYE,First Quarter,https://ipfs.tothemoon.net/ipfs/QmWhMGwDhjoqn5pPcStHj9uM24utW7y4zXBqwNPZoYeGvP,Female,Patience,Talent,Ambition,Versatility,Respect,2,1,3,,
Character,MTKY,Moon,1,Africa,GIN,Moon Trainer,"KYE will still be waiting, long after the last grain falls through the hourglass. With incredible persistence, this trainer doesn’t know how to throw in the towel. The going is never tough enough for her.",,67,KYE,First Quarter,https://ipfs.tothemoon.net/ipfs/QmR4iykshT9xQ2v5hVYnasWQqcZL4ZPkikPJKp2skiVW6H,Female,Patience,Talent,Ambition,Versatility,Respect,3,1,1,,
Character,MTKY,Moon,1,Africa,GIN,Moon Trainer,"KYE will still be waiting, long after the last grain falls through the hourglass. With incredible persistence, this trainer doesn’t know how to throw in the towel. The going is never tough enough for her.",,78,KYE,First Quarter,https://ipfs.tothemoon.net/ipfs/Qma8z4rH4GUpGXMHKb6yvoFYERVmCdooazoojJ7NMxnotW,Female,Patience,Talent,Ambition,Versatility,Respect,2,1,3,,
Character,MTKY,Moon,1,North America,GIN,Moon Trainer,"KYE will still be waiting, long after the last grain falls through the hourglass. With incredible persistence, this trainer doesn’t know how to throw in the towel. The going is never tough enough for her.",,26,KYE,First Quarter,https://ipfs.tothemoon.net/ipfs/QmPEecBZtXh3DBS8Wiaoy8RPrq8VcNFWqrCq3h9VziqKQB,Female,Patience,Talent,Ambition,Versatility,Respect,1,2,3,,
Character,MTKY,Moon,1,Europe,GIN,Moon Trainer,"KYE will still be waiting, long after the last grain falls through the hourglass. With incredible persistence, this trainer doesn’t know how to throw in the towel. The going is never tough enough for her.",,57,KYE,First Quarter,https://ipfs.tothemoon.net/ipfs/QmdsqGHTQvAo31SJGmTHm9kHPs1QCty1dsStCKdEj5wc1S,Female,Patience,Talent,Ambition,Versatility,Respect,2,3,3,,
Character,MTKY,Moon,1,Australia,GIN,Moon Trainer,"KYE will still be waiting, long after the last grain falls through the hourglass. With incredible persistence, this trainer doesn’t know how to throw in the towel. The going is never tough enough for her.",,97,KYE,First Quarter,https://ipfs.tothemoon.net/ipfs/QmZxmZaAfDXHJyuH9oQp9SuJjxKdqkLswTyqFJhj6643vn,Female,Patience,Talent,Ambition,Versatility,Respect,2,2,3,,
Character,MTKY,Moon,1,Asia,GIN,Moon Trainer,"KYE will still be waiting, long after the last grain falls through the hourglass. With incredible persistence, this trainer doesn’t know how to throw in the towel. The going is never tough enough for her.",,3,KYE,First Quarter,https://ipfs.tothemoon.net/ipfs/QmeoPUxcBQsY39vEyt1TeRB21G2NNTAiDq1TSw5rYTMsL5,Female,Patience,Talent,Ambition,Versatility,Respect,1,1,2,,
Character,MTKY,Moon,1,Asia,GIN,Moon Trainer,"KYE will still be waiting, long after the last grain falls through the hourglass. With incredible persistence, this trainer doesn’t know how to throw in the towel. The going is never tough enough for her.",,17,KYE,First Quarter,https://ipfs.tothemoon.net/ipfs/QmfYH9a7s9jXWVPcSXq2tyDEz8UxfXyjX12WV6zyxAhQWu,Female,Patience,Talent,Ambition,Versatility,Respect,2,3,3,,
Character,MTKY,Moon,1,Asia,GIN,Moon Trainer,"KYE will still be waiting, long after the last grain falls through the hourglass. With incredible persistence, this trainer doesn’t know how to throw in the towel. The going is never tough enough for her.",,24,KYE,First Quarter,https://ipfs.tothemoon.net/ipfs/QmXFSiXjqBXRRd2SPsxA52285FYuRpocNtnPgUmMoYKSmA,Female,Patience,Talent,Ambition,Versatility,Respect,2,1,3,,
Character,MTKY,Moon,1,Africa,GIN,Moon Trainer,"KYE will still be waiting, long after the last grain falls through the hourglass. With incredible persistence, this trainer doesn’t know how to throw in the towel. The going is never tough enough for her.",,72,KYE,First Quarter,https://ipfs.tothemoon.net/ipfs/QmezGjNU2WdgVVe2JanVMFKDg1yjRemeagkocAbbYn4jJV,Female,Patience,Talent,Ambition,Versatility,Respect,1,1,1,,
Character,MTKY,Moon,1,Asia,GIN,Moon Trainer,"KYE will still be waiting, long after the last grain falls through the hourglass. With incredible persistence, this trainer doesn’t know how to throw in the towel. The going is never tough enough for her.",,5,KYE,First Quarter,https://ipfs.tothemoon.net/ipfs/QmTHMiiBa2hSv7DvNh2GEUiTTi1UQeuHk4w6zD8UoWsXJV,Female,Patience,Talent,Ambition,Versatility,Respect,1,3,2,,
Character,MTKY,Moon,1,Asia,GIN,Moon Trainer,"KYE will still be waiting, long after the last grain falls through the hourglass. With incredible persistence, this trainer doesn’t know how to throw in the towel. The going is never tough enough for her.",,19,KYE,First Quarter,https://ipfs.tothemoon.net/ipfs/QmP2VYAZdvLZL3aN2gXXb8Bu4mAW8xhanVoHmzBtoECtS2,Female,Patience,Talent,Ambition,Versatility,Respect,3,2,3,,
Character,MTKY,Moon,1,South America,GIN,Moon Trainer,"KYE will still be waiting, long after the last grain falls through the hourglass. With incredible persistence, this trainer doesn’t know how to throw in the towel. The going is never tough enough for her.",,87,KYE,First Quarter,https://ipfs.tothemoon.net/ipfs/QmecWTCSr8q11pBhSq8cZttv3gs8CVeYFUBpSiTgYYVX3v,Female,Patience,Talent,Ambition,Versatility,Respect,2,2,2,,
Character,MTKY,Moon,1,Asia,GIN,Moon Trainer,"KYE will still be waiting, long after the last grain falls through the hourglass. With incredible persistence, this trainer doesn’t know how to throw in the towel. The going is never tough enough for her.",,2,KYE,First Quarter,https://ipfs.tothemoon.net/ipfs/QmYdjMEVUmhq6N7qwvxQZppFkHDtXUHs7qsStfNphb61sy,Female,Patience,Talent,Ambition,Versatility,Respect,1,3,2,,
Character,MTKY,Moon,1,South America,GIN,Moon Trainer,"KYE will still be waiting, long after the last grain falls through the hourglass. With incredible persistence, this trainer doesn’t know how to throw in the towel. The going is never tough enough for her.",,85,KYE,First Quarter,https://ipfs.tothemoon.net/ipfs/QmardFN1QKQfXpMQoeU6tikvfBjxFd9FdcyKqV98P9wfss,Female,Patience,Talent,Ambition,Versatility,Respect,1,1,1,,
Character,MTKY,Moon,1,North America,GIN,Moon Trainer,"KYE will still be waiting, long after the last grain falls through the hourglass. With incredible persistence, this trainer doesn’t know how to throw in the towel. The going is never tough enough for her.",,38,KYE,First Quarter,https://ipfs.tothemoon.net/ipfs/QmeQaEwA99CPgbqN3wHGu4MgDtj9CYt9fBno58KLfBBcDo,Female,Patience,Talent,Ambition,Versatility,Respect,1,1,1,,
Character,MTKY,Moon,1,Africa,GIN,Moon Trainer,"KYE will still be waiting, long after the last grain falls through the hourglass. With incredible persistence, this trainer doesn’t know how to throw in the towel. The going is never tough enough for her.",,68,KYE,First Quarter,https://ipfs.tothemoon.net/ipfs/QmbLjfsFLGejkNktUcmSKFvcfAw4Scifh98fzo5waaJQXu,Female,Patience,Talent,Ambition,Versatility,Respect,2,3,1,,
Character,MTKY,Moon,1,North America,GIN,Moon Trainer,"KYE will still be waiting, long after the last grain falls through the hourglass. With incredible persistence, this trainer doesn’t know how to throw in the towel. The going is never tough enough for her.",,33,KYE,First Quarter,https://ipfs.tothemoon.net/ipfs/Qmbgx54wLwo7TgpwG197rumwEgoHmUQ1G9YVpyasHdWqyh,Female,Patience,Talent,Ambition,Versatility,Respect,3,3,3,,
Character,MTKY,Moon,1,South America,GIN,Moon Trainer,"KYE will still be waiting, long after the last grain falls through the hourglass. With incredible persistence, this trainer doesn’t know how to throw in the towel. The going is never tough enough for her.",,95,KYE,First Quarter,https://ipfs.tothemoon.net/ipfs/QmX4RsDPJyiTszyd7QgfrDBqu9wRF6gtEGWFVBCgnnRkuG,Female,Patience,Talent,Ambition,Versatility,Respect,3,3,3,,
Character,MTKY,Moon,1,Australia,GIN,Moon Trainer,"KYE will still be waiting, long after the last grain falls through the hourglass. With incredible persistence, this trainer doesn’t know how to throw in the towel. The going is never tough enough for her.",,98,KYE,First Quarter,https://ipfs.tothemoon.net/ipfs/QmXCBh63gfMencoAbAH9nwGZmR1Jmsi5W2LXvghAXjgjtL,Female,Patience,Talent,Ambition,Versatility,Respect,1,1,2,,
Character,MTKY,Moon,1,North America,GIN,Moon Trainer,"KYE will still be waiting, long after the last grain falls through the hourglass. With incredible persistence, this trainer doesn’t know how to throw in the towel. The going is never tough enough for her.",,45,KYE,First Quarter,https://ipfs.tothemoon.net/ipfs/Qma9DekH2nnzm3KKBupPpZRxaRaHwAByUbEfmNv2pZ8Bsh,Female,Patience,Talent,Ambition,Versatility,Respect,2,2,2,,
Character,MTKY,Moon,1,Asia,GIN,Moon Trainer,"KYE will still be waiting, long after the last grain falls through the hourglass. With incredible persistence, this trainer doesn’t know how to throw in the towel. The going is never tough enough for her.",,18,KYE,First Quarter,https://ipfs.tothemoon.net/ipfs/QmbnPRZFshNNNHLWFehy38JYwQKmj9NdHvYz54EkCMCr5Q,Female,Patience,Talent,Ambition,Versatility,Respect,2,3,1,,
Character,MTKY,Moon,1,North America,GIN,Moon Trainer,"KYE will still be waiting, long after the last grain falls through the hourglass. With incredible persistence, this trainer doesn’t know how to throw in the towel. The going is never tough enough for her.",,29,KYE,First Quarter,https://ipfs.tothemoon.net/ipfs/QmWMBDLymkhpS1U7CrvVhMujEqV9f2dMranU1WMS5RG7iQ,Female,Patience,Talent,Ambition,Versatility,Respect,2,1,2,,
Character,MTKY,Moon,1,Africa,GIN,Moon Trainer,"KYE will still be waiting, long after the last grain falls through the hourglass. With incredible persistence, this trainer doesn’t know how to throw in the towel. The going is never tough enough for her.",,75,KYE,First Quarter,https://ipfs.tothemoon.net/ipfs/QmRLthb5YBFRHusbxaJ7SJyts1w3uM8vpP5S1c2ndwbw3X,Female,Patience,Talent,Ambition,Versatility,Respect,2,3,2,,
Character,MTKY,Moon,1,Europe,GIN,Moon Trainer,"KYE will still be waiting, long after the last grain falls through the hourglass. With incredible persistence, this trainer doesn’t know how to throw in the towel. The going is never tough enough for her.",,60,KYE,First Quarter,https://ipfs.tothemoon.net/ipfs/QmWHL38xL8BLg3ujwHjbmAb5q1KRT9V1tkUKTKzwYGEEZd,Female,Patience,Talent,Ambition,Versatility,Respect,2,3,1,,
Character,MTKY,Moon,1,North America,GIN,Moon Trainer,"KYE will still be waiting, long after the last grain falls through the hourglass. With incredible persistence, this trainer doesn’t know how to throw in the towel. The going is never tough enough for her.",,40,KYE,First Quarter,https://ipfs.tothemoon.net/ipfs/QmQYWtoBKZ7SJj15xt8XaaYWmggT2gAqEQMwAtcWbCmQmw,Female,Patience,Talent,Ambition,Versatility,Respect,3,2,2,,
Character,MTKY,Moon,1,Europe,GIN,Moon Trainer,"KYE will still be waiting, long after the last grain falls through the hourglass. With incredible persistence, this trainer doesn’t know how to throw in the towel. The going is never tough enough for her.",,62,KYE,First Quarter,https://ipfs.tothemoon.net/ipfs/Qmbyv9nKBxhqbwT15s7vSgrH5dxxQPeRqdpUNGkQ1MNm3k,Female,Patience,Talent,Ambition,Versatility,Respect,2,3,2,,
Character,MTKY,Moon,1,Asia,GIN,Moon Trainer,"KYE will still be waiting, long after the last grain falls through the hourglass. With incredible persistence, this trainer doesn’t know how to throw in the towel. The going is never tough enough for her.",,14,KYE,First Quarter,https://ipfs.tothemoon.net/ipfs/Qmbu4Drygnm7cGrN7WvgFNcxLq3HAQp6b1sYcSY5LLiSGH,Female,Patience,Talent,Ambition,Versatility,Respect,1,1,3,,
Character,MTKY,Moon,1,Europe,GIN,Moon Trainer,"KYE will still be waiting, long after the last grain falls through the hourglass. With incredible persistence, this trainer doesn’t know how to throw in the towel. The going is never tough enough for her.",,61,KYE,First Quarter,https://ipfs.tothemoon.net/ipfs/QmUtFsz62feSfhdmzNeS2T9t12K5xCGTGNByqwd6FxFprC,Female,Patience,Talent,Ambition,Versatility,Respect,1,2,2,,
Character,MTKY,Moon,1,South America,GIN,Moon Trainer,"KYE will still be waiting, long after the last grain falls through the hourglass. With incredible persistence, this trainer doesn’t know how to throw in the towel. The going is never tough enough for her.",,94,KYE,First Quarter,https://ipfs.tothemoon.net/ipfs/QmR2X9CZhxGA65LpyBzPij74TB7PRYYbwpp5FxHLUAY4K6,Female,Patience,Talent,Ambition,Versatility,Respect,2,1,1,,
Character,MTKY,Moon,1,Asia,GIN,Moon Trainer,"KYE will still be waiting, long after the last grain falls through the hourglass. With incredible persistence, this trainer doesn’t know how to throw in the towel. The going is never tough enough for her.",,7,KYE,First Quarter,https://ipfs.tothemoon.net/ipfs/QmbKQxU9HxKTdC4wXyykGT5YfKLWmhjwUn24UA7tUqcgNR,Female,Patience,Talent,Ambition,Versatility,Respect,2,2,3,,
Character,MTKY,Moon,1,Asia,GIN,Moon Trainer,"KYE will still be waiting, long after the last grain falls through the hourglass. With incredible persistence, this trainer doesn’t know how to throw in the towel. The going is never tough enough for her.",,11,KYE,First Quarter,https://ipfs.tothemoon.net/ipfs/QmbLXwCmKN6Wo8WBqwYw9KwhgExbXeLQ6ea5uNgX2ebG1u,Female,Patience,Talent,Ambition,Versatility,Respect,3,3,2,,
Character,MTKY,Moon,1,Europe,GIN,Moon Trainer,"KYE will still be waiting, long after the last grain falls through the hourglass. With incredible persistence, this trainer doesn’t know how to throw in the towel. The going is never tough enough for her.",,46,KYE,First Quarter,https://ipfs.tothemoon.net/ipfs/QmaVfbi2JuhZgmEpXmJqCaLrZkbJhRg5kEEA8xKMvq38V2,Female,Patience,Talent,Ambition,Versatility,Respect,3,1,3,,
Character,MTKY,Moon,1,South America,GIN,Moon Trainer,"KYE will still be waiting, long after the last grain falls through the hourglass. With incredible persistence, this trainer doesn’t know how to throw in the towel. The going is never tough enough for her.",,81,KYE,First Quarter,https://ipfs.tothemoon.net/ipfs/QmPnTAqNvUEJ3sxnAPJa1N8kTGoRzdv5KaUyBGT26iEvAH,Female,Patience,Talent,Ambition,Versatility,Respect,1,2,2,,
Character,MTKY,Moon,1,Asia,GIN,Moon Trainer,"KYE will still be waiting, long after the last grain falls through the hourglass. With incredible persistence, this trainer doesn’t know how to throw in the towel. The going is never tough enough for her.",,23,KYE,First Quarter,https://ipfs.tothemoon.net/ipfs/QmR8STn1TPT8Wo4sLWc5zWrsHHS5q7m1DbQmPw5nbkRXrH,Female,Patience,Talent,Ambition,Versatility,Respect,1,3,3,,
Character,MTKY,Moon,1,Europe,GIN,Moon Trainer,"KYE will still be waiting, long after the last grain falls through the hourglass. With incredible persistence, this trainer doesn’t know how to throw in the towel. The going is never tough enough for her.",,53,KYE,First Quarter,https://ipfs.tothemoon.net/ipfs/QmcjGSmfPYDAvPxLP7RiFUXnmRH2tnp8nYfYBERFyG29pA,Female,Patience,Talent,Ambition,Versatility,Respect,2,2,1,,
Character,MTKY,Moon,1,Asia,GIN,Moon Trainer,"KYE will still be waiting, long after the last grain falls through the hourglass. With incredible persistence, this trainer doesn’t know how to throw in the towel. The going is never tough enough for her.",,15,KYE,First Quarter,https://ipfs.tothemoon.net/ipfs/QmPJJeLi1g9qWDTyLT22ypDUM4qgspEUa9WBQzp8cxmP7t,Female,Patience,Talent,Ambition,Versatility,Respect,1,2,2,,
Character,MTKY,Moon,1,Asia,GIN,Moon Trainer,"KYE will still be waiting, long after the last grain falls through the hourglass. With incredible persistence, this trainer doesn’t know how to throw in the towel. The going is never tough enough for her.",,8,KYE,First Quarter,https://ipfs.tothemoon.net/ipfs/QmNa6YnZx27LxXLVGiWvPSwm1vvG4bsuikHUuoWqkob3s5,Female,Patience,Talent,Ambition,Versatility,Respect,1,3,1,,
Character,MTKY,Moon,1,South America,GIN,Moon Trainer,"KYE will still be waiting, long after the last grain falls through the hourglass. With incredible persistence, this trainer doesn’t know how to throw in the towel. The going is never tough enough for her.",,84,KYE,First Quarter,https://ipfs.tothemoon.net/ipfs/QmUHFd8GRr89KJpjAhza63BPe81ScR9cM4SgGua539ht9Z,Female,Patience,Talent,Ambition,Versatility,Respect,1,2,1,,
Character,MTKY,Moon,1,North America,GIN,Moon Trainer,"KYE will still be waiting, long after the last grain falls through the hourglass. With incredible persistence, this trainer doesn’t know how to throw in the towel. The going is never tough enough for her.",,28,KYE,First Quarter,https://ipfs.tothemoon.net/ipfs/QmVX5GnHaAgsDJ3VWR3tNg6kHnYddhj7edkHTGPP43jwGF,Female,Patience,Talent,Ambition,Versatility,Respect,2,2,3,,
Character,MTKY,Moon,1,Asia,GIN,Moon Trainer,"KYE will still be waiting, long after the last grain falls through the hourglass. With incredible persistence, this trainer doesn’t know how to throw in the towel. The going is never tough enough for her.",,22,KYE,First Quarter,https://ipfs.tothemoon.net/ipfs/QmUcczE3CEcdime4UZ8isLe7LX7s5KgGNCeqkZZ5wncZLp,Female,Patience,Talent,Ambition,Versatility,Respect,1,3,3,,
Character,MTKY,Moon,1,Africa,GIN,Moon Trainer,"KYE will still be waiting, long after the last grain falls through the hourglass. With incredible persistence, this trainer doesn’t know how to throw in the towel. The going is never tough enough for her.",,66,KYE,First Quarter,https://ipfs.tothemoon.net/ipfs/QmTw9Wm3TtvnK7AU1HT3BgcKYKBkirbLYw1GUCass6QXLr,Female,Patience,Talent,Ambition,Versatility,Respect,3,3,1,,
Character,MTKY,Moon,1,Europe,GIN,Moon Trainer,"KYE will still be waiting, long after the last grain falls through the hourglass. With incredible persistence, this trainer doesn’t know how to throw in the towel. The going is never tough enough for her.",,50,KYE,First Quarter,https://ipfs.tothemoon.net/ipfs/QmW7RqnvQ2wbSxCcs4Dzxy2yfKymJCbzQueY7HiZH3umg9,Female,Patience,Talent,Ambition,Versatility,Respect,3,3,3,,
Character,MTKY,Moon,1,Africa,GIN,Moon Trainer,"KYE will still be waiting, long after the last grain falls through the hourglass. With incredible persistence, this trainer doesn’t know how to throw in the towel. The going is never tough enough for her.",,70,KYE,First Quarter,https://ipfs.tothemoon.net/ipfs/QmfAhchaGfKBSxLYK1pnKjEAzudpae9qbU6idjUtPVeZaR,Female,Patience,Talent,Ambition,Versatility,Respect,3,2,1,,
Character,MTKY,Moon,1,South America,GIN,Moon Trainer,"KYE will still be waiting, long after the last grain falls through the hourglass. With incredible persistence, this trainer doesn’t know how to throw in the towel. The going is never tough enough for her.",,89,KYE,First Quarter,https://ipfs.tothemoon.net/ipfs/QmQgRopK3Nd5cNHNramJX82cu4GQ3Vmf34QVJoV3ysVwne,Female,Patience,Talent,Ambition,Versatility,Respect,1,3,1,,
Character,MTKY,Moon,1,Asia,GIN,Moon Trainer,"KYE will still be waiting, long after the last grain falls through the hourglass. With incredible persistence, this trainer doesn’t know how to throw in the towel. The going is never tough enough for her.",,6,KYE,First Quarter,https://ipfs.tothemoon.net/ipfs/QmPSiFwyTkC3fD5x4YHQrPA6Amz81xSjkNkMxz9LNTm2gE,Female,Patience,Talent,Ambition,Versatility,Respect,1,3,1,,
Character,MTKY,Moon,1,Asia,GIN,Moon Trainer,"KYE will still be waiting, long after the last grain falls through the hourglass. With incredible persistence, this trainer doesn’t know how to throw in the towel. The going is never tough enough for her.",,4,KYE,First Quarter,https://ipfs.tothemoon.net/ipfs/QmTcouLssLEALSNzP7Q6cACnbL7ciQRjkarrUhW9jYrrLz,Female,Patience,Talent,Ambition,Versatility,Respect,3,3,2,,
Character,MTKY,Moon,1,South America,GIN,Moon Trainer,"KYE will still be waiting, long after the last grain falls through the hourglass. With incredible persistence, this trainer doesn’t know how to throw in the towel. The going is never tough enough for her.",,90,KYE,First Quarter,https://ipfs.tothemoon.net/ipfs/QmXT79R2oerkVmRbEkc4Udyh6qiygTcCVu8x9y77goWGVa,Female,Patience,Talent,Ambition,Versatility,Respect,3,1,3,,
Character,MTKY,Moon,1,Asia,GIN,Moon Trainer,"KYE will still be waiting, long after the last grain falls through the hourglass. With incredible persistence, this trainer doesn’t know how to throw in the towel. The going is never tough enough for her.",,10,KYE,First Quarter,https://ipfs.tothemoon.net/ipfs/QmVWCyq2nmmfVERzsri3Zkb8kJ1mUXnKKdvSjqZoND3DZq,Female,Patience,Talent,Ambition,Versatility,Respect,2,2,3,,
Character,MTKY,Moon,1,North America,GIN,Moon Trainer,"KYE will still be waiting, long after the last grain falls through the hourglass. With incredible persistence, this trainer doesn’t know how to throw in the towel. The going is never tough enough for her.",,34,KYE,First Quarter,https://ipfs.tothemoon.net/ipfs/QmYcrh4iYSM3SJ8TznbPKj4RnDnQD1BTjb8VoxhU1Wminp,Female,Patience,Talent,Ambition,Versatility,Respect,2,2,2,,
Character,MTKY,Moon,1,Europe,GIN,Moon Trainer,"KYE will still be waiting, long after the last grain falls through the hourglass. With incredible persistence, this trainer doesn’t know how to throw in the towel. The going is never tough enough for her.",,63,KYE,First Quarter,https://ipfs.tothemoon.net/ipfs/Qmf86GGEVDCjsh5zHw1hsKke8dcycn9L9sKcvLLxxVHs5j,Female,Patience,Talent,Ambition,Versatility,Respect,1,1,2,,
Character,MTKY,Moon,1,Europe,GIN,Moon Trainer,"KYE will still be waiting, long after the last grain falls through the hourglass. With incredible persistence, this trainer doesn’t know how to throw in the towel. The going is never tough enough for her.",,55,KYE,First Quarter,https://ipfs.tothemoon.net/ipfs/QmVeQS7cmZ8x4YV2AR8dxfNDK2cxX7fFxSgYF4MKJazcrx,Female,Patience,Talent,Ambition,Versatility,Respect,2,2,1,,
Character,MTKY,Moon,1,North America,GIN,Moon Trainer,"KYE will still be waiting, long after the last grain falls through the hourglass. With incredible persistence, this trainer doesn’t know how to throw in the towel. The going is never tough enough for her.",,44,KYE,First Quarter,https://ipfs.tothemoon.net/ipfs/Qme9fRUgwYXCS3wUHfiVm9Gd59umuEJgdwimnpxEje11JP,Female,Patience,Talent,Ambition,Versatility,Respect,3,1,2,,
Character,MTKY,Moon,1,North America,GIN,Moon Trainer,"KYE will still be waiting, long after the last grain falls through the hourglass. With incredible persistence, this trainer doesn’t know how to throw in the towel. The going is never tough enough for her.",,41,KYE,First Quarter,https://ipfs.tothemoon.net/ipfs/QmReFpSUatcafqSZbDVeExVwngs6mMkwdAKEz529RsN5nM,Female,Patience,Talent,Ambition,Versatility,Respect,2,3,1,,
Character,MTKY,Moon,1,North America,GIN,Moon Trainer,"KYE will still be waiting, long after the last grain falls through the hourglass. With incredible persistence, this trainer doesn’t know how to throw in the towel. The going is never tough enough for her.",,39,KYE,First Quarter,https://ipfs.tothemoon.net/ipfs/QmU3vH97SeVrXWDbZA8bdxeQrv3DiyqRRot4zbKPrsfHNh,Female,Patience,Talent,Ambition,Versatility,Respect,3,2,1,,
Character,MTKY,Moon,1,Europe,GIN,Moon Trainer,"KYE will still be waiting, long after the last grain falls through the hourglass. With incredible persistence, this trainer doesn’t know how to throw in the towel. The going is never tough enough for her.",,54,KYE,First Quarter,https://ipfs.tothemoon.net/ipfs/QmUEpWVxxXCtK5waaNv4sSxCMaBS45Bsx7pkrL5PDoMWcq,Female,Patience,Talent,Ambition,Versatility,Respect,1,1,3,,
Character,MTKY,Moon,1,South America,GIN,Moon Trainer,"KYE will still be waiting, long after the last grain falls through the hourglass. With incredible persistence, this trainer doesn’t know how to throw in the towel. The going is never tough enough for her.",,86,KYE,First Quarter,https://ipfs.tothemoon.net/ipfs/Qmbx3b8XEYqD4E9y866Q3YL7c8osg6qNqTo7EFwDb5zch4,Female,Patience,Talent,Ambition,Versatility,Respect,2,1,2,,
Character,MTW,Moon,1,Europe,GIN,Moon Trainer,"When it comes to WUN, four eyes means just that- four eyes. This trainer carries the ability to spot and adapt to all happenings. Aside from his intellectual appearance, WUN is also a true jokester underneath.",,53,WUN,First Quarter,https://ipfs.tothemoon.net/ipfs/QmXmjA2tCBkjDpFpg6iaJVoemmcVxakEShg8xCmYT2Xjop,Male,Knowledge,Logic,Versatility,Alert,Humor,2,2,1,,
Character,MTW,Moon,1,Africa,GIN,Moon Trainer,"When it comes to WUN, four eyes means just that- four eyes. This trainer carries the ability to spot and adapt to all happenings. Aside from his intellectual appearance, WUN is also a true jokester underneath.",,68,WUN,First Quarter,https://ipfs.tothemoon.net/ipfs/QmWeBXJA4MedrMBFygmeqDYGHkb6nrqdhMx6jQ5SM4Ydb7,Male,Knowledge,Logic,Versatility,Alert,Humor,2,3,1,,
Character,MTW,Moon,1,Asia,GIN,Moon Trainer,"When it comes to WUN, four eyes means just that- four eyes. This trainer carries the ability to spot and adapt to all happenings. Aside from his intellectual appearance, WUN is also a true jokester underneath.",,16,WUN,First Quarter,https://ipfs.tothemoon.net/ipfs/QmQKj64aqDuz3Rx9ZFPzFEwoZhTrHR8ApFEhLj8YbgXkU4,Male,Knowledge,Logic,Versatility,Alert,Humor,3,3,1,,
Character,MTW,Moon,1,South America,GIN,Moon Trainer,"When it comes to WUN, four eyes means just that- four eyes. This trainer carries the ability to spot and adapt to all happenings. Aside from his intellectual appearance, WUN is also a true jokester underneath.",,83,WUN,First Quarter,https://ipfs.tothemoon.net/ipfs/QmYvmaA7vWiNdge16MGF2h5kYTmWyaWKRkhaQNHufpiJrH,Male,Knowledge,Logic,Versatility,Alert,Humor,2,1,3,,
Character,MTW,Moon,1,Europe,GIN,Moon Trainer,"When it comes to WUN, four eyes means just that- four eyes. This trainer carries the ability to spot and adapt to all happenings. Aside from his intellectual appearance, WUN is also a true jokester underneath.",,63,WUN,First Quarter,https://ipfs.tothemoon.net/ipfs/QmNUjncibpSoR9vDbqzd27wwVgtt61B6UVjs6NQA8gUBeV,Male,Knowledge,Logic,Versatility,Alert,Humor,1,1,2,,
Character,MTW,Moon,1,Australia,GIN,Moon Trainer,"When it comes to WUN, four eyes means just that- four eyes. This trainer carries the ability to spot and adapt to all happenings. Aside from his intellectual appearance, WUN is also a true jokester underneath.",,99,WUN,First Quarter,https://ipfs.tothemoon.net/ipfs/QmeUf8XdPHMRBdQTj6AQ239K1GsttFzGRTF82UF9gguoA3,Male,Knowledge,Logic,Versatility,Alert,Humor,2,2,1,,
Character,MTW,Moon,1,Africa,GIN,Moon Trainer,"When it comes to WUN, four eyes means just that- four eyes. This trainer carries the ability to spot and adapt to all happenings. Aside from his intellectual appearance, WUN is also a true jokester underneath.",,76,WUN,First Quarter,https://ipfs.tothemoon.net/ipfs/QmRyA314Qpwatmx4VSbgyjBpHAGmGNxHLmjAQfR9Yi8Ez2,Male,Knowledge,Logic,Versatility,Alert,Humor,2,1,2,,
Character,MTW,Moon,1,Australia,GIN,Moon Trainer,"When it comes to WUN, four eyes means just that- four eyes. This trainer carries the ability to spot and adapt to all happenings. Aside from his intellectual appearance, WUN is also a true jokester underneath.",,96,WUN,First Quarter,https://ipfs.tothemoon.net/ipfs/QmVLdXocvSxvnfVgv1dH8cjHBBGLZFwSCbficYQAHyxF6W,Male,Knowledge,Logic,Versatility,Alert,Humor,1,2,1,,
Character,MTW,Moon,1,Europe,GIN,Moon Trainer,"When it comes to WUN, four eyes means just that- four eyes. This trainer carries the ability to spot and adapt to all happenings. Aside from his intellectual appearance, WUN is also a true jokester underneath.",,60,WUN,First Quarter,https://ipfs.tothemoon.net/ipfs/QmdTgQgpi46g9VBShQ6d1coTDdsEBZdgnvXuuHePFa9Yxj,Male,Knowledge,Logic,Versatility,Alert,Humor,2,3,1,,
Character,MTW,Moon,1,South America,GIN,Moon Trainer,"When it comes to WUN, four eyes means just that- four eyes. This trainer carries the ability to spot and adapt to all happenings. Aside from his intellectual appearance, WUN is also a true jokester underneath.",,88,WUN,First Quarter,https://ipfs.tothemoon.net/ipfs/QmcFoKQpSdw36KWLRoTi8J7fRcALpcgDgmWzyqeQg9Ptay,Male,Knowledge,Logic,Versatility,Alert,Humor,1,2,3,,
Character,MTW,Moon,1,North America,GIN,Moon Trainer,"When it comes to WUN, four eyes means just that- four eyes. This trainer carries the ability to spot and adapt to all happenings. Aside from his intellectual appearance, WUN is also a true jokester underneath.",,35,WUN,First Quarter,https://ipfs.tothemoon.net/ipfs/Qmc3hWkJLpCRDBJPe7T8NZKCC4ozWvEtYJx5mdWcynAyu7,Male,Knowledge,Logic,Versatility,Alert,Humor,1,1,3,,
Character,MTW,Moon,1,North America,GIN,Moon Trainer,"When it comes to WUN, four eyes means just that- four eyes. This trainer carries the ability to spot and adapt to all happenings. Aside from his intellectual appearance, WUN is also a true jokester underneath.",,34,WUN,First Quarter,https://ipfs.tothemoon.net/ipfs/QmakAw6R5ryuXpr4PvpHhGPNXc9tytSUDj1ysNTn1vb5oV,Male,Knowledge,Logic,Versatility,Alert,Humor,2,2,2,,
Character,MTW,Moon,1,Antarctica,GIN,Moon Trainer,"When it comes to WUN, four eyes means just that- four eyes. This trainer carries the ability to spot and adapt to all happenings. Aside from his intellectual appearance, WUN is also a true jokester underneath.",,100,WUN,First Quarter,https://ipfs.tothemoon.net/ipfs/QmNhAoz8B25RyDe6XDH4QYcDTWtq525KB9ZEn2vvoc9Qce,Male,Knowledge,Logic,Versatility,Alert,Humor,3,3,1,,
Character,MTW,Moon,1,Asia,GIN,Moon Trainer,"When it comes to WUN, four eyes means just that- four eyes. This trainer carries the ability to spot and adapt to all happenings. Aside from his intellectual appearance, WUN is also a true jokester underneath.",,19,WUN,First Quarter,https://ipfs.tothemoon.net/ipfs/QmRdDr6Eia8EabtAu6TeLW6iA1rrefmXnZbq8dMPWAfX57,Male,Knowledge,Logic,Versatility,Alert,Humor,3,2,3,,
Character,MTW,Moon,1,South America,GIN,Moon Trainer,"When it comes to WUN, four eyes means just that- four eyes. This trainer carries the ability to spot and adapt to all happenings. Aside from his intellectual appearance, WUN is also a true jokester underneath.",,82,WUN,First Quarter,https://ipfs.tothemoon.net/ipfs/QmNrJbYuRtmH83up8SPa6WcbJkPiqgdKZBcsKU7fcuAzJB,Male,Knowledge,Logic,Versatility,Alert,Humor,3,1,1,,
Character,MTW,Moon,1,Africa,GIN,Moon Trainer,"When it comes to WUN, four eyes means just that- four eyes. This trainer carries the ability to spot and adapt to all happenings. Aside from his intellectual appearance, WUN is also a true jokester underneath.",,77,WUN,First Quarter,https://ipfs.tothemoon.net/ipfs/QmbAropWg8gKvUqy4YnNQJ2C6XWeRMuuLoGNeKdcJgnZCY,Male,Knowledge,Logic,Versatility,Alert,Humor,2,1,3,,
Character,MTW,Moon,1,Europe,GIN,Moon Trainer,"When it comes to WUN, four eyes means just that- four eyes. This trainer carries the ability to spot and adapt to all happenings. Aside from his intellectual appearance, WUN is also a true jokester underneath.",,54,WUN,First Quarter,https://ipfs.tothemoon.net/ipfs/QmPQnujK22UPdGfbYYD2AFnzYZ4ZrJ6MP7hLzPEMrduWNA,Male,Knowledge,Logic,Versatility,Alert,Humor,1,1,3,,
Character,MTW,Moon,1,South America,GIN,Moon Trainer,"When it comes to WUN, four eyes means just that- four eyes. This trainer carries the ability to spot and adapt to all happenings. Aside from his intellectual appearance, WUN is also a true jokester underneath.",,87,WUN,First Quarter,https://ipfs.tothemoon.net/ipfs/QmcEQXZeYpdZrg4D4kgLq6NAApDST7YyJ7wMdxQBaFz3Cw,Male,Knowledge,Logic,Versatility,Alert,Humor,2,2,2,,
Character,MTW,Moon,1,Europe,GIN,Moon Trainer,"When it comes to WUN, four eyes means just that- four eyes. This trainer carries the ability to spot and adapt to all happenings. Aside from his intellectual appearance, WUN is also a true jokester underneath.",,46,WUN,First Quarter,https://ipfs.tothemoon.net/ipfs/Qmbg97MTznRqQpnVVNA9ifUcQ8RWJCJTf969zLGJpv1nuC,Male,Knowledge,Logic,Versatility,Alert,Humor,3,1,3,,
Character,MTW,Moon,1,Europe,GIN,Moon Trainer,"When it comes to WUN, four eyes means just that- four eyes. This trainer carries the ability to spot and adapt to all happenings. Aside from his intellectual appearance, WUN is also a true jokester underneath.",,61,WUN,First Quarter,https://ipfs.tothemoon.net/ipfs/QmP6AKZx4mZXSA5GwH8CsB16BjsJXf2hRzQTeNBS59p9tm,Male,Knowledge,Logic,Versatility,Alert,Humor,1,2,2,,
Character,MTW,Moon,1,Asia,GIN,Moon Trainer,"When it comes to WUN, four eyes means just that- four eyes. This trainer carries the ability to spot and adapt to all happenings. Aside from his intellectual appearance, WUN is also a true jokester underneath.",,7,WUN,First Quarter,https://ipfs.tothemoon.net/ipfs/QmZtaPEkJCBxKXq4E7USWsioTmPyFnJYJGe3pYQMzg2TnQ,Male,Knowledge,Logic,Versatility,Alert,Humor,2,2,3,,
Character,MTW,Moon,1,South America,GIN,Moon Trainer,"When it comes to WUN, four eyes means just that- four eyes. This trainer carries the ability to spot and adapt to all happenings. Aside from his intellectual appearance, WUN is also a true jokester underneath.",,89,WUN,First Quarter,https://ipfs.tothemoon.net/ipfs/Qme2YwHz2c3bcJqcPh8xynaXeSJmUKU51tPkFJW9NsbVUU,Male,Knowledge,Logic,Versatility,Alert,Humor,1,3,1,,
Character,MTW,Moon,1,Asia,GIN,Moon Trainer,"When it comes to WUN, four eyes means just that- four eyes. This trainer carries the ability to spot and adapt to all happenings. Aside from his intellectual appearance, WUN is also a true jokester underneath.",,2,WUN,First Quarter,https://ipfs.tothemoon.net/ipfs/QmRVDYiQnm8hyuv8mAuqSfSWMJGe7Ng2ZxXdn5H4D46pyY,Male,Knowledge,Logic,Versatility,Alert,Humor,1,3,2,,
Character,MTW,Moon,1,South America,GIN,Moon Trainer,"When it comes to WUN, four eyes means just that- four eyes. This trainer carries the ability to spot and adapt to all happenings. Aside from his intellectual appearance, WUN is also a true jokester underneath.",,86,WUN,First Quarter,https://ipfs.tothemoon.net/ipfs/QmQH7pYcCih4Qu6cHjgwR4hGxGBrBrpV2mG2zaMw5Wa3HB,Male,Knowledge,Logic,Versatility,Alert,Humor,2,1,2,,
Character,MTW,Moon,1,Asia,GIN,Moon Trainer,"When it comes to WUN, four eyes means just that- four eyes. This trainer carries the ability to spot and adapt to all happenings. Aside from his intellectual appearance, WUN is also a true jokester underneath.",,22,WUN,First Quarter,https://ipfs.tothemoon.net/ipfs/QmdWSHxGj23sPykaRtG6QRoFPPz8aaqjghqrsATYPbtvkq,Male,Knowledge,Logic,Versatility,Alert,Humor,1,3,3,,
Character,MTW,Moon,1,South America,GIN,Moon Trainer,"When it comes to WUN, four eyes means just that- four eyes. This trainer carries the ability to spot and adapt to all happenings. Aside from his intellectual appearance, WUN is also a true jokester underneath.",,85,WUN,First Quarter,https://ipfs.tothemoon.net/ipfs/QmeWxhzNrsh2KmbS5r9d4XzZ1YNHGknwwYGuAztgPYLqHc,Male,Knowledge,Logic,Versatility,Alert,Humor,1,1,1,,
Character,MTW,Moon,1,South America,GIN,Moon Trainer,"When it comes to WUN, four eyes means just that- four eyes. This trainer carries the ability to spot and adapt to all happenings. Aside from his intellectual appearance, WUN is also a true jokester underneath.",,94,WUN,First Quarter,https://ipfs.tothemoon.net/ipfs/QmbopGYHgjfKNsFkRdFAcCBHQovWu888Kuen3MuD78v8QP,Male,Knowledge,Logic,Versatility,Alert,Humor,2,1,1,,
Character,MTW,Moon,1,North America,GIN,Moon Trainer,"When it comes to WUN, four eyes means just that- four eyes. This trainer carries the ability to spot and adapt to all happenings. Aside from his intellectual appearance, WUN is also a true jokester underneath.",,26,WUN,First Quarter,https://ipfs.tothemoon.net/ipfs/QmZbfCd89f1qJmi4ncxLeKQGsyyUbDYLZRpWsALQdhevzG,Male,Knowledge,Logic,Versatility,Alert,Humor,1,2,3,,
Character,MTW,Moon,1,North America,GIN,Moon Trainer,"When it comes to WUN, four eyes means just that- four eyes. This trainer carries the ability to spot and adapt to all happenings. Aside from his intellectual appearance, WUN is also a true jokester underneath.",,30,WUN,First Quarter,https://ipfs.tothemoon.net/ipfs/QmTojak6YS8XuRgiVVopGgERDA3Z3XfBHqQTNiXThRNbTj,Male,Knowledge,Logic,Versatility,Alert,Humor,3,1,2,,
Character,MTW,Moon,1,Africa,GIN,Moon Trainer,"When it comes to WUN, four eyes means just that- four eyes. This trainer carries the ability to spot and adapt to all happenings. Aside from his intellectual appearance, WUN is also a true jokester underneath.",,70,WUN,First Quarter,https://ipfs.tothemoon.net/ipfs/QmQZ9ugqVw7MxCDEdy6SptZ9ViGsN3sgUeXm2QrqTAxDTJ,Male,Knowledge,Logic,Versatility,Alert,Humor,3,2,1,,
Character,MTW,Moon,1,North America,GIN,Moon Trainer,"When it comes to WUN, four eyes means just that- four eyes. This trainer carries the ability to spot and adapt to all happenings. Aside from his intellectual appearance, WUN is also a true jokester underneath.",,27,WUN,First Quarter,https://ipfs.tothemoon.net/ipfs/Qmf7WAqV1XisM2spb5fjMVXAHxwYnxvYYwYSExLGvNdRK3,Male,Knowledge,Logic,Versatility,Alert,Humor,1,2,2,,
Character,MTW,Moon,1,South America,GIN,Moon Trainer,"When it comes to WUN, four eyes means just that- four eyes. This trainer carries the ability to spot and adapt to all happenings. Aside from his intellectual appearance, WUN is also a true jokester underneath.",,92,WUN,First Quarter,https://ipfs.tothemoon.net/ipfs/QmRy3hyVUagSRizX9PYFg2AwoVhnDiNtTYQkw8CbhvxXJV,Male,Knowledge,Logic,Versatility,Alert,Humor,1,3,2,,
Character,MTW,Moon,1,Europe,GIN,Moon Trainer,"When it comes to WUN, four eyes means just that- four eyes. This trainer carries the ability to spot and adapt to all happenings. Aside from his intellectual appearance, WUN is also a true jokester underneath.",,62,WUN,First Quarter,https://ipfs.tothemoon.net/ipfs/QmTDw5kALcrnXuH7V1wg8de1bH6YFTSb8vairn85PvNbw3,Male,Knowledge,Logic,Versatility,Alert,Humor,2,3,2,,
Character,MTW,Moon,1,Europe,GIN,Moon Trainer,"When it comes to WUN, four eyes means just that- four eyes. This trainer carries the ability to spot and adapt to all happenings. Aside from his intellectual appearance, WUN is also a true jokester underneath.",,56,WUN,First Quarter,https://ipfs.tothemoon.net/ipfs/QmaTvK2EJQTsg9sHbPyPXUVdg3Eyf5UEnRkQ882cCVWk5o,Male,Knowledge,Logic,Versatility,Alert,Humor,2,3,2,,
Character,MTW,Moon,1,Asia,GIN,Moon Trainer,"When it comes to WUN, four eyes means just that- four eyes. This trainer carries the ability to spot and adapt to all happenings. Aside from his intellectual appearance, WUN is also a true jokester underneath.",,20,WUN,First Quarter,https://ipfs.tothemoon.net/ipfs/QmUoUrkrJCSQfH515vC5bcNTye97rHThimSMbcLyuHkm3j,Male,Knowledge,Logic,Versatility,Alert,Humor,1,2,3,,
Character,MTW,Moon,1,Africa,GIN,Moon Trainer,"When it comes to WUN, four eyes means just that- four eyes. This trainer carries the ability to spot and adapt to all happenings. Aside from his intellectual appearance, WUN is also a true jokester underneath.",,73,WUN,First Quarter,https://ipfs.tothemoon.net/ipfs/QmbCFX97Pz4TW66qqCT9ygZtfrCKezpCiwMaNLPMR9bdSt,Male,Knowledge,Logic,Versatility,Alert,Humor,2,1,1,,
Character,MTW,Moon,1,South America,GIN,Moon Trainer,"When it comes to WUN, four eyes means just that- four eyes. This trainer carries the ability to spot and adapt to all happenings. Aside from his intellectual appearance, WUN is also a true jokester underneath.",,84,WUN,First Quarter,https://ipfs.tothemoon.net/ipfs/QmeDivgiJDCcCFSa9SMHHaCnRae89qk4QoA7rtQCYMKuKz,Male,Knowledge,Logic,Versatility,Alert,Humor,1,2,1,,
Character,MTW,Moon,1,North America,GIN,Moon Trainer,"When it comes to WUN, four eyes means just that- four eyes. This trainer carries the ability to spot and adapt to all happenings. Aside from his intellectual appearance, WUN is also a true jokester underneath.",,32,WUN,First Quarter,https://ipfs.tothemoon.net/ipfs/QmckxEQwdJsxCt95w3Yae2dDdvpWn31DUCGrGhH6RRPpc7,Male,Knowledge,Logic,Versatility,Alert,Humor,2,1,2,,
Character,MTW,Moon,1,Asia,GIN,Moon Trainer,"When it comes to WUN, four eyes means just that- four eyes. This trainer carries the ability to spot and adapt to all happenings. Aside from his intellectual appearance, WUN is also a true jokester underneath.",,24,WUN,First Quarter,https://ipfs.tothemoon.net/ipfs/Qmck3jDcTPNyxh7D74YhJtzeJBNsuKkkjZ5eb1XyCn3tkk,Male,Knowledge,Logic,Versatility,Alert,Humor,2,1,3,,
Character,MTW,Moon,1,Asia,GIN,Moon Trainer,"When it comes to WUN, four eyes means just that- four eyes. This trainer carries the ability to spot and adapt to all happenings. Aside from his intellectual appearance, WUN is also a true jokester underneath.",,17,WUN,First Quarter,https://ipfs.tothemoon.net/ipfs/QmRDW7ohgugs3pdYVFq6fA165ThUhRKSf1rxDozTKuykCi,Male,Knowledge,Logic,Versatility,Alert,Humor,2,3,3,,
Character,MTW,Moon,1,South America,GIN,Moon Trainer,"When it comes to WUN, four eyes means just that- four eyes. This trainer carries the ability to spot and adapt to all happenings. Aside from his intellectual appearance, WUN is also a true jokester underneath.",,90,WUN,First Quarter,https://ipfs.tothemoon.net/ipfs/QmVeJbVJf38kQUuNdVeJcCxoULvTcSpdjPTi6xNmFxt8FE,Male,Knowledge,Logic,Versatility,Alert,Humor,3,1,3,,
Character,MTW,Moon,1,North America,GIN,Moon Trainer,"When it comes to WUN, four eyes means just that- four eyes. This trainer carries the ability to spot and adapt to all happenings. Aside from his intellectual appearance, WUN is also a true jokester underneath.",,28,WUN,First Quarter,https://ipfs.tothemoon.net/ipfs/QmZBozvCwrCN7GwALm6adNU7tkxaNdGVeqFP1XR6AS1pW2,Male,Knowledge,Logic,Versatility,Alert,Humor,2,2,3,,
Character,MTW,Moon,1,Europe,GIN,Moon Trainer,"When it comes to WUN, four eyes means just that- four eyes. This trainer carries the ability to spot and adapt to all happenings. Aside from his intellectual appearance, WUN is also a true jokester underneath.",,49,WUN,First Quarter,https://ipfs.tothemoon.net/ipfs/QmRqXRERjrNrs8rNmDmuRSyEPLEPikFGPci1Yfrx2EBJDN,Male,Knowledge,Logic,Versatility,Alert,Humor,3,2,1,,
Character,MTW,Moon,1,Africa,GIN,Moon Trainer,"When it comes to WUN, four eyes means just that- four eyes. This trainer carries the ability to spot and adapt to all happenings. Aside from his intellectual appearance, WUN is also a true jokester underneath.",,71,WUN,First Quarter,https://ipfs.tothemoon.net/ipfs/QmQjJezcigvMoEMpNpiwny3opaQ9FeL6eLAsd1nEQLHG5t,Male,Knowledge,Logic,Versatility,Alert,Humor,1,3,2,,
Character,MTW,Moon,1,North America,GIN,Moon Trainer,"When it comes to WUN, four eyes means just that- four eyes. This trainer carries the ability to spot and adapt to all happenings. Aside from his intellectual appearance, WUN is also a true jokester underneath.",,38,WUN,First Quarter,https://ipfs.tothemoon.net/ipfs/QmRzP4bSXeFhWgYeyYdpGi4TuRGHhxHD3crXv7nGk8sxtS,Male,Knowledge,Logic,Versatility,Alert,Humor,1,1,1,,
Character,MTW,Moon,1,Africa,GIN,Moon Trainer,"When it comes to WUN, four eyes means just that- four eyes. This trainer carries the ability to spot and adapt to all happenings. Aside from his intellectual appearance, WUN is also a true jokester underneath.",,69,WUN,First Quarter,https://ipfs.tothemoon.net/ipfs/QmWm3pzurBfmHR6igSJ6vgZrNU1xc2C6ikAMLJiFpwEcmk,Male,Knowledge,Logic,Versatility,Alert,Humor,2,2,2,,
Character,MTW,Moon,1,Africa,GIN,Moon Trainer,"When it comes to WUN, four eyes means just that- four eyes. This trainer carries the ability to spot and adapt to all happenings. Aside from his intellectual appearance, WUN is also a true jokester underneath.",,78,WUN,First Quarter,https://ipfs.tothemoon.net/ipfs/QmPUBt728hUxjZGbY2sVX4AX179GTA8UcfzaGtjeXpT2G8,Male,Knowledge,Logic,Versatility,Alert,Humor,2,1,3,,
Character,MTW,Moon,1,Asia,GIN,Moon Trainer,"When it comes to WUN, four eyes means just that- four eyes. This trainer carries the ability to spot and adapt to all happenings. Aside from his intellectual appearance, WUN is also a true jokester underneath.",,3,WUN,First Quarter,https://ipfs.tothemoon.net/ipfs/QmVXaN9QEEEscTxkBvA3ogLzypBd2ZjWgmqS7GPEN1sVcQ,Male,Knowledge,Logic,Versatility,Alert,Humor,1,1,2,,
Character,MTW,Moon,1,Africa,GIN,Moon Trainer,"When it comes to WUN, four eyes means just that- four eyes. This trainer carries the ability to spot and adapt to all happenings. Aside from his intellectual appearance, WUN is also a true jokester underneath.",,74,WUN,First Quarter,https://ipfs.tothemoon.net/ipfs/QmWyYVzEnfciy2ppiFTW3uah7FGvRUywqb9ma7Z1AVYLgi,Male,Knowledge,Logic,Versatility,Alert,Humor,3,1,2,,
Character,MTW,Moon,1,Asia,GIN,Moon Trainer,"When it comes to WUN, four eyes means just that- four eyes. This trainer carries the ability to spot and adapt to all happenings. Aside from his intellectual appearance, WUN is also a true jokester underneath.",,9,WUN,First Quarter,https://ipfs.tothemoon.net/ipfs/QmUuhm2FJ6EHTGCezrJPNTyoK6U4CLuYYGDVu2xRSiZFWR,Male,Knowledge,Logic,Versatility,Alert,Humor,2,2,1,,
Character,MTW,Moon,1,Europe,GIN,Moon Trainer,"When it comes to WUN, four eyes means just that- four eyes. This trainer carries the ability to spot and adapt to all happenings. Aside from his intellectual appearance, WUN is also a true jokester underneath.",,52,WUN,First Quarter,https://ipfs.tothemoon.net/ipfs/QmbGqVonqHdX8iqFjov5XzTqECT7RGdv2W3C8d8DcziS9R,Male,Knowledge,Logic,Versatility,Alert,Humor,1,1,3,,
Character,MTW,Moon,1,North America,GIN,Moon Trainer,"When it comes to WUN, four eyes means just that- four eyes. This trainer carries the ability to spot and adapt to all happenings. Aside from his intellectual appearance, WUN is also a true jokester underneath.",,29,WUN,First Quarter,https://ipfs.tothemoon.net/ipfs/QmSfqA8PCpHGUvVYKycoF8xBcn8eNm6WvS4wVjAeGvQ661,Male,Knowledge,Logic,Versatility,Alert,Humor,2,1,2,,
Character,MTW,Moon,1,Europe,GIN,Moon Trainer,"When it comes to WUN, four eyes means just that- four eyes. This trainer carries the ability to spot and adapt to all happenings. Aside from his intellectual appearance, WUN is also a true jokester underneath.",,48,WUN,First Quarter,https://ipfs.tothemoon.net/ipfs/QmWtM6qx8qQzmUSQEXxJ1MFudukSS4b7FPuumUMd7FXxCU,Male,Knowledge,Logic,Versatility,Alert,Humor,3,2,2,,
Character,MTW,Moon,1,Africa,GIN,Moon Trainer,"When it comes to WUN, four eyes means just that- four eyes. This trainer carries the ability to spot and adapt to all happenings. Aside from his intellectual appearance, WUN is also a true jokester underneath.",,67,WUN,First Quarter,https://ipfs.tothemoon.net/ipfs/QmdM9eYefHkiGtbLycUBQ9MpiGHZNkyLgyoAZgX1spUc2D,Male,Knowledge,Logic,Versatility,Alert,Humor,3,1,1,,
Character,MTW,Moon,1,North America,GIN,Moon Trainer,"When it comes to WUN, four eyes means just that- four eyes. This trainer carries the ability to spot and adapt to all happenings. Aside from his intellectual appearance, WUN is also a true jokester underneath.",,39,WUN,First Quarter,https://ipfs.tothemoon.net/ipfs/QmYLzskVVLYruG41CGDS1TckUVvNLHDs98NV5mgwwyKyFN,Male,Knowledge,Logic,Versatility,Alert,Humor,3,2,1,,
Character,MTW,Moon,1,Africa,GIN,Moon Trainer,"When it comes to WUN, four eyes means just that- four eyes. This trainer carries the ability to spot and adapt to all happenings. Aside from his intellectual appearance, WUN is also a true jokester underneath.",,79,WUN,First Quarter,https://ipfs.tothemoon.net/ipfs/QmZ5Z7opGa1iB5M9nopd1y8ZF1FfxmivGccxFKYMB4PwhC,Male,Knowledge,Logic,Versatility,Alert,Humor,3,3,3,,
Character,MTW,Moon,1,South America,GIN,Moon Trainer,"When it comes to WUN, four eyes means just that- four eyes. This trainer carries the ability to spot and adapt to all happenings. Aside from his intellectual appearance, WUN is also a true jokester underneath.",,91,WUN,First Quarter,https://ipfs.tothemoon.net/ipfs/QmZURyN63TEEWbugzFkQyR5z4msHybyYK9x2R4K6mZYaAf,Male,Knowledge,Logic,Versatility,Alert,Humor,3,1,3,,
Character,MTW,Moon,1,Asia,GIN,Moon Trainer,"When it comes to WUN, four eyes means just that- four eyes. This trainer carries the ability to spot and adapt to all happenings. Aside from his intellectual appearance, WUN is also a true jokester underneath.",,5,WUN,First Quarter,https://ipfs.tothemoon.net/ipfs/QmNuvDFHLND76PzifSoQ6vAFnbaFjxCuCfdrbZK5uYNBci,Male,Knowledge,Logic,Versatility,Alert,Humor,1,3,2,,
Character,MTW,Moon,1,Asia,GIN,Moon Trainer,"When it comes to WUN, four eyes means just that- four eyes. This trainer carries the ability to spot and adapt to all happenings. Aside from his intellectual appearance, WUN is also a true jokester underneath.",,15,WUN,First Quarter,https://ipfs.tothemoon.net/ipfs/Qme6FWkpnAbKZTiwowJ6G81vS64KPxHCqj8qePJGX7QJ82,Male,Knowledge,Logic,Versatility,Alert,Humor,1,2,2,,
Character,MTW,Moon,1,Asia,GIN,Moon Trainer,"When it comes to WUN, four eyes means just that- four eyes. This trainer carries the ability to spot and adapt to all happenings. Aside from his intellectual appearance, WUN is also a true jokester underneath.",,6,WUN,First Quarter,https://ipfs.tothemoon.net/ipfs/QmU7FX6mjiydBvXkgwCy8NAFnD1V57QNeTsboSRifc3ofE,Male,Knowledge,Logic,Versatility,Alert,Humor,1,3,1,,
Character,MTW,Moon,1,North America,GIN,Moon Trainer,"When it comes to WUN, four eyes means just that- four eyes. This trainer carries the ability to spot and adapt to all happenings. Aside from his intellectual appearance, WUN is also a true jokester underneath.",,41,WUN,First Quarter,https://ipfs.tothemoon.net/ipfs/QmddmNftgxKoY3DDgLCvuQCvHe9xQwtS66wtVq8vRa4RFp,Male,Knowledge,Logic,Versatility,Alert,Humor,2,3,1,,
Character,MTW,Moon,1,Asia,GIN,Moon Trainer,"When it comes to WUN, four eyes means just that- four eyes. This trainer carries the ability to spot and adapt to all happenings. Aside from his intellectual appearance, WUN is also a true jokester underneath.",,4,WUN,First Quarter,https://ipfs.tothemoon.net/ipfs/QmPX2tLv2namDyXRjBaabt3T4CrH5GV9YprrBiD2sgFYs2,Male,Knowledge,Logic,Versatility,Alert,Humor,3,3,2,,
Character,MTW,Moon,1,Africa,GIN,Moon Trainer,"When it comes to WUN, four eyes means just that- four eyes. This trainer carries the ability to spot and adapt to all happenings. Aside from his intellectual appearance, WUN is also a true jokester underneath.",,66,WUN,First Quarter,https://ipfs.tothemoon.net/ipfs/QmeBZBuUnKjD42oURKpR5Kj9Uyf95RbEg25Uh4TExkW5n6,Male,Knowledge,Logic,Versatility,Alert,Humor,3,3,1,,
Character,MTW,Moon,1,Asia,GIN,Moon Trainer,"When it comes to WUN, four eyes means just that- four eyes. This trainer carries the ability to spot and adapt to all happenings. Aside from his intellectual appearance, WUN is also a true jokester underneath.",,14,WUN,First Quarter,https://ipfs.tothemoon.net/ipfs/QmTa3bkBtJLbQAisR2axaoWYNbgd5YfbvicwWn6m84HASn,Male,Knowledge,Logic,Versatility,Alert,Humor,1,1,3,,
Character,MTW,Moon,1,Asia,GIN,Moon Trainer,"When it comes to WUN, four eyes means just that- four eyes. This trainer carries the ability to spot and adapt to all happenings. Aside from his intellectual appearance, WUN is also a true jokester underneath.",,25,WUN,First Quarter,https://ipfs.tothemoon.net/ipfs/QmV5PauRwa8tV5WocD348JwH3yg21Dsk6o65jftmWDSzHJ,Male,Knowledge,Logic,Versatility,Alert,Humor,1,3,3,,
Character,MTW,Moon,1,Europe,GIN,Moon Trainer,"When it comes to WUN, four eyes means just that- four eyes. This trainer carries the ability to spot and adapt to all happenings. Aside from his intellectual appearance, WUN is also a true jokester underneath.",,59,WUN,First Quarter,https://ipfs.tothemoon.net/ipfs/QmU5vZcpUJBhZBhcXzQYVLhp32K3wGsEuG7FW2gtD7ZUkE,Male,Knowledge,Logic,Versatility,Alert,Humor,2,1,1,,
Character,MTW,Moon,1,Asia,GIN,Moon Trainer,"When it comes to WUN, four eyes means just that- four eyes. This trainer carries the ability to spot and adapt to all happenings. Aside from his intellectual appearance, WUN is also a true jokester underneath.",,11,WUN,First Quarter,https://ipfs.tothemoon.net/ipfs/QmXy5sHm5jbTbBFpdzJYPGTYG8syYKwJ8KN9MB6CsJJDfL,Male,Knowledge,Logic,Versatility,Alert,Humor,3,3,2,,
Character,MTW,Moon,1,Asia,GIN,Moon Trainer,"When it comes to WUN, four eyes means just that- four eyes. This trainer carries the ability to spot and adapt to all happenings. Aside from his intellectual appearance, WUN is also a true jokester underneath.",,10,WUN,First Quarter,https://ipfs.tothemoon.net/ipfs/QmVfGw5JMAUQrcMBxyWd8MHvEH45jgxkmbXJn67xTLxuJp,Male,Knowledge,Logic,Versatility,Alert,Humor,2,2,3,,
Character,MTW,Moon,1,North America,GIN,Moon Trainer,"When it comes to WUN, four eyes means just that- four eyes. This trainer carries the ability to spot and adapt to all happenings. Aside from his intellectual appearance, WUN is also a true jokester underneath.",,44,WUN,First Quarter,https://ipfs.tothemoon.net/ipfs/Qme5wyoeP5WqvE9pjrvLWHeHcNKontfNPs4FQK8Bp8U4At,Male,Knowledge,Logic,Versatility,Alert,Humor,3,1,2,,
Character,MTW,Moon,1,Africa,GIN,Moon Trainer,"When it comes to WUN, four eyes means just that- four eyes. This trainer carries the ability to spot and adapt to all happenings. Aside from his intellectual appearance, WUN is also a true jokester underneath.",,75,WUN,First Quarter,https://ipfs.tothemoon.net/ipfs/QmZVtmWx17q4Fve1ue9RY2Mq61yFgsGbwQ6KuBoEqjALyW,Male,Knowledge,Logic,Versatility,Alert,Humor,2,3,2,,
Character,MTW,Moon,1,Asia,GIN,Moon Trainer,"When it comes to WUN, four eyes means just that- four eyes. This trainer carries the ability to spot and adapt to all happenings. Aside from his intellectual appearance, WUN is also a true jokester underneath.",,13,WUN,First Quarter,https://ipfs.tothemoon.net/ipfs/QmUwyXQWpGtAUNVTSPatuWZrqdnf1wJnfLSwMuZU6pwnvp,Male,Knowledge,Logic,Versatility,Alert,Humor,1,2,1,,
Character,MTW,Moon,1,North America,GIN,Moon Trainer,"When it comes to WUN, four eyes means just that- four eyes. This trainer carries the ability to spot and adapt to all happenings. Aside from his intellectual appearance, WUN is also a true jokester underneath.",,31,WUN,First Quarter,https://ipfs.tothemoon.net/ipfs/QmPtEFyscicv1CP3VCtCrD7jYYhmnr59Gu6EuAm54tyNxj,Male,Knowledge,Logic,Versatility,Alert,Humor,2,3,3,,
Character,MTW,Moon,1,Europe,GIN,Moon Trainer,"When it comes to WUN, four eyes means just that- four eyes. This trainer carries the ability to spot and adapt to all happenings. Aside from his intellectual appearance, WUN is also a true jokester underneath.",,55,WUN,First Quarter,https://ipfs.tothemoon.net/ipfs/QmdDpL5rQZkTmwUXq5DEi9dbE1YR7Sp258Q829E5EKbK11,Male,Knowledge,Logic,Versatility,Alert,Humor,2,2,1,,
Character,MTW,Moon,1,Australia,GIN,Moon Trainer,"When it comes to WUN, four eyes means just that- four eyes. This trainer carries the ability to spot and adapt to all happenings. Aside from his intellectual appearance, WUN is also a true jokester underneath.",,97,WUN,First Quarter,https://ipfs.tothemoon.net/ipfs/QmSJbjvNKhgtA5zjhCMQmnQqHoZPNpkcdvEE2osGVM82HC,Male,Knowledge,Logic,Versatility,Alert,Humor,2,2,3,,
Character,MTW,Moon,1,North America,GIN,Moon Trainer,"When it comes to WUN, four eyes means just that- four eyes. This trainer carries the ability to spot and adapt to all happenings. Aside from his intellectual appearance, WUN is also a true jokester underneath.",,45,WUN,First Quarter,https://ipfs.tothemoon.net/ipfs/QmYardJbEKAbJqm2oqzFyMpr8GxuDvxZ1MsHMD9rwPzJYE,Male,Knowledge,Logic,Versatility,Alert,Humor,2,2,2,,
Character,MTW,Moon,1,Asia,GIN,Moon Trainer,"When it comes to WUN, four eyes means just that- four eyes. This trainer carries the ability to spot and adapt to all happenings. Aside from his intellectual appearance, WUN is also a true jokester underneath.",,12,WUN,First Quarter,https://ipfs.tothemoon.net/ipfs/QmZQKxgdrBcsagCysU9seydQQYBLhy4SWmsrfd9w7jBSqQ,Male,Knowledge,Logic,Versatility,Alert,Humor,3,3,3,,
Character,MTW,Moon,1,Asia,GIN,Moon Trainer,"When it comes to WUN, four eyes means just that- four eyes. This trainer carries the ability to spot and adapt to all happenings. Aside from his intellectual appearance, WUN is also a true jokester underneath.",,23,WUN,First Quarter,https://ipfs.tothemoon.net/ipfs/QmduLBGhKg4LewiUJvAwN9QGRd9zKtp5gM3WwdU9P9y6Wi,Male,Knowledge,Logic,Versatility,Alert,Humor,1,3,3,,
Character,MTW,Moon,1,North America,GIN,Moon Trainer,"When it comes to WUN, four eyes means just that- four eyes. This trainer carries the ability to spot and adapt to all happenings. Aside from his intellectual appearance, WUN is also a true jokester underneath.",,36,WUN,First Quarter,https://ipfs.tothemoon.net/ipfs/QmNNf8CMfhVezZdmdX2tv8kJs4Jmp2VA29B871UNpjMQ4V,Male,Knowledge,Logic,Versatility,Alert,Humor,1,3,1,,
Character,MTW,Moon,1,Europe,GIN,Moon Trainer,"When it comes to WUN, four eyes means just that- four eyes. This trainer carries the ability to spot and adapt to all happenings. Aside from his intellectual appearance, WUN is also a true jokester underneath.",,47,WUN,First Quarter,https://ipfs.tothemoon.net/ipfs/QmUqMHd9aoTayYxXWToN5FPQaShwfsNa7A31DXCuwqZogN,Male,Knowledge,Logic,Versatility,Alert,Humor,3,1,1,,
Character,MTW,Moon,1,Europe,GIN,Moon Trainer,"When it comes to WUN, four eyes means just that- four eyes. This trainer carries the ability to spot and adapt to all happenings. Aside from his intellectual appearance, WUN is also a true jokester underneath.",,57,WUN,First Quarter,https://ipfs.tothemoon.net/ipfs/QmeR2JdXJ6r9Q2CanL6nBDRMUTVRpRhgNmp2pXYNLL9f5L,Male,Knowledge,Logic,Versatility,Alert,Humor,2,3,3,,
Character,MTW,Moon,1,Asia,GIN,Moon Trainer,"When it comes to WUN, four eyes means just that- four eyes. This trainer carries the ability to spot and adapt to all happenings. Aside from his intellectual appearance, WUN is also a true jokester underneath.",,8,WUN,First Quarter,https://ipfs.tothemoon.net/ipfs/QmQk9S6knZRZtTjRc3wTiUTrLiTGRYHPau5fpinjx1NeXy,Male,Knowledge,Logic,Versatility,Alert,Humor,1,3,1,,
Character,MTW,Moon,1,North America,GIN,Moon Trainer,"When it comes to WUN, four eyes means just that- four eyes. This trainer carries the ability to spot and adapt to all happenings. Aside from his intellectual appearance, WUN is also a true jokester underneath.",,40,WUN,First Quarter,https://ipfs.tothemoon.net/ipfs/Qmc7FYtnGm58fx9KZ6W1qSAd14KWceSaQzq1NBarjbb4VP,Male,Knowledge,Logic,Versatility,Alert,Humor,3,2,2,,
Character,MTW,Moon,1,Asia,GIN,Moon Trainer,"When it comes to WUN, four eyes means just that- four eyes. This trainer carries the ability to spot and adapt to all happenings. Aside from his intellectual appearance, WUN is also a true jokester underneath.",,1,WUN,First Quarter,https://ipfs.tothemoon.net/ipfs/Qmbjs7RAMeE8vCpq4yjUnY8oMhQHLfFKsMwmcuVaM9HgJ9,Male,Knowledge,Logic,Versatility,Alert,Humor,1,1,2,,
Character,MTW,Moon,1,North America,GIN,Moon Trainer,"When it comes to WUN, four eyes means just that- four eyes. This trainer carries the ability to spot and adapt to all happenings. Aside from his intellectual appearance, WUN is also a true jokester underneath.",,37,WUN,First Quarter,https://ipfs.tothemoon.net/ipfs/QmZmhrZHYVZ3AxtKRWRwGKou5PQfMzLrrJVcsigk143Q5v,Male,Knowledge,Logic,Versatility,Alert,Humor,3,1,1,,
Character,MTW,Moon,1,North America,GIN,Moon Trainer,"When it comes to WUN, four eyes means just that- four eyes. This trainer carries the ability to spot and adapt to all happenings. Aside from his intellectual appearance, WUN is also a true jokester underneath.",,33,WUN,First Quarter,https://ipfs.tothemoon.net/ipfs/QmYYgg7oq84t2fdixJMcCoNs57jNqjNgn9ZPdNTphMiuXY,Male,Knowledge,Logic,Versatility,Alert,Humor,3,3,3,,
Character,MTW,Moon,1,North America,GIN,Moon Trainer,"When it comes to WUN, four eyes means just that- four eyes. This trainer carries the ability to spot and adapt to all happenings. Aside from his intellectual appearance, WUN is also a true jokester underneath.",,42,WUN,First Quarter,https://ipfs.tothemoon.net/ipfs/QmX1gMBuHLK6JkR1MookGkNwjPkm5zhgXKtpmWSSmZB9uz,Male,Knowledge,Logic,Versatility,Alert,Humor,2,3,3,,
Character,MTW,Moon,1,Europe,GIN,Moon Trainer,"When it comes to WUN, four eyes means just that- four eyes. This trainer carries the ability to spot and adapt to all happenings. Aside from his intellectual appearance, WUN is also a true jokester underneath.",,50,WUN,First Quarter,https://ipfs.tothemoon.net/ipfs/QmPRftzEHU6oqzefWTxX8iZh4431bYY4MrWHF8Hiv5fpme,Male,Knowledge,Logic,Versatility,Alert,Humor,3,3,3,,
Character,MTW,Moon,1,Africa,GIN,Moon Trainer,"When it comes to WUN, four eyes means just that- four eyes. This trainer carries the ability to spot and adapt to all happenings. Aside from his intellectual appearance, WUN is also a true jokester underneath.",,80,WUN,First Quarter,https://ipfs.tothemoon.net/ipfs/QmdyXNfWa7YNGMY3MAhqeonDqXFQTAgAqj93WjHDoAzcPP,Male,Knowledge,Logic,Versatility,Alert,Humor,1,3,3,,
Character,MTW,Moon,1,Europe,GIN,Moon Trainer,"When it comes to WUN, four eyes means just that- four eyes. This trainer carries the ability to spot and adapt to all happenings. Aside from his intellectual appearance, WUN is also a true jokester underneath.",,65,WUN,First Quarter,https://ipfs.tothemoon.net/ipfs/QmQC18ageXjjEBN5SJv21WhXBjQ58AQ5DnW9g7cb3a4vv6,Male,Knowledge,Logic,Versatility,Alert,Humor,1,1,1,,
Character,MTW,Moon,1,South America,GIN,Moon Trainer,"When it comes to WUN, four eyes means just that- four eyes. This trainer carries the ability to spot and adapt to all happenings. Aside from his intellectual appearance, WUN is also a true jokester underneath.",,81,WUN,First Quarter,https://ipfs.tothemoon.net/ipfs/QmNci4gkWZ7YNWSmZuBuVZhaRQvL5sDvnsuHGTopao2uGw,Male,Knowledge,Logic,Versatility,Alert,Humor,1,2,2,,
Character,MTW,Moon,1,South America,GIN,Moon Trainer,"When it comes to WUN, four eyes means just that- four eyes. This trainer carries the ability to spot and adapt to all happenings. Aside from his intellectual appearance, WUN is also a true jokester underneath.",,95,WUN,First Quarter,https://ipfs.tothemoon.net/ipfs/QmR8Pi8XP58BGEDcmtTxz7w3e53azf2Lep5Gcm5popYs7F,Male,Knowledge,Logic,Versatility,Alert,Humor,3,3,3,,
Character,MTW,Moon,1,Australia,GIN,Moon Trainer,"When it comes to WUN, four eyes means just that- four eyes. This trainer carries the ability to spot and adapt to all happenings. Aside from his intellectual appearance, WUN is also a true jokester underneath.",,98,WUN,First Quarter,https://ipfs.tothemoon.net/ipfs/QmSTupdo9mGMw5gpSWTrHSUTrpEjMurrQwuH1jDsv1rq6y,Male,Knowledge,Logic,Versatility,Alert,Humor,1,1,2,,
Character,MTW,Moon,1,Africa,GIN,Moon Trainer,"When it comes to WUN, four eyes means just that- four eyes. This trainer carries the ability to spot and adapt to all happenings. Aside from his intellectual appearance, WUN is also a true jokester underneath.",,72,WUN,First Quarter,https://ipfs.tothemoon.net/ipfs/QmfNKskqyYbXAV6uT5AU1MMD1KRfjr3dXYwWMPNYSFjLBU,Male,Knowledge,Logic,Versatility,Alert,Humor,1,1,1,,
Character,MTW,Moon,1,Europe,GIN,Moon Trainer,"When it comes to WUN, four eyes means just that- four eyes. This trainer carries the ability to spot and adapt to all happenings. Aside from his intellectual appearance, WUN is also a true jokester underneath.",,58,WUN,First Quarter,https://ipfs.tothemoon.net/ipfs/QmWuYTDtc95kXraaKuqduX8qq94NNyvctqQrqUFDED8hMP,Male,Knowledge,Logic,Versatility,Alert,Humor,3,2,3,,
Character,MTW,Moon,1,Europe,GIN,Moon Trainer,"When it comes to WUN, four eyes means just that- four eyes. This trainer carries the ability to spot and adapt to all happenings. Aside from his intellectual appearance, WUN is also a true jokester underneath.",,51,WUN,First Quarter,https://ipfs.tothemoon.net/ipfs/QmZ5eJDHfkKagZ1FJmsTD6KwbP4Y94ekrz5cJNVnQLAurb,Male,Knowledge,Logic,Versatility,Alert,Humor,3,3,2,,
Character,MTW,Moon,1,Asia,GIN,Moon Trainer,"When it comes to WUN, four eyes means just that- four eyes. This trainer carries the ability to spot and adapt to all happenings. Aside from his intellectual appearance, WUN is also a true jokester underneath.",,18,WUN,First Quarter,https://ipfs.tothemoon.net/ipfs/QmWMy9P95hhGxcaa13tepsF6ATzg6RygFRTndjV2wyYQzv,Male,Knowledge,Logic,Versatility,Alert,Humor,2,3,1,,
Character,MTW,Moon,1,North America,GIN,Moon Trainer,"When it comes to WUN, four eyes means just that- four eyes. This trainer carries the ability to spot and adapt to all happenings. Aside from his intellectual appearance, WUN is also a true jokester underneath.",,43,WUN,First Quarter,https://ipfs.tothemoon.net/ipfs/QmSZJFh1UhBUtUxLrNB1rmuggQmEzCzTjTbUKtryrMfzxb,Male,Knowledge,Logic,Versatility,Alert,Humor,3,2,2,,
Character,MTW,Moon,1,Asia,GIN,Moon Trainer,"When it comes to WUN, four eyes means just that- four eyes. This trainer carries the ability to spot and adapt to all happenings. Aside from his intellectual appearance, WUN is also a true jokester underneath.",,21,WUN,First Quarter,https://ipfs.tothemoon.net/ipfs/QmRrDaf57u6a4qMjXo6uVBYugECP6AxrMkzBoXevg2XECe,Male,Knowledge,Logic,Versatility,Alert,Humor,3,2,3,,
Character,MTW,Moon,1,Europe,GIN,Moon Trainer,"When it comes to WUN, four eyes means just that- four eyes. This trainer carries the ability to spot and adapt to all happenings. Aside from his intellectual appearance, WUN is also a true jokester underneath.",,64,WUN,First Quarter,https://ipfs.tothemoon.net/ipfs/QmSVARboYtReTqsretJXeeWMAssW76vCmUANV1rYfaHvu6,Male,Knowledge,Logic,Versatility,Alert,Humor,1,2,3,,
Character,MTW,Moon,1,South America,GIN,Moon Trainer,"When it comes to WUN, four eyes means just that- four eyes. This trainer carries the ability to spot and adapt to all happenings. Aside from his intellectual appearance, WUN is also a true jokester underneath.",,93,WUN,First Quarter,https://ipfs.tothemoon.net/ipfs/QmYSEujQeT3nvi2LZAJ5oCGTieYiTYy8HKuvf7Qu1LvW91,Male,Knowledge,Logic,Versatility,Alert,Humor,2,3,2,,
Character,MTZE,Moon,1,North America,GIN,Moon Trainer,"Running water. ZEN is the peaceful force that relieves those around him and creates a state of complete serenity. At the same time, he is able to break through the dam blocking the forward motion of the group. On earth and space, not much can compete with the strength of water.",,42,ZEN,First Quarter,https://ipfs.tothemoon.net/ipfs/QmNUubVt9BsWcm4s9PiRoouC7mLd8yZxHHLCCNZ2DnrqLH,Male,Courage,Leader,Discipline,Confidence,Calm,2,3,3,,
Character,MTZE,Moon,1,South America,GIN,Moon Trainer,"Running water. ZEN is the peaceful force that relieves those around him and creates a state of complete serenity. At the same time, he is able to break through the dam blocking the forward motion of the group. On earth and space, not much can compete with the strength of water.",,81,ZEN,First Quarter,https://ipfs.tothemoon.net/ipfs/QmeZnqq34XWGhzRmtW9sKDxHarr78P8Ln4GzWriNGavwcw,Male,Courage,Leader,Discipline,Confidence,Calm,1,2,2,,
Character,MTZE,Moon,1,Africa,GIN,Moon Trainer,"Running water. ZEN is the peaceful force that relieves those around him and creates a state of complete serenity. At the same time, he is able to break through the dam blocking the forward motion of the group. On earth and space, not much can compete with the strength of water.",,78,ZEN,First Quarter,https://ipfs.tothemoon.net/ipfs/QmTigwuiTrjp2zUjaEUhfsppor3MSpKWdrUAreqjNBPc4h,Male,Courage,Leader,Discipline,Confidence,Calm,2,1,3,,
Character,MTZE,Moon,1,North America,GIN,Moon Trainer,"Running water. ZEN is the peaceful force that relieves those around him and creates a state of complete serenity. At the same time, he is able to break through the dam blocking the forward motion of the group. On earth and space, not much can compete with the strength of water.",,40,ZEN,First Quarter,https://ipfs.tothemoon.net/ipfs/QmYyGK4X1zsTMHyHJuu3Uq5LsPqkmFgjjrYzznSEbooVKj,Male,Courage,Leader,Discipline,Confidence,Calm,3,2,2,,
Character,MTZE,Moon,1,Africa,GIN,Moon Trainer,"Running water. ZEN is the peaceful force that relieves those around him and creates a state of complete serenity. At the same time, he is able to break through the dam blocking the forward motion of the group. On earth and space, not much can compete with the strength of water.",,75,ZEN,First Quarter,https://ipfs.tothemoon.net/ipfs/QmRAJXn8i17xqgWPBuwNZVHEZqWsCYn3uJGgRmR58gu4x2,Male,Courage,Leader,Discipline,Confidence,Calm,2,3,2,,
Character,MTZE,Moon,1,Africa,GIN,Moon Trainer,"Running water. ZEN is the peaceful force that relieves those around him and creates a state of complete serenity. At the same time, he is able to break through the dam blocking the forward motion of the group. On earth and space, not much can compete with the strength of water.",,67,ZEN,First Quarter,https://ipfs.tothemoon.net/ipfs/QmQxTAwpiEfEtBwfhUWt7E9Cui91PN114uCZHsUNBgyRds,Male,Courage,Leader,Discipline,Confidence,Calm,3,1,1,,
Character,MTZE,Moon,1,Africa,GIN,Moon Trainer,"Running water. ZEN is the peaceful force that relieves those around him and creates a state of complete serenity. At the same time, he is able to break through the dam blocking the forward motion of the group. On earth and space, not much can compete with the strength of water.",,71,ZEN,First Quarter,https://ipfs.tothemoon.net/ipfs/QmNsE6uANKc7Rm3WkHhEB9n3axA65wzrvxbZ2wb9NpdQKb,Male,Courage,Leader,Discipline,Confidence,Calm,1,3,2,,
Character,MTZE,Moon,1,South America,GIN,Moon Trainer,"Running water. ZEN is the peaceful force that relieves those around him and creates a state of complete serenity. At the same time, he is able to break through the dam blocking the forward motion of the group. On earth and space, not much can compete with the strength of water.",,91,ZEN,First Quarter,https://ipfs.tothemoon.net/ipfs/QmThbfuh4MUs27KHYgx5BXar1KNLbhASvPDZEXsvoS8Bqe,Male,Courage,Leader,Discipline,Confidence,Calm,3,1,3,,
Character,MTZE,Moon,1,Europe,GIN,Moon Trainer,"Running water. ZEN is the peaceful force that relieves those around him and creates a state of complete serenity. At the same time, he is able to break through the dam blocking the forward motion of the group. On earth and space, not much can compete with the strength of water.",,51,ZEN,First Quarter,https://ipfs.tothemoon.net/ipfs/QmV4YE7DcEtNCnvQF8ievS8zbxok97uuvhGhnY3vupwzSP,Male,Courage,Leader,Discipline,Confidence,Calm,3,3,2,,
Character,MTZE,Moon,1,Europe,GIN,Moon Trainer,"Running water. ZEN is the peaceful force that relieves those around him and creates a state of complete serenity. At the same time, he is able to break through the dam blocking the forward motion of the group. On earth and space, not much can compete with the strength of water.",,48,ZEN,First Quarter,https://ipfs.tothemoon.net/ipfs/QmSoxbAyrkJWRN6sVkt5F6mFEGc19siRgZm23P22EKxwAw,Male,Courage,Leader,Discipline,Confidence,Calm,3,2,2,,
Character,MTZE,Moon,1,Asia,GIN,Moon Trainer,"Running water. ZEN is the peaceful force that relieves those around him and creates a state of complete serenity. At the same time, he is able to break through the dam blocking the forward motion of the group. On earth and space, not much can compete with the strength of water.",,5,ZEN,First Quarter,https://ipfs.tothemoon.net/ipfs/QmRByz87Mk41cy6Ar4oertXED7ALYdnXkfkEEeu8NiXhLP,Male,Courage,Leader,Discipline,Confidence,Calm,1,3,2,,
Character,MTZE,Moon,1,South America,GIN,Moon Trainer,"Running water. ZEN is the peaceful force that relieves those around him and creates a state of complete serenity. At the same time, he is able to break through the dam blocking the forward motion of the group. On earth and space, not much can compete with the strength of water.",,82,ZEN,First Quarter,https://ipfs.tothemoon.net/ipfs/QmYW289769713dZCtRQi2rkXe23VBkyQ228rWGt9pzj1RN,Male,Courage,Leader,Discipline,Confidence,Calm,3,1,1,,
Character,MTZE,Moon,1,North America,GIN,Moon Trainer,"Running water. ZEN is the peaceful force that relieves those around him and creates a state of complete serenity. At the same time, he is able to break through the dam blocking the forward motion of the group. On earth and space, not much can compete with the strength of water.",,32,ZEN,First Quarter,https://ipfs.tothemoon.net/ipfs/QmaiBitDfH1xNBzQRX4VftNdgmLhbeRNjg8d2jEXtGPTQu,Male,Courage,Leader,Discipline,Confidence,Calm,2,1,2,,
Character,MTZE,Moon,1,North America,GIN,Moon Trainer,"Running water. ZEN is the peaceful force that relieves those around him and creates a state of complete serenity. At the same time, he is able to break through the dam blocking the forward motion of the group. On earth and space, not much can compete with the strength of water.",,26,ZEN,First Quarter,https://ipfs.tothemoon.net/ipfs/QmXficG8GoKFqToGADqBNQ27gc6xFYVoSH5i5xKALtStty,Male,Courage,Leader,Discipline,Confidence,Calm,1,2,3,,
Character,MTZE,Moon,1,Asia,GIN,Moon Trainer,"Running water. ZEN is the peaceful force that relieves those around him and creates a state of complete serenity. At the same time, he is able to break through the dam blocking the forward motion of the group. On earth and space, not much can compete with the strength of water.",,7,ZEN,First Quarter,https://ipfs.tothemoon.net/ipfs/QmfMtCwFq6SaPkKVnFujgWEZ7pXTB711cC4oAZnb2hCyLX,Male,Courage,Leader,Discipline,Confidence,Calm,2,2,3,,
Character,MTZE,Moon,1,South America,GIN,Moon Trainer,"Running water. ZEN is the peaceful force that relieves those around him and creates a state of complete serenity. At the same time, he is able to break through the dam blocking the forward motion of the group. On earth and space, not much can compete with the strength of water.",,84,ZEN,First Quarter,https://ipfs.tothemoon.net/ipfs/QmcMzWg5efiidq5sesstoTRg9dBsz29sdDQUfyV37zsEbQ,Male,Courage,Leader,Discipline,Confidence,Calm,1,2,1,,
Character,MTZE,Moon,1,North America,GIN,Moon Trainer,"Running water. ZEN is the peaceful force that relieves those around him and creates a state of complete serenity. At the same time, he is able to break through the dam blocking the forward motion of the group. On earth and space, not much can compete with the strength of water.",,37,ZEN,First Quarter,https://ipfs.tothemoon.net/ipfs/QmXePAwYPxJvcNj87ZVTLUWGcRfcGMZVmkm5mPMhD8BXbZ,Male,Courage,Leader,Discipline,Confidence,Calm,3,1,1,,
Character,MTZE,Moon,1,Africa,GIN,Moon Trainer,"Running water. ZEN is the peaceful force that relieves those around him and creates a state of complete serenity. At the same time, he is able to break through the dam blocking the forward motion of the group. On earth and space, not much can compete with the strength of water.",,79,ZEN,First Quarter,https://ipfs.tothemoon.net/ipfs/QmTnFymQFrYAvAEHtyG342k6LN2a2kTJ2TjNEQQWnauymF,Male,Courage,Leader,Discipline,Confidence,Calm,3,3,3,,
Character,MTZE,Moon,1,Africa,GIN,Moon Trainer,"Running water. ZEN is the peaceful force that relieves those around him and creates a state of complete serenity. At the same time, he is able to break through the dam blocking the forward motion of the group. On earth and space, not much can compete with the strength of water.",,68,ZEN,First Quarter,https://ipfs.tothemoon.net/ipfs/Qmcp88p2KSTqmwJ1H99frdK7kqsSWBPApCTEKwA2JjAR6N,Male,Courage,Leader,Discipline,Confidence,Calm,2,3,1,,
Character,MTZE,Moon,1,North America,GIN,Moon Trainer,"Running water. ZEN is the peaceful force that relieves those around him and creates a state of complete serenity. At the same time, he is able to break through the dam blocking the forward motion of the group. On earth and space, not much can compete with the strength of water.",,39,ZEN,First Quarter,https://ipfs.tothemoon.net/ipfs/QmRXkeSmMdjWMwFig19digFFnX1MAYvd35AbjAG3LubXtd,Male,Courage,Leader,Discipline,Confidence,Calm,3,2,1,,
Character,MTZE,Moon,1,North America,GIN,Moon Trainer,"Running water. ZEN is the peaceful force that relieves those around him and creates a state of complete serenity. At the same time, he is able to break through the dam blocking the forward motion of the group. On earth and space, not much can compete with the strength of water.",,41,ZEN,First Quarter,https://ipfs.tothemoon.net/ipfs/QmemGCjrsyDjJjRFvjmYGXN1UwMfcasKQH6EiAyXEMurSb,Male,Courage,Leader,Discipline,Confidence,Calm,2,3,1,,
Character,MTZE,Moon,1,Africa,GIN,Moon Trainer,"Running water. ZEN is the peaceful force that relieves those around him and creates a state of complete serenity. At the same time, he is able to break through the dam blocking the forward motion of the group. On earth and space, not much can compete with the strength of water.",,74,ZEN,First Quarter,https://ipfs.tothemoon.net/ipfs/QmZNfn7uYuWzrWNasV9QjhFN33dzNziJ9HyXU7H7Fthmdr,Male,Courage,Leader,Discipline,Confidence,Calm,3,1,2,,
Character,MTZE,Moon,1,Asia,GIN,Moon Trainer,"Running water. ZEN is the peaceful force that relieves those around him and creates a state of complete serenity. At the same time, he is able to break through the dam blocking the forward motion of the group. On earth and space, not much can compete with the strength of water.",,10,ZEN,First Quarter,https://ipfs.tothemoon.net/ipfs/QmfNAW9ng4pfKe3NwRshr6qyynH4Bei7ZsV9exwvRSKo5G,Male,Courage,Leader,Discipline,Confidence,Calm,2,2,3,,
Character,MTZE,Moon,1,Africa,GIN,Moon Trainer,"Running water. ZEN is the peaceful force that relieves those around him and creates a state of complete serenity. At the same time, he is able to break through the dam blocking the forward motion of the group. On earth and space, not much can compete with the strength of water.",,70,ZEN,First Quarter,https://ipfs.tothemoon.net/ipfs/QmSWeCrNPszjomtSiW9JvsPLKKR9wpe9sdmnEJ3LnyzM7h,Male,Courage,Leader,Discipline,Confidence,Calm,3,2,1,,
Character,MTZE,Moon,1,Asia,GIN,Moon Trainer,"Running water. ZEN is the peaceful force that relieves those around him and creates a state of complete serenity. At the same time, he is able to break through the dam blocking the forward motion of the group. On earth and space, not much can compete with the strength of water.",,4,ZEN,First Quarter,https://ipfs.tothemoon.net/ipfs/QmRQ8m14oVdjmPDt1t7KntLi7UKaMPZdktDY61doXVdVrn,Male,Courage,Leader,Discipline,Confidence,Calm,3,3,2,,
Character,MTZE,Moon,1,South America,GIN,Moon Trainer,"Running water. ZEN is the peaceful force that relieves those around him and creates a state of complete serenity. At the same time, he is able to break through the dam blocking the forward motion of the group. On earth and space, not much can compete with the strength of water.",,95,ZEN,First Quarter,https://ipfs.tothemoon.net/ipfs/QmQDekYBATxKmRHKMx7wJf9WrLGoe7Aa4ozF1XDLWj23hR,Male,Courage,Leader,Discipline,Confidence,Calm,3,3,3,,
Character,MTZE,Moon,1,Asia,GIN,Moon Trainer,"Running water. ZEN is the peaceful force that relieves those around him and creates a state of complete serenity. At the same time, he is able to break through the dam blocking the forward motion of the group. On earth and space, not much can compete with the strength of water.",,21,ZEN,First Quarter,https://ipfs.tothemoon.net/ipfs/QmfUbPsND1gatTx7A1SAxzg1hLpkMd8ioUDam64t19UuGN,Male,Courage,Leader,Discipline,Confidence,Calm,3,2,3,,
Character,MTZE,Moon,1,Asia,GIN,Moon Trainer,"Running water. ZEN is the peaceful force that relieves those around him and creates a state of complete serenity. At the same time, he is able to break through the dam blocking the forward motion of the group. On earth and space, not much can compete with the strength of water.",,8,ZEN,First Quarter,https://ipfs.tothemoon.net/ipfs/QmcNseDv3Bo7Jx19TjMH7tG83ySTYtnsAbZhDKy4XAfaov,Male,Courage,Leader,Discipline,Confidence,Calm,1,3,1,,
Character,MTZE,Moon,1,Asia,GIN,Moon Trainer,"Running water. ZEN is the peaceful force that relieves those around him and creates a state of complete serenity. At the same time, he is able to break through the dam blocking the forward motion of the group. On earth and space, not much can compete with the strength of water.",,22,ZEN,First Quarter,https://ipfs.tothemoon.net/ipfs/QmUuCrDkaqMJam8ZQhXjfthfNdYZonBw2qD8R3vYJEWTBg,Male,Courage,Leader,Discipline,Confidence,Calm,1,3,3,,
Character,MTZE,Moon,1,Europe,GIN,Moon Trainer,"Running water. ZEN is the peaceful force that relieves those around him and creates a state of complete serenity. At the same time, he is able to break through the dam blocking the forward motion of the group. On earth and space, not much can compete with the strength of water.",,53,ZEN,First Quarter,https://ipfs.tothemoon.net/ipfs/QmYC5V4C35uGHAJ9uVu8jEQFRVbenZgNJYtuLhuMrw3uVB,Male,Courage,Leader,Discipline,Confidence,Calm,2,2,1,,
Character,MTZE,Moon,1,Europe,GIN,Moon Trainer,"Running water. ZEN is the peaceful force that relieves those around him and creates a state of complete serenity. At the same time, he is able to break through the dam blocking the forward motion of the group. On earth and space, not much can compete with the strength of water.",,52,ZEN,First Quarter,https://ipfs.tothemoon.net/ipfs/QmdxsFu9ahHV3jAsSgkKcjbPTMqHgr9QKSffXgx2oA28e2,Male,Courage,Leader,Discipline,Confidence,Calm,1,1,3,,
Character,MTZE,Moon,1,South America,GIN,Moon Trainer,"Running water. ZEN is the peaceful force that relieves those around him and creates a state of complete serenity. At the same time, he is able to break through the dam blocking the forward motion of the group. On earth and space, not much can compete with the strength of water.",,83,ZEN,First Quarter,https://ipfs.tothemoon.net/ipfs/QmXkVYTbq7Lshn8beYAmRJbqznrQjWsgZVxahvZssyXZoN,Male,Courage,Leader,Discipline,Confidence,Calm,2,1,3,,
Character,MTZE,Moon,1,Africa,GIN,Moon Trainer,"Running water. ZEN is the peaceful force that relieves those around him and creates a state of complete serenity. At the same time, he is able to break through the dam blocking the forward motion of the group. On earth and space, not much can compete with the strength of water.",,69,ZEN,First Quarter,https://ipfs.tothemoon.net/ipfs/QmUMnbSYjUzoUc2juiDZEmiBcpUg8YirDngzpRFoSh5Dk1,Male,Courage,Leader,Discipline,Confidence,Calm,2,2,2,,
Character,MTZE,Moon,1,Asia,GIN,Moon Trainer,"Running water. ZEN is the peaceful force that relieves those around him and creates a state of complete serenity. At the same time, he is able to break through the dam blocking the forward motion of the group. On earth and space, not much can compete with the strength of water.",,6,ZEN,First Quarter,https://ipfs.tothemoon.net/ipfs/QmREuJRa4qcDYQqBAtLAZSCSbZVzkqqbmL6JxwNLxx9g4m,Male,Courage,Leader,Discipline,Confidence,Calm,1,3,1,,
Character,MTZE,Moon,1,Australia,GIN,Moon Trainer,"Running water. ZEN is the peaceful force that relieves those around him and creates a state of complete serenity. At the same time, he is able to break through the dam blocking the forward motion of the group. On earth and space, not much can compete with the strength of water.",,99,ZEN,First Quarter,https://ipfs.tothemoon.net/ipfs/QmUG6UegkudhdCt8Ep5PkQhY6YDU3Vw8Vf8KfARmExpbfd,Male,Courage,Leader,Discipline,Confidence,Calm,2,2,1,,
Character,MTZE,Moon,1,North America,GIN,Moon Trainer,"Running water. ZEN is the peaceful force that relieves those around him and creates a state of complete serenity. At the same time, he is able to break through the dam blocking the forward motion of the group. On earth and space, not much can compete with the strength of water.",,31,ZEN,First Quarter,https://ipfs.tothemoon.net/ipfs/QmbM9WR1HULwr5kFPR83Zggp7ypV1nxfQiKRsGUBKVLzCv,Male,Courage,Leader,Discipline,Confidence,Calm,2,3,3,,
Character,MTZE,Moon,1,South America,GIN,Moon Trainer,"Running water. ZEN is the peaceful force that relieves those around him and creates a state of complete serenity. At the same time, he is able to break through the dam blocking the forward motion of the group. On earth and space, not much can compete with the strength of water.",,87,ZEN,First Quarter,https://ipfs.tothemoon.net/ipfs/QmVuwdwgzdVBH7zVFZ9VHs8TyS1W5SFek6evBQSEEfJotf,Male,Courage,Leader,Discipline,Confidence,Calm,2,2,2,,
Character,MTZE,Moon,1,Antarctica,GIN,Moon Trainer,"Running water. ZEN is the peaceful force that relieves those around him and creates a state of complete serenity. At the same time, he is able to break through the dam blocking the forward motion of the group. On earth and space, not much can compete with the strength of water.",,100,ZEN,First Quarter,https://ipfs.tothemoon.net/ipfs/QmR2f1EWPvCBmbAA94V155ENEkmKfcYQBYyAgzbQLnoGaz,Male,Courage,Leader,Discipline,Confidence,Calm,3,3,1,,
Character,MTZE,Moon,1,Europe,GIN,Moon Trainer,"Running water. ZEN is the peaceful force that relieves those around him and creates a state of complete serenity. At the same time, he is able to break through the dam blocking the forward motion of the group. On earth and space, not much can compete with the strength of water.",,58,ZEN,First Quarter,https://ipfs.tothemoon.net/ipfs/QmXGrsT62UzALTrWhSkMkHJnv6kPn3yBW5DmGUZ1SLYPuE,Male,Courage,Leader,Discipline,Confidence,Calm,3,2,3,,
Character,MTZE,Moon,1,Europe,GIN,Moon Trainer,"Running water. ZEN is the peaceful force that relieves those around him and creates a state of complete serenity. At the same time, he is able to break through the dam blocking the forward motion of the group. On earth and space, not much can compete with the strength of water.",,54,ZEN,First Quarter,https://ipfs.tothemoon.net/ipfs/QmSTBAUiuohTJ7hznknU3rvKZBAbmjQMo5DvrCThXbcM9r,Male,Courage,Leader,Discipline,Confidence,Calm,1,1,3,,
Character,MTZE,Moon,1,Europe,GIN,Moon Trainer,"Running water. ZEN is the peaceful force that relieves those around him and creates a state of complete serenity. At the same time, he is able to break through the dam blocking the forward motion of the group. On earth and space, not much can compete with the strength of water.",,63,ZEN,First Quarter,https://ipfs.tothemoon.net/ipfs/QmSmqsGuHNq4UWF7kd8rDV5BXXyeCTcpgBUQa2ooqFHyYT,Male,Courage,Leader,Discipline,Confidence,Calm,1,1,2,,
Character,MTZE,Moon,1,Asia,GIN,Moon Trainer,"Running water. ZEN is the peaceful force that relieves those around him and creates a state of complete serenity. At the same time, he is able to break through the dam blocking the forward motion of the group. On earth and space, not much can compete with the strength of water.",,14,ZEN,First Quarter,https://ipfs.tothemoon.net/ipfs/QmbCE5KyxPehQ7Kqh7ww49zVVRMeJGDm7oq38MZtf4Km85,Male,Courage,Leader,Discipline,Confidence,Calm,1,1,3,,
Character,MTZE,Moon,1,Africa,GIN,Moon Trainer,"Running water. ZEN is the peaceful force that relieves those around him and creates a state of complete serenity. At the same time, he is able to break through the dam blocking the forward motion of the group. On earth and space, not much can compete with the strength of water.",,80,ZEN,First Quarter,https://ipfs.tothemoon.net/ipfs/QmWrcdbDqjjAnAEyANciUHQVse2UdG9vjh6njd7A76quCu,Male,Courage,Leader,Discipline,Confidence,Calm,1,3,3,,
Character,MTZE,Moon,1,Asia,GIN,Moon Trainer,"Running water. ZEN is the peaceful force that relieves those around him and creates a state of complete serenity. At the same time, he is able to break through the dam blocking the forward motion of the group. On earth and space, not much can compete with the strength of water.",,9,ZEN,First Quarter,https://ipfs.tothemoon.net/ipfs/QmVcXg2ATmWrPf4wjondg2pQPeedqbEEUks4uJXvQXRyC1,Male,Courage,Leader,Discipline,Confidence,Calm,2,2,1,,
Character,MTZE,Moon,1,Africa,GIN,Moon Trainer,"Running water. ZEN is the peaceful force that relieves those around him and creates a state of complete serenity. At the same time, he is able to break through the dam blocking the forward motion of the group. On earth and space, not much can compete with the strength of water.",,72,ZEN,First Quarter,https://ipfs.tothemoon.net/ipfs/Qmd6VTAZbqtMSPXaChrGJ99C62AnEo3woNjKeZg1iFnw6S,Male,Courage,Leader,Discipline,Confidence,Calm,1,1,1,,
Character,MTZE,Moon,1,Europe,GIN,Moon Trainer,"Running water. ZEN is the peaceful force that relieves those around him and creates a state of complete serenity. At the same time, he is able to break through the dam blocking the forward motion of the group. On earth and space, not much can compete with the strength of water.",,49,ZEN,First Quarter,https://ipfs.tothemoon.net/ipfs/QmcQZ6JimMwAmYzYeouR56AsYLTkq8kNZiDYYutnbFsffc,Male,Courage,Leader,Discipline,Confidence,Calm,3,2,1,,
Character,MTZE,Moon,1,Africa,GIN,Moon Trainer,"Running water. ZEN is the peaceful force that relieves those around him and creates a state of complete serenity. At the same time, he is able to break through the dam blocking the forward motion of the group. On earth and space, not much can compete with the strength of water.",,76,ZEN,First Quarter,https://ipfs.tothemoon.net/ipfs/QmZJPNXPKSPWanvyXzvKULdnd6CQv1Pn67hXQdoPxffaRE,Male,Courage,Leader,Discipline,Confidence,Calm,2,1,2,,
Character,MTZE,Moon,1,Europe,GIN,Moon Trainer,"Running water. ZEN is the peaceful force that relieves those around him and creates a state of complete serenity. At the same time, he is able to break through the dam blocking the forward motion of the group. On earth and space, not much can compete with the strength of water.",,59,ZEN,First Quarter,https://ipfs.tothemoon.net/ipfs/QmQb5GmEg1VpitTAjyvu8yXMTZbfHhZ7qSo7Qyv3kFF72A,Male,Courage,Leader,Discipline,Confidence,Calm,2,1,1,,
Character,MTZE,Moon,1,Australia,GIN,Moon Trainer,"Running water. ZEN is the peaceful force that relieves those around him and creates a state of complete serenity. At the same time, he is able to break through the dam blocking the forward motion of the group. On earth and space, not much can compete with the strength of water.",,97,ZEN,First Quarter,https://ipfs.tothemoon.net/ipfs/QmdS11nz6MTRL8mgjSvRmhhU3RxYMnyJMXf5HCNWiEhHhj,Male,Courage,Leader,Discipline,Confidence,Calm,2,2,3,,
Character,MTZE,Moon,1,Asia,GIN,Moon Trainer,"Running water. ZEN is the peaceful force that relieves those around him and creates a state of complete serenity. At the same time, he is able to break through the dam blocking the forward motion of the group. On earth and space, not much can compete with the strength of water.",,20,ZEN,First Quarter,https://ipfs.tothemoon.net/ipfs/QmVjBMhsuvP9C1qYxT8kk5rioMumQb3LbiKGD7EEegSpGW,Male,Courage,Leader,Discipline,Confidence,Calm,1,2,3,,
Character,MTZE,Moon,1,South America,GIN,Moon Trainer,"Running water. ZEN is the peaceful force that relieves those around him and creates a state of complete serenity. At the same time, he is able to break through the dam blocking the forward motion of the group. On earth and space, not much can compete with the strength of water.",,85,ZEN,First Quarter,https://ipfs.tothemoon.net/ipfs/QmVTvsVpv3768PaZs9kE8oEW26rAZYUtackfmV27cexEzk,Male,Courage,Leader,Discipline,Confidence,Calm,1,1,1,,
Character,MTZE,Moon,1,Asia,GIN,Moon Trainer,"Running water. ZEN is the peaceful force that relieves those around him and creates a state of complete serenity. At the same time, he is able to break through the dam blocking the forward motion of the group. On earth and space, not much can compete with the strength of water.",,23,ZEN,First Quarter,https://ipfs.tothemoon.net/ipfs/QmZbG6aau3nTNpJu1BZNAJpbAm1YdXMYe6Jg5pBphMA9rg,Male,Courage,Leader,Discipline,Confidence,Calm,1,3,3,,
Character,MTZE,Moon,1,Africa,GIN,Moon Trainer,"Running water. ZEN is the peaceful force that relieves those around him and creates a state of complete serenity. At the same time, he is able to break through the dam blocking the forward motion of the group. On earth and space, not much can compete with the strength of water.",,66,ZEN,First Quarter,https://ipfs.tothemoon.net/ipfs/QmSxx1yC4nzyrhYdSW72wjfNsaEYrFy83pobAFidW8Zgqz,Male,Courage,Leader,Discipline,Confidence,Calm,3,3,1,,
Character,MTZE,Moon,1,Asia,GIN,Moon Trainer,"Running water. ZEN is the peaceful force that relieves those around him and creates a state of complete serenity. At the same time, he is able to break through the dam blocking the forward motion of the group. On earth and space, not much can compete with the strength of water.",,2,ZEN,First Quarter,https://ipfs.tothemoon.net/ipfs/QmPTMYv5M9x3fxdoyfPuJ36RGSLt6fLDia1L2nbV9XyhiF,Male,Courage,Leader,Discipline,Confidence,Calm,1,3,2,,
Character,MTZE,Moon,1,Europe,GIN,Moon Trainer,"Running water. ZEN is the peaceful force that relieves those around him and creates a state of complete serenity. At the same time, he is able to break through the dam blocking the forward motion of the group. On earth and space, not much can compete with the strength of water.",,50,ZEN,First Quarter,https://ipfs.tothemoon.net/ipfs/QmSJZuDAfNmVBdqwfnYdM87mYMqHJf1xb8kScHPFfChmSP,Male,Courage,Leader,Discipline,Confidence,Calm,3,3,3,,
Character,MTZE,Moon,1,South America,GIN,Moon Trainer,"Running water. ZEN is the peaceful force that relieves those around him and creates a state of complete serenity. At the same time, he is able to break through the dam blocking the forward motion of the group. On earth and space, not much can compete with the strength of water.",,88,ZEN,First Quarter,https://ipfs.tothemoon.net/ipfs/QmNMDjXk9HKMfDZrEjHmo35gRzTtJuUMTX9LYDsRKG4evR,Male,Courage,Leader,Discipline,Confidence,Calm,1,2,3,,
Character,MTZE,Moon,1,Asia,GIN,Moon Trainer,"Running water. ZEN is the peaceful force that relieves those around him and creates a state of complete serenity. At the same time, he is able to break through the dam blocking the forward motion of the group. On earth and space, not much can compete with the strength of water.",,18,ZEN,First Quarter,https://ipfs.tothemoon.net/ipfs/QmXC3fafq8ZHCzXd1EzHZk8wZnk6vrpdYihAFLKJJpJe8d,Male,Courage,Leader,Discipline,Confidence,Calm,2,3,1,,
Character,MTZE,Moon,1,Asia,GIN,Moon Trainer,"Running water. ZEN is the peaceful force that relieves those around him and creates a state of complete serenity. At the same time, he is able to break through the dam blocking the forward motion of the group. On earth and space, not much can compete with the strength of water.",,11,ZEN,First Quarter,https://ipfs.tothemoon.net/ipfs/QmTRs9yJpH6M6LYNaBhRTYPxhDpTexV1QbhYSUEzooMRfW,Male,Courage,Leader,Discipline,Confidence,Calm,3,3,2,,
Character,MTZE,Moon,1,Asia,GIN,Moon Trainer,"Running water. ZEN is the peaceful force that relieves those around him and creates a state of complete serenity. At the same time, he is able to break through the dam blocking the forward motion of the group. On earth and space, not much can compete with the strength of water.",,16,ZEN,First Quarter,https://ipfs.tothemoon.net/ipfs/QmehX45F4mPsr5t4yxAJwmzdM49GXRjrtU9nGHEuuUAH3Q,Male,Courage,Leader,Discipline,Confidence,Calm,3,3,1,,
Character,MTZE,Moon,1,Asia,GIN,Moon Trainer,"Running water. ZEN is the peaceful force that relieves those around him and creates a state of complete serenity. At the same time, he is able to break through the dam blocking the forward motion of the group. On earth and space, not much can compete with the strength of water.",,1,ZEN,First Quarter,https://ipfs.tothemoon.net/ipfs/QmQHgrUEvHL89dfwZ9Fpv78zgqVF8RCfQEvLWyYv76AGxH,Male,Courage,Leader,Discipline,Confidence,Calm,1,1,2,,
Character,MTZE,Moon,1,North America,GIN,Moon Trainer,"Running water. ZEN is the peaceful force that relieves those around him and creates a state of complete serenity. At the same time, he is able to break through the dam blocking the forward motion of the group. On earth and space, not much can compete with the strength of water.",,33,ZEN,First Quarter,https://ipfs.tothemoon.net/ipfs/QmYS2KspYPAYZ4rBWFTbqqgLr9PjWHRRrxB5dcMeh2JYo8,Male,Courage,Leader,Discipline,Confidence,Calm,3,3,3,,
Character,MTZE,Moon,1,South America,GIN,Moon Trainer,"Running water. ZEN is the peaceful force that relieves those around him and creates a state of complete serenity. At the same time, he is able to break through the dam blocking the forward motion of the group. On earth and space, not much can compete with the strength of water.",,86,ZEN,First Quarter,https://ipfs.tothemoon.net/ipfs/QmYrxeMaAG7mNnuBWPMSmkoVupeheuF6ie9TfDdYZrjQzh,Male,Courage,Leader,Discipline,Confidence,Calm,2,1,2,,
Character,MTZE,Moon,1,South America,GIN,Moon Trainer,"Running water. ZEN is the peaceful force that relieves those around him and creates a state of complete serenity. At the same time, he is able to break through the dam blocking the forward motion of the group. On earth and space, not much can compete with the strength of water.",,93,ZEN,First Quarter,https://ipfs.tothemoon.net/ipfs/QmNkBiwhgMMPNeYLsn5dTGUMn9YyJqhm87iVsFYXtk8xQx,Male,Courage,Leader,Discipline,Confidence,Calm,2,3,2,,
Character,MTZE,Moon,1,Asia,GIN,Moon Trainer,"Running water. ZEN is the peaceful force that relieves those around him and creates a state of complete serenity. At the same time, he is able to break through the dam blocking the forward motion of the group. On earth and space, not much can compete with the strength of water.",,15,ZEN,First Quarter,https://ipfs.tothemoon.net/ipfs/QmX36gNvue8Zwyq1N8FgWtxs2vWd7FnE9kg3G6bZDPxTjJ,Male,Courage,Leader,Discipline,Confidence,Calm,1,2,2,,
Character,MTZE,Moon,1,Asia,GIN,Moon Trainer,"Running water. ZEN is the peaceful force that relieves those around him and creates a state of complete serenity. At the same time, he is able to break through the dam blocking the forward motion of the group. On earth and space, not much can compete with the strength of water.",,24,ZEN,First Quarter,https://ipfs.tothemoon.net/ipfs/Qmc7NVvWR5avbK5y7JD2yWjYwJ8nSSJ93uqiWVdxYdn1NG,Male,Courage,Leader,Discipline,Confidence,Calm,2,1,3,,
Character,MTZE,Moon,1,Asia,GIN,Moon Trainer,"Running water. ZEN is the peaceful force that relieves those around him and creates a state of complete serenity. At the same time, he is able to break through the dam blocking the forward motion of the group. On earth and space, not much can compete with the strength of water.",,25,ZEN,First Quarter,https://ipfs.tothemoon.net/ipfs/QmS8CLexn4haU47abFGMS1yxdUZRJS3Up8MzkNLPavyRZk,Male,Courage,Leader,Discipline,Confidence,Calm,1,3,3,,
Character,MTZE,Moon,1,Europe,GIN,Moon Trainer,"Running water. ZEN is the peaceful force that relieves those around him and creates a state of complete serenity. At the same time, he is able to break through the dam blocking the forward motion of the group. On earth and space, not much can compete with the strength of water.",,62,ZEN,First Quarter,https://ipfs.tothemoon.net/ipfs/QmabPsqygKavh4TyrQLpnidCgBWGRSi3jRbqTYPSFdidib,Male,Courage,Leader,Discipline,Confidence,Calm,2,3,2,,
Character,MTZE,Moon,1,North America,GIN,Moon Trainer,"Running water. ZEN is the peaceful force that relieves those around him and creates a state of complete serenity. At the same time, he is able to break through the dam blocking the forward motion of the group. On earth and space, not much can compete with the strength of water.",,34,ZEN,First Quarter,https://ipfs.tothemoon.net/ipfs/QmVtBoPTSkp7N4y4LctvX4GRBDDruoQdDZFWH5PiUtS5RT,Male,Courage,Leader,Discipline,Confidence,Calm,2,2,2,,
Character,MTZE,Moon,1,Europe,GIN,Moon Trainer,"Running water. ZEN is the peaceful force that relieves those around him and creates a state of complete serenity. At the same time, he is able to break through the dam blocking the forward motion of the group. On earth and space, not much can compete with the strength of water.",,65,ZEN,First Quarter,https://ipfs.tothemoon.net/ipfs/QmS5dQ2kivAzUZvw2aMU81UNdSmoTobmdyLzmphDCo2Aa1,Male,Courage,Leader,Discipline,Confidence,Calm,1,1,1,,
Character,MTZE,Moon,1,Asia,GIN,Moon Trainer,"Running water. ZEN is the peaceful force that relieves those around him and creates a state of complete serenity. At the same time, he is able to break through the dam blocking the forward motion of the group. On earth and space, not much can compete with the strength of water.",,12,ZEN,First Quarter,https://ipfs.tothemoon.net/ipfs/QmR4d285uBR3gHAsmPGeTSm4MoSyRwzrD5gTvNrTAJjrK3,Male,Courage,Leader,Discipline,Confidence,Calm,3,3,3,,
Character,MTZE,Moon,1,Europe,GIN,Moon Trainer,"Running water. ZEN is the peaceful force that relieves those around him and creates a state of complete serenity. At the same time, he is able to break through the dam blocking the forward motion of the group. On earth and space, not much can compete with the strength of water.",,55,ZEN,First Quarter,https://ipfs.tothemoon.net/ipfs/QmUXJGjRQCsZTxPVV5dgXGXhCWjdYVdXKWqLX84smhJeb6,Male,Courage,Leader,Discipline,Confidence,Calm,2,2,1,,
Character,MTZE,Moon,1,Asia,GIN,Moon Trainer,"Running water. ZEN is the peaceful force that relieves those around him and creates a state of complete serenity. At the same time, he is able to break through the dam blocking the forward motion of the group. On earth and space, not much can compete with the strength of water.",,3,ZEN,First Quarter,https://ipfs.tothemoon.net/ipfs/QmXRCma1XLLXxSjG7R379p4dXedmgvA3z35g6cVrYpdo2P,Male,Courage,Leader,Discipline,Confidence,Calm,1,1,2,,
Character,MTZE,Moon,1,Asia,GIN,Moon Trainer,"Running water. ZEN is the peaceful force that relieves those around him and creates a state of complete serenity. At the same time, he is able to break through the dam blocking the forward motion of the group. On earth and space, not much can compete with the strength of water.",,17,ZEN,First Quarter,https://ipfs.tothemoon.net/ipfs/QmcPuqmJpUWvnEusFf2hynbiRe261wJ2en8rE6VuHC6VSE,Male,Courage,Leader,Discipline,Confidence,Calm,2,3,3,,
Character,MTZE,Moon,1,Europe,GIN,Moon Trainer,"Running water. ZEN is the peaceful force that relieves those around him and creates a state of complete serenity. At the same time, he is able to break through the dam blocking the forward motion of the group. On earth and space, not much can compete with the strength of water.",,64,ZEN,First Quarter,https://ipfs.tothemoon.net/ipfs/QmarPjAm64NXHb7BKQaTHrNfjXbkXAY7TaRPLzJDREg15a,Male,Courage,Leader,Discipline,Confidence,Calm,1,2,3,,
Character,MTZE,Moon,1,South America,GIN,Moon Trainer,"Running water. ZEN is the peaceful force that relieves those around him and creates a state of complete serenity. At the same time, he is able to break through the dam blocking the forward motion of the group. On earth and space, not much can compete with the strength of water.",,90,ZEN,First Quarter,https://ipfs.tothemoon.net/ipfs/QmepMWtGudkDAomn2BmDhWDmWiLqLoEEAtebKJhCU2sJ7D,Male,Courage,Leader,Discipline,Confidence,Calm,3,1,3,,
Character,MTZE,Moon,1,North America,GIN,Moon Trainer,"Running water. ZEN is the peaceful force that relieves those around him and creates a state of complete serenity. At the same time, he is able to break through the dam blocking the forward motion of the group. On earth and space, not much can compete with the strength of water.",,27,ZEN,First Quarter,https://ipfs.tothemoon.net/ipfs/QmecRU4NAQZwgR9PtaG72aatZPxA3wLx77HTgEiV6cehiX,Male,Courage,Leader,Discipline,Confidence,Calm,1,2,2,,
Character,MTZE,Moon,1,North America,GIN,Moon Trainer,"Running water. ZEN is the peaceful force that relieves those around him and creates a state of complete serenity. At the same time, he is able to break through the dam blocking the forward motion of the group. On earth and space, not much can compete with the strength of water.",,45,ZEN,First Quarter,https://ipfs.tothemoon.net/ipfs/QmbQTU7jocVvZWCFJi1e1GEK3FPJDVDMS4Y939heJxBy7Q,Male,Courage,Leader,Discipline,Confidence,Calm,2,2,2,,
Character,MTZE,Moon,1,Europe,GIN,Moon Trainer,"Running water. ZEN is the peaceful force that relieves those around him and creates a state of complete serenity. At the same time, he is able to break through the dam blocking the forward motion of the group. On earth and space, not much can compete with the strength of water.",,57,ZEN,First Quarter,https://ipfs.tothemoon.net/ipfs/QmSodQR4BHekwSnY9LAVaeq6K4Yjry5Kx1DEee5VvrPL54,Male,Courage,Leader,Discipline,Confidence,Calm,2,3,3,,
Character,MTZE,Moon,1,Africa,GIN,Moon Trainer,"Running water. ZEN is the peaceful force that relieves those around him and creates a state of complete serenity. At the same time, he is able to break through the dam blocking the forward motion of the group. On earth and space, not much can compete with the strength of water.",,77,ZEN,First Quarter,https://ipfs.tothemoon.net/ipfs/QmNTGVTocJLcWjqqjLB3rUJqcQZ2pxv2thaFNMw8hQQjbc,Male,Courage,Leader,Discipline,Confidence,Calm,2,1,3,,
Character,MTZE,Moon,1,North America,GIN,Moon Trainer,"Running water. ZEN is the peaceful force that relieves those around him and creates a state of complete serenity. At the same time, he is able to break through the dam blocking the forward motion of the group. On earth and space, not much can compete with the strength of water.",,35,ZEN,First Quarter,https://ipfs.tothemoon.net/ipfs/QmbKw8ZFffig6H6eR7Jdp3uVV8QjNaYy4YZjauFXZU7PqE,Male,Courage,Leader,Discipline,Confidence,Calm,1,1,3,,
Character,MTZE,Moon,1,North America,GIN,Moon Trainer,"Running water. ZEN is the peaceful force that relieves those around him and creates a state of complete serenity. At the same time, he is able to break through the dam blocking the forward motion of the group. On earth and space, not much can compete with the strength of water.",,29,ZEN,First Quarter,https://ipfs.tothemoon.net/ipfs/QmZk1oiNeYRrupjeir5Z8amNqSS4nMVHsBaAqBGxASiuXv,Male,Courage,Leader,Discipline,Confidence,Calm,2,1,2,,
Character,MTZE,Moon,1,Asia,GIN,Moon Trainer,"Running water. ZEN is the peaceful force that relieves those around him and creates a state of complete serenity. At the same time, he is able to break through the dam blocking the forward motion of the group. On earth and space, not much can compete with the strength of water.",,13,ZEN,First Quarter,https://ipfs.tothemoon.net/ipfs/QmQMd6Whmp5skNibnmFKc1uBiKhKgvbqWv3tzHXdLR5uzY,Male,Courage,Leader,Discipline,Confidence,Calm,1,2,1,,
Character,MTZE,Moon,1,North America,GIN,Moon Trainer,"Running water. ZEN is the peaceful force that relieves those around him and creates a state of complete serenity. At the same time, he is able to break through the dam blocking the forward motion of the group. On earth and space, not much can compete with the strength of water.",,38,ZEN,First Quarter,https://ipfs.tothemoon.net/ipfs/QmSBjJpkLtimVWqaxEzrPB6ais2cZu2y5NxAZ2Rq6aRUZg,Male,Courage,Leader,Discipline,Confidence,Calm,1,1,1,,
Character,MTZE,Moon,1,North America,GIN,Moon Trainer,"Running water. ZEN is the peaceful force that relieves those around him and creates a state of complete serenity. At the same time, he is able to break through the dam blocking the forward motion of the group. On earth and space, not much can compete with the strength of water.",,36,ZEN,First Quarter,https://ipfs.tothemoon.net/ipfs/QmXGMxtsLUghP4nxQ7mc2Rv61uVFjyVtgkq66UicJDMMgL,Male,Courage,Leader,Discipline,Confidence,Calm,1,3,1,,
Character,MTZE,Moon,1,Australia,GIN,Moon Trainer,"Running water. ZEN is the peaceful force that relieves those around him and creates a state of complete serenity. At the same time, he is able to break through the dam blocking the forward motion of the group. On earth and space, not much can compete with the strength of water.",,98,ZEN,First Quarter,https://ipfs.tothemoon.net/ipfs/QmaDTRf4JpmQ8B2FjEzA6Nn9PfGv7WKZav6QXv7uLT1ZcZ,Male,Courage,Leader,Discipline,Confidence,Calm,1,1,2,,
Character,MTZE,Moon,1,North America,GIN,Moon Trainer,"Running water. ZEN is the peaceful force that relieves those around him and creates a state of complete serenity. At the same time, he is able to break through the dam blocking the forward motion of the group. On earth and space, not much can compete with the strength of water.",,43,ZEN,First Quarter,https://ipfs.tothemoon.net/ipfs/QmTM69nVA29wysyYXhGQfCcyoqXVoAE6nTbSvzhnnoD5CH,Male,Courage,Leader,Discipline,Confidence,Calm,3,2,2,,
Character,MTZE,Moon,1,South America,GIN,Moon Trainer,"Running water. ZEN is the peaceful force that relieves those around him and creates a state of complete serenity. At the same time, he is able to break through the dam blocking the forward motion of the group. On earth and space, not much can compete with the strength of water.",,92,ZEN,First Quarter,https://ipfs.tothemoon.net/ipfs/Qmc5Umn8bdQerFWXfG4GBHpL71nZ8hBkMWUMzChnuFw4wk,Male,Courage,Leader,Discipline,Confidence,Calm,1,3,2,,
Character,MTZE,Moon,1,North America,GIN,Moon Trainer,"Running water. ZEN is the peaceful force that relieves those around him and creates a state of complete serenity. At the same time, he is able to break through the dam blocking the forward motion of the group. On earth and space, not much can compete with the strength of water.",,30,ZEN,First Quarter,https://ipfs.tothemoon.net/ipfs/QmedXBopHcTvD84ECB1eNqYDdjSaiQC1N9q44Yedbr9ejm,Male,Courage,Leader,Discipline,Confidence,Calm,3,1,2,,
Character,MTZE,Moon,1,South America,GIN,Moon Trainer,"Running water. ZEN is the peaceful force that relieves those around him and creates a state of complete serenity. At the same time, he is able to break through the dam blocking the forward motion of the group. On earth and space, not much can compete with the strength of water.",,89,ZEN,First Quarter,https://ipfs.tothemoon.net/ipfs/QmQcyWkKWJLjXtFvwzabw4Gw9mybwFeV3gPVvNR3ULGwx4,Male,Courage,Leader,Discipline,Confidence,Calm,1,3,1,,
Character,MTZE,Moon,1,Asia,GIN,Moon Trainer,"Running water. ZEN is the peaceful force that relieves those around him and creates a state of complete serenity. At the same time, he is able to break through the dam blocking the forward motion of the group. On earth and space, not much can compete with the strength of water.",,19,ZEN,First Quarter,https://ipfs.tothemoon.net/ipfs/Qmb8sBTfbCDbWUAqiJ23TP5L3LBVvqUEXXGYfrVkYSkPbb,Male,Courage,Leader,Discipline,Confidence,Calm,3,2,3,,
Character,MTZE,Moon,1,North America,GIN,Moon Trainer,"Running water. ZEN is the peaceful force that relieves those around him and creates a state of complete serenity. At the same time, he is able to break through the dam blocking the forward motion of the group. On earth and space, not much can compete with the strength of water.",,28,ZEN,First Quarter,https://ipfs.tothemoon.net/ipfs/QmbJNbFdbhYgobZGJfQDCunAnxTM1v141zeXhz5YPKZmQ4,Male,Courage,Leader,Discipline,Confidence,Calm,2,2,3,,
Character,MTZE,Moon,1,South America,GIN,Moon Trainer,"Running water. ZEN is the peaceful force that relieves those around him and creates a state of complete serenity. At the same time, he is able to break through the dam blocking the forward motion of the group. On earth and space, not much can compete with the strength of water.",,94,ZEN,First Quarter,https://ipfs.tothemoon.net/ipfs/QmSjfVARoU3QJvGXMT93kkDcXzFuFUwzGVhUe9gJrjsrQ1,Male,Courage,Leader,Discipline,Confidence,Calm,2,1,1,,
Character,MTZE,Moon,1,Europe,GIN,Moon Trainer,"Running water. ZEN is the peaceful force that relieves those around him and creates a state of complete serenity. At the same time, he is able to break through the dam blocking the forward motion of the group. On earth and space, not much can compete with the strength of water.",,60,ZEN,First Quarter,https://ipfs.tothemoon.net/ipfs/QmZTJ1sDzENe4XGudppw55HnV7rR7TonuE3GwJkEJgWgDc,Male,Courage,Leader,Discipline,Confidence,Calm,2,3,1,,
Character,MTZE,Moon,1,North America,GIN,Moon Trainer,"Running water. ZEN is the peaceful force that relieves those around him and creates a state of complete serenity. At the same time, he is able to break through the dam blocking the forward motion of the group. On earth and space, not much can compete with the strength of water.",,44,ZEN,First Quarter,https://ipfs.tothemoon.net/ipfs/QmbgtT7Hr1S4hdVxhmFaGJMEeYywYgZuFiMg6t2yk4pqQJ,Male,Courage,Leader,Discipline,Confidence,Calm,3,1,2,,
Character,MTZE,Moon,1,Australia,GIN,Moon Trainer,"Running water. ZEN is the peaceful force that relieves those around him and creates a state of complete serenity. At the same time, he is able to break through the dam blocking the forward motion of the group. On earth and space, not much can compete with the strength of water.",,96,ZEN,First Quarter,https://ipfs.tothemoon.net/ipfs/QmSfc8syPoA3nzCy6qyXKgoEnseZxhZEPQtPvkkvyitiEW,Male,Courage,Leader,Discipline,Confidence,Calm,1,2,1,,
Character,MTZE,Moon,1,Europe,GIN,Moon Trainer,"Running water. ZEN is the peaceful force that relieves those around him and creates a state of complete serenity. At the same time, he is able to break through the dam blocking the forward motion of the group. On earth and space, not much can compete with the strength of water.",,56,ZEN,First Quarter,https://ipfs.tothemoon.net/ipfs/QmX1gfgZBAnxppfNfbzqpTkmDMCKqiih3fhw4mW3EgE55Z,Male,Courage,Leader,Discipline,Confidence,Calm,2,3,2,,
Character,MTZE,Moon,1,Europe,GIN,Moon Trainer,"Running water. ZEN is the peaceful force that relieves those around him and creates a state of complete serenity. At the same time, he is able to break through the dam blocking the forward motion of the group. On earth and space, not much can compete with the strength of water.",,46,ZEN,First Quarter,https://ipfs.tothemoon.net/ipfs/QmYcR66S27az4y3GFmV823JrShK4xpd63oRtvGcPnCPuLh,Male,Courage,Leader,Discipline,Confidence,Calm,3,1,3,,
Character,MTZE,Moon,1,Europe,GIN,Moon Trainer,"Running water. ZEN is the peaceful force that relieves those around him and creates a state of complete serenity. At the same time, he is able to break through the dam blocking the forward motion of the group. On earth and space, not much can compete with the strength of water.",,47,ZEN,First Quarter,https://ipfs.tothemoon.net/ipfs/QmZZM8qbpZVJt9fZaHKCtSTRNL8RBmdMme9FyJhLhQJT3e,Male,Courage,Leader,Discipline,Confidence,Calm,3,1,1,,
Character,MTZE,Moon,1,Africa,GIN,Moon Trainer,"Running water. ZEN is the peaceful force that relieves those around him and creates a state of complete serenity. At the same time, he is able to break through the dam blocking the forward motion of the group. On earth and space, not much can compete with the strength of water.",,73,ZEN,First Quarter,https://ipfs.tothemoon.net/ipfs/QmZBSXQLAAknDc6HAZYDiJzDkr44CoL3nUoEjHDE73tMMc,Male,Courage,Leader,Discipline,Confidence,Calm,2,1,1,,
Character,MTZE,Moon,1,Europe,GIN,Moon Trainer,"Running water. ZEN is the peaceful force that relieves those around him and creates a state of complete serenity. At the same time, he is able to break through the dam blocking the forward motion of the group. On earth and space, not much can compete with the strength of water.",,61,ZEN,First Quarter,https://ipfs.tothemoon.net/ipfs/QmSrxj8XDdJUefWDdqNAobNrVYXogwEk96VnwVFfokgyK2,Male,Courage,Leader,Discipline,Confidence,Calm,1,2,2,,
Character,MTK,Moon,1,Europe,GIN,Moon Trainer,"KEY's brain is in overdrive all the time, but never burns out! There's always a light on at home with this trainer. Just try to keep up with his banter. He won't stop till he has learned all there is to know about this universe!",,53,KEY,Waxing Gibbous,https://ipfs.tothemoon.net/ipfs/bafkreibqcae5jdbdbaoken63fpj5rf4z3mq2sddvem4qanidicfdgh4zgi,Male,Knowledge,Wisdom,Ambition,Wit,Curiosity,2,2,1,,
Character,MTK,Moon,1,Africa,GIN,Moon Trainer,"KEY's brain is in overdrive all the time, but never burns out! There's always a light on at home with this trainer. Just try to keep up with his banter. He won't stop till he has learned all there is to know about this universe!",,68,KEY,Waxing Gibbous,https://ipfs.tothemoon.net/ipfs/bafkreib3y5rwvgrzsjwpusvkd6y4w3ohxuxdxomgvsedyeoxmfrfnrr42e,Male,Knowledge,Wisdom,Ambition,Wit,Curiosity,2,3,1,,
Character,MTK,Moon,1,Asia,GIN,Moon Trainer,"KEY's brain is in overdrive all the time, but never burns out! There's always a light on at home with this trainer. Just try to keep up with his banter. He won't stop till he has learned all there is to know about this universe!",,16,KEY,Waxing Gibbous,https://ipfs.tothemoon.net/ipfs/bafkreibvhy2625gs2craymlhk4stezod6masx3bcblzgwjljnzklmckzpa,Male,Knowledge,Wisdom,Ambition,Wit,Curiosity,3,3,1,,
Character,MTK,Moon,1,South America,GIN,Moon Trainer,"KEY's brain is in overdrive all the time, but never burns out! There's always a light on at home with this trainer. Just try to keep up with his banter. He won't stop till he has learned all there is to know about this universe!",,83,KEY,Waxing Gibbous,https://ipfs.tothemoon.net/ipfs/bafkreig2ydjniodyexssfgdawc73sva23hsplsw725jwaxc4pry2aao26u,Male,Knowledge,Wisdom,Ambition,Wit,Curiosity,2,1,3,,
Character,MTK,Moon,1,Europe,GIN,Moon Trainer,"KEY's brain is in overdrive all the time, but never burns out! There's always a light on at home with this trainer. Just try to keep up with his banter. He won't stop till he has learned all there is to know about this universe!",,63,KEY,Waxing Gibbous,https://ipfs.tothemoon.net/ipfs/bafkreibmgnm6cn6u7zm32whrtn64zmeyvqo5partln32si7pgyuhojlibi,Male,Knowledge,Wisdom,Ambition,Wit,Curiosity,1,1,2,,
Character,MTK,Moon,1,Australia,GIN,Moon Trainer,"KEY's brain is in overdrive all the time, but never burns out! There's always a light on at home with this trainer. Just try to keep up with his banter. He won't stop till he has learned all there is to know about this universe!",,99,KEY,Waxing Gibbous,https://ipfs.tothemoon.net/ipfs/bafkreibnfbvdmtnutzhstfmjgkrjxykqo3lomplaqbc6o25gve35qp64ku,Male,Knowledge,Wisdom,Ambition,Wit,Curiosity,2,2,1,,
Character,MTK,Moon,1,Africa,GIN,Moon Trainer,"KEY's brain is in overdrive all the time, but never burns out! There's always a light on at home with this trainer. Just try to keep up with his banter. He won't stop till he has learned all there is to know about this universe!",,76,KEY,Waxing Gibbous,https://ipfs.tothemoon.net/ipfs/bafkreig72ro52lsmkq6qw43rh7suwphwsldis5btmovj4h663uuxqowrly,Male,Knowledge,Wisdom,Ambition,Wit,Curiosity,2,1,2,,
Character,MTK,Moon,1,Australia,GIN,Moon Trainer,"KEY's brain is in overdrive all the time, but never burns out! There's always a light on at home with this trainer. Just try to keep up with his banter. He won't stop till he has learned all there is to know about this universe!",,96,KEY,Waxing Gibbous,https://ipfs.tothemoon.net/ipfs/bafkreig7z7igiiuni25iiuf24qx45gkairkfrcb7aojvavwsttzzzmlyae,Male,Knowledge,Wisdom,Ambition,Wit,Curiosity,1,2,1,,
Character,MTK,Moon,1,Europe,GIN,Moon Trainer,"KEY's brain is in overdrive all the time, but never burns out! There's always a light on at home with this trainer. Just try to keep up with his banter. He won't stop till he has learned all there is to know about this universe!",,60,KEY,Waxing Gibbous,https://ipfs.tothemoon.net/ipfs/bafkreicbtfu5z5cob2wf5rpvsuqogvuiz32hkutxdezzxx22omczpvc2ey,Male,Knowledge,Wisdom,Ambition,Wit,Curiosity,2,3,1,,
Character,MTK,Moon,1,South America,GIN,Moon Trainer,"KEY's brain is in overdrive all the time, but never burns out! There's always a light on at home with this trainer. Just try to keep up with his banter. He won't stop till he has learned all there is to know about this universe!",,88,KEY,Waxing Gibbous,https://ipfs.tothemoon.net/ipfs/bafkreifs7hau5etmxek5z445y6bc6ojm7vzsiz33fenx4mqkkq6xwqwdsi,Male,Knowledge,Wisdom,Ambition,Wit,Curiosity,1,2,3,,
Character,MTK,Moon,1,North America,GIN,Moon Trainer,"KEY's brain is in overdrive all the time, but never burns out! There's always a light on at home with this trainer. Just try to keep up with his banter. He won't stop till he has learned all there is to know about this universe!",,35,KEY,Waxing Gibbous,https://ipfs.tothemoon.net/ipfs/bafkreiengfjvdvc4teoowlremupktoo7aqe3e6uimezlv2x5sawwfl2kmy,Male,Knowledge,Wisdom,Ambition,Wit,Curiosity,1,1,3,,
Character,MTK,Moon,1,North America,GIN,Moon Trainer,"KEY's brain is in overdrive all the time, but never burns out! There's always a light on at home with this trainer. Just try to keep up with his banter. He won't stop till he has learned all there is to know about this universe!",,34,KEY,Waxing Gibbous,https://ipfs.tothemoon.net/ipfs/bafkreiapjw3gktvpuvic6ayfznvr5vghqlnmrexcygsaazk4pv6tw2wbly,Male,Knowledge,Wisdom,Ambition,Wit,Curiosity,2,2,2,,
Character,MTK,Moon,1,Antarctica,GIN,Moon Trainer,"KEY's brain is in overdrive all the time, but never burns out! There's always a light on at home with this trainer. Just try to keep up with his banter. He won't stop till he has learned all there is to know about this universe!",,100,KEY,Waxing Gibbous,https://ipfs.tothemoon.net/ipfs/bafkreiatye2y5gow4fh463s5ernggjqjl3kacl4yqrkwszvck6m2752ej4,Male,Knowledge,Wisdom,Ambition,Wit,Curiosity,3,3,1,,
Character,MTK,Moon,1,Asia,GIN,Moon Trainer,"KEY's brain is in overdrive all the time, but never burns out! There's always a light on at home with this trainer. Just try to keep up with his banter. He won't stop till he has learned all there is to know about this universe!",,19,KEY,Waxing Gibbous,https://ipfs.tothemoon.net/ipfs/bafkreid7x7rd2ntk6te2agqtkgxalyyxegbykswn2nip6jwbq43n65qzhy,Male,Knowledge,Wisdom,Ambition,Wit,Curiosity,3,2,3,,
Character,MTK,Moon,1,South America,GIN,Moon Trainer,"KEY's brain is in overdrive all the time, but never burns out! There's always a light on at home with this trainer. Just try to keep up with his banter. He won't stop till he has learned all there is to know about this universe!",,82,KEY,Waxing Gibbous,https://ipfs.tothemoon.net/ipfs/bafkreia3vrjdciypt4wqrtwvvicrmefj4on3up2sdygdolz5dk64ssyona,Male,Knowledge,Wisdom,Ambition,Wit,Curiosity,3,1,1,,
Character,MTK,Moon,1,Africa,GIN,Moon Trainer,"KEY's brain is in overdrive all the time, but never burns out! There's always a light on at home with this trainer. Just try to keep up with his banter. He won't stop till he has learned all there is to know about this universe!",,77,KEY,Waxing Gibbous,https://ipfs.tothemoon.net/ipfs/bafkreigin4ou4ziggjektuw3b7qnyn4ii444bukwomacytohykbjyapkeu,Male,Knowledge,Wisdom,Ambition,Wit,Curiosity,2,1,3,,
Character,MTK,Moon,1,Europe,GIN,Moon Trainer,"KEY's brain is in overdrive all the time, but never burns out! There's always a light on at home with this trainer. Just try to keep up with his banter. He won't stop till he has learned all there is to know about this universe!",,54,KEY,Waxing Gibbous,https://ipfs.tothemoon.net/ipfs/bafkreihts3jcu753vg42r3tyjj7pdiytaiqvc4wmhuzrukkddgfyn2rrxe,Male,Knowledge,Wisdom,Ambition,Wit,Curiosity,1,1,3,,
Character,MTK,Moon,1,South America,GIN,Moon Trainer,"KEY's brain is in overdrive all the time, but never burns out! There's always a light on at home with this trainer. Just try to keep up with his banter. He won't stop till he has learned all there is to know about this universe!",,87,KEY,Waxing Gibbous,https://ipfs.tothemoon.net/ipfs/bafkreiaj4w5sj5bgrosnpplihshknr3e5n5hfwtwf43rrrbmrckkbwk64m,Male,Knowledge,Wisdom,Ambition,Wit,Curiosity,2,2,2,,
Character,MTK,Moon,1,Europe,GIN,Moon Trainer,"KEY's brain is in overdrive all the time, but never burns out! There's always a light on at home with this trainer. Just try to keep up with his banter. He won't stop till he has learned all there is to know about this universe!",,46,KEY,Waxing Gibbous,https://ipfs.tothemoon.net/ipfs/bafkreibtofarajh7hgljnzjxnfrhvirugfgtpuaz2jyrsdyxxndqllb4xa,Male,Knowledge,Wisdom,Ambition,Wit,Curiosity,3,1,3,,
Character,MTK,Moon,1,Europe,GIN,Moon Trainer,"KEY's brain is in overdrive all the time, but never burns out! There's always a light on at home with this trainer. Just try to keep up with his banter. He won't stop till he has learned all there is to know about this universe!",,61,KEY,Waxing Gibbous,https://ipfs.tothemoon.net/ipfs/bafkreifubdnzukiol3a3qjsvvemjbghizoczfgvxsoysls7abthzg3onhe,Male,Knowledge,Wisdom,Ambition,Wit,Curiosity,1,2,2,,
Character,MTK,Moon,1,Asia,GIN,Moon Trainer,"KEY's brain is in overdrive all the time, but never burns out! There's always a light on at home with this trainer. Just try to keep up with his banter. He won't stop till he has learned all there is to know about this universe!",,7,KEY,Waxing Gibbous,https://ipfs.tothemoon.net/ipfs/bafkreihuqw5if3nr7zylo55ueo63g5kfk2ompwwiofp4o42jdag3i72n3u,Male,Knowledge,Wisdom,Ambition,Wit,Curiosity,2,2,3,,
Character,MTK,Moon,1,South America,GIN,Moon Trainer,"KEY's brain is in overdrive all the time, but never burns out! There's always a light on at home with this trainer. Just try to keep up with his banter. He won't stop till he has learned all there is to know about this universe!",,89,KEY,Waxing Gibbous,https://ipfs.tothemoon.net/ipfs/bafkreidnxtjitm5icfruhlxflq7g35cmlvjqxp3zytodrwkgj75icgg2yu,Male,Knowledge,Wisdom,Ambition,Wit,Curiosity,1,3,1,,
Character,MTK,Moon,1,Asia,GIN,Moon Trainer,"KEY's brain is in overdrive all the time, but never burns out! There's always a light on at home with this trainer. Just try to keep up with his banter. He won't stop till he has learned all there is to know about this universe!",,2,KEY,Waxing Gibbous,https://ipfs.tothemoon.net/ipfs/bafkreiexmrbv47i2owbrjenjht53qjg5ioqh2vwajv2xj5heamt4e3qevu,Male,Knowledge,Wisdom,Ambition,Wit,Curiosity,1,3,2,,
Character,MTK,Moon,1,South America,GIN,Moon Trainer,"KEY's brain is in overdrive all the time, but never burns out! There's always a light on at home with this trainer. Just try to keep up with his banter. He won't stop till he has learned all there is to know about this universe!",,86,KEY,Waxing Gibbous,https://ipfs.tothemoon.net/ipfs/bafkreidakt6m73hsbhyanhaqrtgf44wafbmhv7utvm3sfybtvywq6xmwxe,Male,Knowledge,Wisdom,Ambition,Wit,Curiosity,2,1,2,,
Character,MTK,Moon,1,Asia,GIN,Moon Trainer,"KEY's brain is in overdrive all the time, but never burns out! There's always a light on at home with this trainer. Just try to keep up with his banter. He won't stop till he has learned all there is to know about this universe!",,22,KEY,Waxing Gibbous,https://ipfs.tothemoon.net/ipfs/bafkreiaozmz6iob66syrpk5lkwplblq5nmv4shwhxor5uzmoz4a5cykxty,Male,Knowledge,Wisdom,Ambition,Wit,Curiosity,1,3,3,,
Character,MTK,Moon,1,South America,GIN,Moon Trainer,"KEY's brain is in overdrive all the time, but never burns out! There's always a light on at home with this trainer. Just try to keep up with his banter. He won't stop till he has learned all there is to know about this universe!",,85,KEY,Waxing Gibbous,https://ipfs.tothemoon.net/ipfs/bafkreiapg5lgcqtwrvbrqubvh4crmvqqtmai476n2hokbl3wcyb3pp57lm,Male,Knowledge,Wisdom,Ambition,Wit,Curiosity,1,1,1,,
Character,MTK,Moon,1,South America,GIN,Moon Trainer,"KEY's brain is in overdrive all the time, but never burns out! There's always a light on at home with this trainer. Just try to keep up with his banter. He won't stop till he has learned all there is to know about this universe!",,94,KEY,Waxing Gibbous,https://ipfs.tothemoon.net/ipfs/bafkreiab5leqwbjri56ijvzubsyhsmtsvblqfkflzorlm3znibux4akmya,Male,Knowledge,Wisdom,Ambition,Wit,Curiosity,2,1,1,,
Character,MTK,Moon,1,North America,GIN,Moon Trainer,"KEY's brain is in overdrive all the time, but never burns out! There's always a light on at home with this trainer. Just try to keep up with his banter. He won't stop till he has learned all there is to know about this universe!",,26,KEY,Waxing Gibbous,https://ipfs.tothemoon.net/ipfs/bafkreicgcnl3pkj2s7uxdosvx6u6zkltael74z5a3jlp7zppao7qmj25lm,Male,Knowledge,Wisdom,Ambition,Wit,Curiosity,1,2,3,,
Character,MTK,Moon,1,North America,GIN,Moon Trainer,"KEY's brain is in overdrive all the time, but never burns out! There's always a light on at home with this trainer. Just try to keep up with his banter. He won't stop till he has learned all there is to know about this universe!",,30,KEY,Waxing Gibbous,https://ipfs.tothemoon.net/ipfs/bafkreibuirrtxdmut3gsxbxxz5sqwkwfk63d2drq42kusu72funonczpzi,Male,Knowledge,Wisdom,Ambition,Wit,Curiosity,3,1,2,,
Character,MTK,Moon,1,Africa,GIN,Moon Trainer,"KEY's brain is in overdrive all the time, but never burns out! There's always a light on at home with this trainer. Just try to keep up with his banter. He won't stop till he has learned all there is to know about this universe!",,70,KEY,Waxing Gibbous,https://ipfs.tothemoon.net/ipfs/bafkreiepmiqs2mwwvwbyv5vgsghqdb4jea5oie55ccstbmn6ssgflaqb24,Male,Knowledge,Wisdom,Ambition,Wit,Curiosity,3,2,1,,
Character,MTK,Moon,1,North America,GIN,Moon Trainer,"KEY's brain is in overdrive all the time, but never burns out! There's always a light on at home with this trainer. Just try to keep up with his banter. He won't stop till he has learned all there is to know about this universe!",,27,KEY,Waxing Gibbous,https://ipfs.tothemoon.net/ipfs/bafkreidkdnemnjq3vixgaw253ikbrkke4v5xob4wqjl6fxkngvwceesyge,Male,Knowledge,Wisdom,Ambition,Wit,Curiosity,1,2,2,,
Character,MTK,Moon,1,South America,GIN,Moon Trainer,"KEY's brain is in overdrive all the time, but never burns out! There's always a light on at home with this trainer. Just try to keep up with his banter. He won't stop till he has learned all there is to know about this universe!",,92,KEY,Waxing Gibbous,https://ipfs.tothemoon.net/ipfs/bafkreihnguxwwaxwzfhsp4lwgw67tfr5dy4copl52tmibrtvwbhgjdulki,Male,Knowledge,Wisdom,Ambition,Wit,Curiosity,1,3,2,,
Character,MTK,Moon,1,Europe,GIN,Moon Trainer,"KEY's brain is in overdrive all the time, but never burns out! There's always a light on at home with this trainer. Just try to keep up with his banter. He won't stop till he has learned all there is to know about this universe!",,62,KEY,Waxing Gibbous,https://ipfs.tothemoon.net/ipfs/bafkreihdydlp2hybgigjsk6dlnawpt4sbrpgacaeghklqpdha6okrjktvi,Male,Knowledge,Wisdom,Ambition,Wit,Curiosity,2,3,2,,
Character,MTK,Moon,1,Europe,GIN,Moon Trainer,"KEY's brain is in overdrive all the time, but never burns out! There's always a light on at home with this trainer. Just try to keep up with his banter. He won't stop till he has learned all there is to know about this universe!",,56,KEY,Waxing Gibbous,https://ipfs.tothemoon.net/ipfs/bafkreib6gkq7tuoyhyy7fe5ebn5ak25xmqrvu6z3rtcqp7ck4f4c6gdyum,Male,Knowledge,Wisdom,Ambition,Wit,Curiosity,2,3,2,,
Character,MTK,Moon,1,Asia,GIN,Moon Trainer,"KEY's brain is in overdrive all the time, but never burns out! There's always a light on at home with this trainer. Just try to keep up with his banter. He won't stop till he has learned all there is to know about this universe!",,20,KEY,Waxing Gibbous,https://ipfs.tothemoon.net/ipfs/bafkreiaouww4h73y633e5crkcjq22fwvyamke23pwqqckj43mpjbdrv6du,Male,Knowledge,Wisdom,Ambition,Wit,Curiosity,1,2,3,,
Character,MTK,Moon,1,Africa,GIN,Moon Trainer,"KEY's brain is in overdrive all the time, but never burns out! There's always a light on at home with this trainer. Just try to keep up with his banter. He won't stop till he has learned all there is to know about this universe!",,73,KEY,Waxing Gibbous,https://ipfs.tothemoon.net/ipfs/bafkreied3c4sce6bovwsgsdn2zgtma5wwy6xf254xingq2kv3b3if75sd4,Male,Knowledge,Wisdom,Ambition,Wit,Curiosity,2,1,1,,
Character,MTK,Moon,1,South America,GIN,Moon Trainer,"KEY's brain is in overdrive all the time, but never burns out! There's always a light on at home with this trainer. Just try to keep up with his banter. He won't stop till he has learned all there is to know about this universe!",,84,KEY,Waxing Gibbous,https://ipfs.tothemoon.net/ipfs/bafkreigkftjxam233miwurn463akndpi54lng37nmzjvkcxfmle7r4qrp4,Male,Knowledge,Wisdom,Ambition,Wit,Curiosity,1,2,1,,
Character,MTK,Moon,1,North America,GIN,Moon Trainer,"KEY's brain is in overdrive all the time, but never burns out! There's always a light on at home with this trainer. Just try to keep up with his banter. He won't stop till he has learned all there is to know about this universe!",,32,KEY,Waxing Gibbous,https://ipfs.tothemoon.net/ipfs/bafkreiejtopwlwmanufo64a6ola2fg5mhrahxgv3a6dydmyidn5tjcwv64,Male,Knowledge,Wisdom,Ambition,Wit,Curiosity,2,1,2,,
Character,MTK,Moon,1,Asia,GIN,Moon Trainer,"KEY's brain is in overdrive all the time, but never burns out! There's always a light on at home with this trainer. Just try to keep up with his banter. He won't stop till he has learned all there is to know about this universe!",,24,KEY,Waxing Gibbous,https://ipfs.tothemoon.net/ipfs/bafkreidavncnalufeb263cxclyuuiw7jv3qjonryzs3ybiwnyr2d7di65e,Male,Knowledge,Wisdom,Ambition,Wit,Curiosity,2,1,3,,
Character,MTK,Moon,1,Asia,GIN,Moon Trainer,"KEY's brain is in overdrive all the time, but never burns out! There's always a light on at home with this trainer. Just try to keep up with his banter. He won't stop till he has learned all there is to know about this universe!",,17,KEY,Waxing Gibbous,https://ipfs.tothemoon.net/ipfs/bafkreiam7tor3iwvzwpwovezhxbbn5c4ybcz2c2sepvxepnt4xhuc6m5pe,Male,Knowledge,Wisdom,Ambition,Wit,Curiosity,2,3,3,,
Character,MTK,Moon,1,South America,GIN,Moon Trainer,"KEY's brain is in overdrive all the time, but never burns out! There's always a light on at home with this trainer. Just try to keep up with his banter. He won't stop till he has learned all there is to know about this universe!",,90,KEY,Waxing Gibbous,https://ipfs.tothemoon.net/ipfs/bafkreiepbcmnmchdhxot3sgcls4a7yr26dhq2jvlglopdctrdyl7wtgif4,Male,Knowledge,Wisdom,Ambition,Wit,Curiosity,3,1,3,,
Character,MTK,Moon,1,North America,GIN,Moon Trainer,"KEY's brain is in overdrive all the time, but never burns out! There's always a light on at home with this trainer. Just try to keep up with his banter. He won't stop till he has learned all there is to know about this universe!",,28,KEY,Waxing Gibbous,https://ipfs.tothemoon.net/ipfs/bafkreif24pcnpyne2oi74xswzcltopxfwt54e7dcucsa5nauslceagio3u,Male,Knowledge,Wisdom,Ambition,Wit,Curiosity,2,2,3,,
Character,MTK,Moon,1,Europe,GIN,Moon Trainer,"KEY's brain is in overdrive all the time, but never burns out! There's always a light on at home with this trainer. Just try to keep up with his banter. He won't stop till he has learned all there is to know about this universe!",,49,KEY,Waxing Gibbous,https://ipfs.tothemoon.net/ipfs/bafkreig5vk2ueqhe744wanhsdsera3ysr74lwmrlrg44xcgimj3d4edwje,Male,Knowledge,Wisdom,Ambition,Wit,Curiosity,3,2,1,,
Character,MTK,Moon,1,Africa,GIN,Moon Trainer,"KEY's brain is in overdrive all the time, but never burns out! There's always a light on at home with this trainer. Just try to keep up with his banter. He won't stop till he has learned all there is to know about this universe!",,71,KEY,Waxing Gibbous,https://ipfs.tothemoon.net/ipfs/bafkreigvxbnuuwdhbb7u6vltuorkhth665panargv5lngpqqulivkebr2q,Male,Knowledge,Wisdom,Ambition,Wit,Curiosity,1,3,2,,
Character,MTK,Moon,1,North America,GIN,Moon Trainer,"KEY's brain is in overdrive all the time, but never burns out! There's always a light on at home with this trainer. Just try to keep up with his banter. He won't stop till he has learned all there is to know about this universe!",,38,KEY,Waxing Gibbous,https://ipfs.tothemoon.net/ipfs/bafkreig6lufpfdfhui2esl5m43d2lzbdghdsmog4j6zm3x5wfrhqttw5o4,Male,Knowledge,Wisdom,Ambition,Wit,Curiosity,1,1,1,,
Character,MTK,Moon,1,Africa,GIN,Moon Trainer,"KEY's brain is in overdrive all the time, but never burns out! There's always a light on at home with this trainer. Just try to keep up with his banter. He won't stop till he has learned all there is to know about this universe!",,69,KEY,Waxing Gibbous,https://ipfs.tothemoon.net/ipfs/bafkreicd6w2cd7jw2vjwwzxufsac4zwx6f2skft5fg6lh5aktt6dejiicy,Male,Knowledge,Wisdom,Ambition,Wit,Curiosity,2,2,2,,
Character,MTK,Moon,1,Africa,GIN,Moon Trainer,"KEY's brain is in overdrive all the time, but never burns out! There's always a light on at home with this trainer. Just try to keep up with his banter. He won't stop till he has learned all there is to know about this universe!",,78,KEY,Waxing Gibbous,https://ipfs.tothemoon.net/ipfs/bafkreibuznihrq4lrokb32xinhsj5cpwwwcymesenfmiih2tqzryux2rti,Male,Knowledge,Wisdom,Ambition,Wit,Curiosity,2,1,3,,
Character,MTK,Moon,1,Asia,GIN,Moon Trainer,"KEY's brain is in overdrive all the time, but never burns out! There's always a light on at home with this trainer. Just try to keep up with his banter. He won't stop till he has learned all there is to know about this universe!",,3,KEY,Waxing Gibbous,https://ipfs.tothemoon.net/ipfs/bafkreiepcec4b7x6zr6smukdcd2gqmi4qrjv3cwlulhfr3vdim3wzccdwe,Male,Knowledge,Wisdom,Ambition,Wit,Curiosity,1,1,2,,
Character,MTK,Moon,1,Africa,GIN,Moon Trainer,"KEY's brain is in overdrive all the time, but never burns out! There's always a light on at home with this trainer. Just try to keep up with his banter. He won't stop till he has learned all there is to know about this universe!",,74,KEY,Waxing Gibbous,https://ipfs.tothemoon.net/ipfs/bafkreicrrn7dqdb5rnh4krrbswiwl4ed563m7zy6rkkvrjaas5ekorx2u4,Male,Knowledge,Wisdom,Ambition,Wit,Curiosity,3,1,2,,
Character,MTK,Moon,1,Asia,GIN,Moon Trainer,"KEY's brain is in overdrive all the time, but never burns out! There's always a light on at home with this trainer. Just try to keep up with his banter. He won't stop till he has learned all there is to know about this universe!",,9,KEY,Waxing Gibbous,https://ipfs.tothemoon.net/ipfs/bafkreiajoyrebumv4hhte4gucyd42xzt5uvuggekzlubx4we5olhcofg4i,Male,Knowledge,Wisdom,Ambition,Wit,Curiosity,2,2,1,,
Character,MTK,Moon,1,Europe,GIN,Moon Trainer,"KEY's brain is in overdrive all the time, but never burns out! There's always a light on at home with this trainer. Just try to keep up with his banter. He won't stop till he has learned all there is to know about this universe!",,52,KEY,Waxing Gibbous,https://ipfs.tothemoon.net/ipfs/bafkreiecg4fuwt2pxjob2jsrsuxtkyiv55ptlevati2cu3qx6kd3cpzuy4,Male,Knowledge,Wisdom,Ambition,Wit,Curiosity,1,1,3,,
Character,MTK,Moon,1,North America,GIN,Moon Trainer,"KEY's brain is in overdrive all the time, but never burns out! There's always a light on at home with this trainer. Just try to keep up with his banter. He won't stop till he has learned all there is to know about this universe!",,29,KEY,Waxing Gibbous,https://ipfs.tothemoon.net/ipfs/bafkreiejo6j6gkzhvv7ae5juwvgohw6uj4a4xtukhrkaj43ke7pa5wvimu,Male,Knowledge,Wisdom,Ambition,Wit,Curiosity,2,1,2,,
Character,MTK,Moon,1,Europe,GIN,Moon Trainer,"KEY's brain is in overdrive all the time, but never burns out! There's always a light on at home with this trainer. Just try to keep up with his banter. He won't stop till he has learned all there is to know about this universe!",,48,KEY,Waxing Gibbous,https://ipfs.tothemoon.net/ipfs/bafkreifkmdo2uj77b63lbiigxudn4borskregnnshjkaxphvlcmtiigruu,Male,Knowledge,Wisdom,Ambition,Wit,Curiosity,3,2,2,,
Character,MTK,Moon,1,Africa,GIN,Moon Trainer,"KEY's brain is in overdrive all the time, but never burns out! There's always a light on at home with this trainer. Just try to keep up with his banter. He won't stop till he has learned all there is to know about this universe!",,67,KEY,Waxing Gibbous,https://ipfs.tothemoon.net/ipfs/bafkreifrunax4acytsfzelrq4fanallb4fvo4onpkiejweo7ekjplyepwy,Male,Knowledge,Wisdom,Ambition,Wit,Curiosity,3,1,1,,
Character,MTK,Moon,1,North America,GIN,Moon Trainer,"KEY's brain is in overdrive all the time, but never burns out! There's always a light on at home with this trainer. Just try to keep up with his banter. He won't stop till he has learned all there is to know about this universe!",,39,KEY,Waxing Gibbous,https://ipfs.tothemoon.net/ipfs/bafkreifohn7jojaf2izippjsswwzv2gdxyb6ssjpxhvemimnb4to7l7aoa,Male,Knowledge,Wisdom,Ambition,Wit,Curiosity,3,2,1,,
Character,MTK,Moon,1,Africa,GIN,Moon Trainer,"KEY's brain is in overdrive all the time, but never burns out! There's always a light on at home with this trainer. Just try to keep up with his banter. He won't stop till he has learned all there is to know about this universe!",,79,KEY,Waxing Gibbous,https://ipfs.tothemoon.net/ipfs/bafkreiefnwqc3jfme5rzyeham3ewxuhcr77bszjditkmnw6l3dah326ztq,Male,Knowledge,Wisdom,Ambition,Wit,Curiosity,3,3,3,,
Character,MTK,Moon,1,South America,GIN,Moon Trainer,"KEY's brain is in overdrive all the time, but never burns out! There's always a light on at home with this trainer. Just try to keep up with his banter. He won't stop till he has learned all there is to know about this universe!",,91,KEY,Waxing Gibbous,https://ipfs.tothemoon.net/ipfs/bafkreihvrhuppy6aqmsyg33yuvrygob7ntjgppmzy2sh22mdcysjsyn7pm,Male,Knowledge,Wisdom,Ambition,Wit,Curiosity,3,1,3,,
Character,MTK,Moon,1,Asia,GIN,Moon Trainer,"KEY's brain is in overdrive all the time, but never burns out! There's always a light on at home with this trainer. Just try to keep up with his banter. He won't stop till he has learned all there is to know about this universe!",,5,KEY,Waxing Gibbous,https://ipfs.tothemoon.net/ipfs/bafkreibutfzc6ddwjlnenfh3ig72edmhx7qgjtdcfhffqhazfa4vlve44m,Male,Knowledge,Wisdom,Ambition,Wit,Curiosity,1,3,2,,
Character,MTK,Moon,1,Asia,GIN,Moon Trainer,"KEY's brain is in overdrive all the time, but never burns out! There's always a light on at home with this trainer. Just try to keep up with his banter. He won't stop till he has learned all there is to know about this universe!",,15,KEY,Waxing Gibbous,https://ipfs.tothemoon.net/ipfs/bafkreifyqydja524gd2k62jb5magfuynpabdipzvvjt5cdc7i7iu6jofsi,Male,Knowledge,Wisdom,Ambition,Wit,Curiosity,1,2,2,,
Character,MTK,Moon,1,Asia,GIN,Moon Trainer,"KEY's brain is in overdrive all the time, but never burns out! There's always a light on at home with this trainer. Just try to keep up with his banter. He won't stop till he has learned all there is to know about this universe!",,6,KEY,Waxing Gibbous,https://ipfs.tothemoon.net/ipfs/bafkreigm55m4r2cxf7lxig2lwmsq3ynyurocymsfhj4y3gcfhiggojjre4,Male,Knowledge,Wisdom,Ambition,Wit,Curiosity,1,3,1,,
Character,MTK,Moon,1,North America,GIN,Moon Trainer,"KEY's brain is in overdrive all the time, but never burns out! There's always a light on at home with this trainer. Just try to keep up with his banter. He won't stop till he has learned all there is to know about this universe!",,41,KEY,Waxing Gibbous,https://ipfs.tothemoon.net/ipfs/bafkreigxr3xgxheahmlb3hedpajrxcrs3322ekv353whntgsmhfhtg4oje,Male,Knowledge,Wisdom,Ambition,Wit,Curiosity,2,3,1,,
Character,MTK,Moon,1,Asia,GIN,Moon Trainer,"KEY's brain is in overdrive all the time, but never burns out! There's always a light on at home with this trainer. Just try to keep up with his banter. He won't stop till he has learned all there is to know about this universe!",,4,KEY,Waxing Gibbous,https://ipfs.tothemoon.net/ipfs/bafkreicjue55jfe6cj6lukgpbsh6jvck2ohnufxds37q37u3hjk4iow72u,Male,Knowledge,Wisdom,Ambition,Wit,Curiosity,3,3,2,,
Character,MTK,Moon,1,Africa,GIN,Moon Trainer,"KEY's brain is in overdrive all the time, but never burns out! There's always a light on at home with this trainer. Just try to keep up with his banter. He won't stop till he has learned all there is to know about this universe!",,66,KEY,Waxing Gibbous,https://ipfs.tothemoon.net/ipfs/bafkreidyqgg3ei2rmfnvroji2jgnoddehftl7y5igzwnol5tqwv24wm2c4,Male,Knowledge,Wisdom,Ambition,Wit,Curiosity,3,3,1,,
Character,MTK,Moon,1,Asia,GIN,Moon Trainer,"KEY's brain is in overdrive all the time, but never burns out! There's always a light on at home with this trainer. Just try to keep up with his banter. He won't stop till he has learned all there is to know about this universe!",,14,KEY,Waxing Gibbous,https://ipfs.tothemoon.net/ipfs/bafkreicw3lyejzokbiudfeajqe2d2ibnh5h2xehdsuflugu2vcpdgntefq,Male,Knowledge,Wisdom,Ambition,Wit,Curiosity,1,1,3,,
Character,MTK,Moon,1,Asia,GIN,Moon Trainer,"KEY's brain is in overdrive all the time, but never burns out! There's always a light on at home with this trainer. Just try to keep up with his banter. He won't stop till he has learned all there is to know about this universe!",,25,KEY,Waxing Gibbous,https://ipfs.tothemoon.net/ipfs/bafkreial22aje5bwyo2jwzzdljbj37zsm4mu7ump3zyeiddwhbhcxsn6ay,Male,Knowledge,Wisdom,Ambition,Wit,Curiosity,1,3,3,,
Character,MTK,Moon,1,Europe,GIN,Moon Trainer,"KEY's brain is in overdrive all the time, but never burns out! There's always a light on at home with this trainer. Just try to keep up with his banter. He won't stop till he has learned all there is to know about this universe!",,59,KEY,Waxing Gibbous,https://ipfs.tothemoon.net/ipfs/bafkreicypocx7yfxpyhwklzfelruxciayvzieaxwsw34hapzvnjfqzrdtu,Male,Knowledge,Wisdom,Ambition,Wit,Curiosity,2,1,1,,
Character,MTK,Moon,1,Asia,GIN,Moon Trainer,"KEY's brain is in overdrive all the time, but never burns out! There's always a light on at home with this trainer. Just try to keep up with his banter. He won't stop till he has learned all there is to know about this universe!",,11,KEY,Waxing Gibbous,https://ipfs.tothemoon.net/ipfs/bafkreibdrg6rnhu5jz7nfqd32jwl2odhry67k6p7oejtbuitlvwuxdhn4y,Male,Knowledge,Wisdom,Ambition,Wit,Curiosity,3,3,2,,
Character,MTK,Moon,1,Asia,GIN,Moon Trainer,"KEY's brain is in overdrive all the time, but never burns out! There's always a light on at home with this trainer. Just try to keep up with his banter. He won't stop till he has learned all there is to know about this universe!",,10,KEY,Waxing Gibbous,https://ipfs.tothemoon.net/ipfs/bafkreidm7pbypwykxrqzfjjpmt4bykoto4evjiuuc32ez6zag2622m6wwi,Male,Knowledge,Wisdom,Ambition,Wit,Curiosity,2,2,3,,
Character,MTK,Moon,1,North America,GIN,Moon Trainer,"KEY's brain is in overdrive all the time, but never burns out! There's always a light on at home with this trainer. Just try to keep up with his banter. He won't stop till he has learned all there is to know about this universe!",,44,KEY,Waxing Gibbous,https://ipfs.tothemoon.net/ipfs/bafkreiaujmlhtsjosjjtfixpafr2zozd4lcrmdijxwkkkjnjofbf2ziu54,Male,Knowledge,Wisdom,Ambition,Wit,Curiosity,3,1,2,,
Character,MTK,Moon,1,Africa,GIN,Moon Trainer,"KEY's brain is in overdrive all the time, but never burns out! There's always a light on at home with this trainer. Just try to keep up with his banter. He won't stop till he has learned all there is to know about this universe!",,75,KEY,Waxing Gibbous,https://ipfs.tothemoon.net/ipfs/bafkreifdkgcqbxfokf2bz4jy4myjm6rybsem5kb5aglxauea7gcypkmbry,Male,Knowledge,Wisdom,Ambition,Wit,Curiosity,2,3,2,,
Character,MTK,Moon,1,Asia,GIN,Moon Trainer,"KEY's brain is in overdrive all the time, but never burns out! There's always a light on at home with this trainer. Just try to keep up with his banter. He won't stop till he has learned all there is to know about this universe!",,13,KEY,Waxing Gibbous,https://ipfs.tothemoon.net/ipfs/bafkreiefhbj7megbrvgkacoxkj7h7bljwznjx4eo6ctxdtm3i7gvkasa5a,Male,Knowledge,Wisdom,Ambition,Wit,Curiosity,1,2,1,,
Character,MTK,Moon,1,North America,GIN,Moon Trainer,"KEY's brain is in overdrive all the time, but never burns out! There's always a light on at home with this trainer. Just try to keep up with his banter. He won't stop till he has learned all there is to know about this universe!",,31,KEY,Waxing Gibbous,https://ipfs.tothemoon.net/ipfs/bafkreie3qqk6q6jqwosxhce4z3lthztjp5ehnxrnbfi5jpnlpr5edmlf24,Male,Knowledge,Wisdom,Ambition,Wit,Curiosity,2,3,3,,
Character,MTK,Moon,1,Europe,GIN,Moon Trainer,"KEY's brain is in overdrive all the time, but never burns out! There's always a light on at home with this trainer. Just try to keep up with his banter. He won't stop till he has learned all there is to know about this universe!",,55,KEY,Waxing Gibbous,https://ipfs.tothemoon.net/ipfs/bafkreidp6em54caxzwlawki2sl6ed6uwbokoedsgsgygss4ixqv7v5uuee,Male,Knowledge,Wisdom,Ambition,Wit,Curiosity,2,2,1,,
Character,MTK,Moon,1,Australia,GIN,Moon Trainer,"KEY's brain is in overdrive all the time, but never burns out! There's always a light on at home with this trainer. Just try to keep up with his banter. He won't stop till he has learned all there is to know about this universe!",,97,KEY,Waxing Gibbous,https://ipfs.tothemoon.net/ipfs/bafkreienbfefyf75eizq5cvetalwsjh2ft66mdfpzjstnljhodgbxop2cy,Male,Knowledge,Wisdom,Ambition,Wit,Curiosity,2,2,3,,
Character,MTK,Moon,1,North America,GIN,Moon Trainer,"KEY's brain is in overdrive all the time, but never burns out! There's always a light on at home with this trainer. Just try to keep up with his banter. He won't stop till he has learned all there is to know about this universe!",,45,KEY,Waxing Gibbous,https://ipfs.tothemoon.net/ipfs/bafkreiair7fuwhufwvmono7svj6xjtrum3fbuw2digvts7wxgtvr3zt3my,Male,Knowledge,Wisdom,Ambition,Wit,Curiosity,2,2,2,,
Character,MTK,Moon,1,Asia,GIN,Moon Trainer,"KEY's brain is in overdrive all the time, but never burns out! There's always a light on at home with this trainer. Just try to keep up with his banter. He won't stop till he has learned all there is to know about this universe!",,12,KEY,Waxing Gibbous,https://ipfs.tothemoon.net/ipfs/bafkreibgew2vwze5ki76ddkr2mvgk2ibmf2m2ajtf6zjmwpltzgua44z4q,Male,Knowledge,Wisdom,Ambition,Wit,Curiosity,3,3,3,,
Character,MTK,Moon,1,Asia,GIN,Moon Trainer,"KEY's brain is in overdrive all the time, but never burns out! There's always a light on at home with this trainer. Just try to keep up with his banter. He won't stop till he has learned all there is to know about this universe!",,23,KEY,Waxing Gibbous,https://ipfs.tothemoon.net/ipfs/bafkreigodmsz4zj4yquiku5ub7qdknzq6yf7tpo7s7bbrxntu2zbtooyuu,Male,Knowledge,Wisdom,Ambition,Wit,Curiosity,1,3,3,,
Character,MTK,Moon,1,North America,GIN,Moon Trainer,"KEY's brain is in overdrive all the time, but never burns out! There's always a light on at home with this trainer. Just try to keep up with his banter. He won't stop till he has learned all there is to know about this universe!",,36,KEY,Waxing Gibbous,https://ipfs.tothemoon.net/ipfs/bafkreiawifqwow5a5ocj6dyyxfofh5l4jbbchjdougtyfclem5lknfqyui,Male,Knowledge,Wisdom,Ambition,Wit,Curiosity,1,3,1,,
Character,MTK,Moon,1,Europe,GIN,Moon Trainer,"KEY's brain is in overdrive all the time, but never burns out! There's always a light on at home with this trainer. Just try to keep up with his banter. He won't stop till he has learned all there is to know about this universe!",,47,KEY,Waxing Gibbous,https://ipfs.tothemoon.net/ipfs/bafkreibiudaqmt6mspppx4qwx4ogvtavwlfqswhpcsvcvbenb3pgf22pdi,Male,Knowledge,Wisdom,Ambition,Wit,Curiosity,3,1,1,,
Character,MTK,Moon,1,Europe,GIN,Moon Trainer,"KEY's brain is in overdrive all the time, but never burns out! There's always a light on at home with this trainer. Just try to keep up with his banter. He won't stop till he has learned all there is to know about this universe!",,57,KEY,Waxing Gibbous,https://ipfs.tothemoon.net/ipfs/bafkreigr6bgo3p6hsuurlnjjioznq3buhpovt4tatafp6xjdul5s4vbefq,Male,Knowledge,Wisdom,Ambition,Wit,Curiosity,2,3,3,,
Character,MTK,Moon,1,Asia,GIN,Moon Trainer,"KEY's brain is in overdrive all the time, but never burns out! There's always a light on at home with this trainer. Just try to keep up with his banter. He won't stop till he has learned all there is to know about this universe!",,8,KEY,Waxing Gibbous,https://ipfs.tothemoon.net/ipfs/bafkreidrmm7gr6bnpr67odbvhnaohu6wzgwz3zo6yxjmvrbxwtiwaexb4i,Male,Knowledge,Wisdom,Ambition,Wit,Curiosity,1,3,1,,
Character,MTK,Moon,1,North America,GIN,Moon Trainer,"KEY's brain is in overdrive all the time, but never burns out! There's always a light on at home with this trainer. Just try to keep up with his banter. He won't stop till he has learned all there is to know about this universe!",,40,KEY,Waxing Gibbous,https://ipfs.tothemoon.net/ipfs/bafkreifv727izocitlphxtvamp4xbwvmyyulnupfydl4of6bwuu2dkjwbm,Male,Knowledge,Wisdom,Ambition,Wit,Curiosity,3,2,2,,
Character,MTK,Moon,1,Asia,GIN,Moon Trainer,"KEY's brain is in overdrive all the time, but never burns out! There's always a light on at home with this trainer. Just try to keep up with his banter. He won't stop till he has learned all there is to know about this universe!",,1,KEY,Waxing Gibbous,https://ipfs.tothemoon.net/ipfs/bafkreigvrnqvwqirzub7iagpcctm2y7xmbczve7ou5byl5cktict356cxq,Male,Knowledge,Wisdom,Ambition,Wit,Curiosity,1,1,2,,
Character,MTK,Moon,1,North America,GIN,Moon Trainer,"KEY's brain is in overdrive all the time, but never burns out! There's always a light on at home with this trainer. Just try to keep up with his banter. He won't stop till he has learned all there is to know about this universe!",,37,KEY,Waxing Gibbous,https://ipfs.tothemoon.net/ipfs/bafkreiejbo3dwyiprnllstar3hpo6bakte4i4r2xrqsbd24fijl6672bcq,Male,Knowledge,Wisdom,Ambition,Wit,Curiosity,3,1,1,,
Character,MTK,Moon,1,North America,GIN,Moon Trainer,"KEY's brain is in overdrive all the time, but never burns out! There's always a light on at home with this trainer. Just try to keep up with his banter. He won't stop till he has learned all there is to know about this universe!",,33,KEY,Waxing Gibbous,https://ipfs.tothemoon.net/ipfs/bafkreiggkfinshc6rpt4gawczasmidzripemmplemprmwwr4relzrzmi7y,Male,Knowledge,Wisdom,Ambition,Wit,Curiosity,3,3,3,,
Character,MTK,Moon,1,North America,GIN,Moon Trainer,"KEY's brain is in overdrive all the time, but never burns out! There's always a light on at home with this trainer. Just try to keep up with his banter. He won't stop till he has learned all there is to know about this universe!",,42,KEY,Waxing Gibbous,https://ipfs.tothemoon.net/ipfs/bafkreig5q73jjwol5iamqx6b3hea2tgwxs46rffiweraeeiokqkycbpggm,Male,Knowledge,Wisdom,Ambition,Wit,Curiosity,2,3,3,,
Character,MTK,Moon,1,Europe,GIN,Moon Trainer,"KEY's brain is in overdrive all the time, but never burns out! There's always a light on at home with this trainer. Just try to keep up with his banter. He won't stop till he has learned all there is to know about this universe!",,50,KEY,Waxing Gibbous,https://ipfs.tothemoon.net/ipfs/bafkreic7dkbuis3oejrulv44fkpdvfmqj6v4mqq7itw5mvyuwu5rlgwq7e,Male,Knowledge,Wisdom,Ambition,Wit,Curiosity,3,3,3,,
Character,MTK,Moon,1,Africa,GIN,Moon Trainer,"KEY's brain is in overdrive all the time, but never burns out! There's always a light on at home with this trainer. Just try to keep up with his banter. He won't stop till he has learned all there is to know about this universe!",,80,KEY,Waxing Gibbous,https://ipfs.tothemoon.net/ipfs/bafkreialerjjkqkl7avfzc4rprucskxedceompg4a4kkkaptpjvq4wnrne,Male,Knowledge,Wisdom,Ambition,Wit,Curiosity,1,3,3,,
Character,MTK,Moon,1,Europe,GIN,Moon Trainer,"KEY's brain is in overdrive all the time, but never burns out! There's always a light on at home with this trainer. Just try to keep up with his banter. He won't stop till he has learned all there is to know about this universe!",,65,KEY,Waxing Gibbous,https://ipfs.tothemoon.net/ipfs/bafkreibe52mugdq2bp352n5czgxifmhm5ehgybaixdbisg6qdimv2y7qle,Male,Knowledge,Wisdom,Ambition,Wit,Curiosity,1,1,1,,
Character,MTK,Moon,1,South America,GIN,Moon Trainer,"KEY's brain is in overdrive all the time, but never burns out! There's always a light on at home with this trainer. Just try to keep up with his banter. He won't stop till he has learned all there is to know about this universe!",,81,KEY,Waxing Gibbous,https://ipfs.tothemoon.net/ipfs/bafkreihmtjt6pc6i744lv2pjgurpk6g3bmijtz36hfgw5ovqutrfnalyze,Male,Knowledge,Wisdom,Ambition,Wit,Curiosity,1,2,2,,
Character,MTK,Moon,1,South America,GIN,Moon Trainer,"KEY's brain is in overdrive all the time, but never burns out! There's always a light on at home with this trainer. Just try to keep up with his banter. He won't stop till he has learned all there is to know about this universe!",,95,KEY,Waxing Gibbous,https://ipfs.tothemoon.net/ipfs/bafkreihtumalpquvlmr3nafwp6hasyjh6sqv2narqd2cbdvkw6dsql7fv4,Male,Knowledge,Wisdom,Ambition,Wit,Curiosity,3,3,3,,
Character,MTK,Moon,1,Australia,GIN,Moon Trainer,"KEY's brain is in overdrive all the time, but never burns out! There's always a light on at home with this trainer. Just try to keep up with his banter. He won't stop till he has learned all there is to know about this universe!",,98,KEY,Waxing Gibbous,https://ipfs.tothemoon.net/ipfs/bafkreia5o4d3xodzjtaqxa4phtgvkmxx225fujbrzrxo3fgz4e6mlqzrwe,Male,Knowledge,Wisdom,Ambition,Wit,Curiosity,1,1,2,,
Character,MTK,Moon,1,Africa,GIN,Moon Trainer,"KEY's brain is in overdrive all the time, but never burns out! There's always a light on at home with this trainer. Just try to keep up with his banter. He won't stop till he has learned all there is to know about this universe!",,72,KEY,Waxing Gibbous,https://ipfs.tothemoon.net/ipfs/bafkreie5yef4upnhf23emnt6rgccnhrrm57oaovksvi3l4v53dze4fijca,Male,Knowledge,Wisdom,Ambition,Wit,Curiosity,1,1,1,,
Character,MTK,Moon,1,Europe,GIN,Moon Trainer,"KEY's brain is in overdrive all the time, but never burns out! There's always a light on at home with this trainer. Just try to keep up with his banter. He won't stop till he has learned all there is to know about this universe!",,58,KEY,Waxing Gibbous,https://ipfs.tothemoon.net/ipfs/bafkreihbnwzmflh6cof3ykqjpmqp45wcu7rtbmdyzp5vzj5ty5tzkfayo4,Male,Knowledge,Wisdom,Ambition,Wit,Curiosity,3,2,3,,
Character,MTK,Moon,1,Europe,GIN,Moon Trainer,"KEY's brain is in overdrive all the time, but never burns out! There's always a light on at home with this trainer. Just try to keep up with his banter. He won't stop till he has learned all there is to know about this universe!",,51,KEY,Waxing Gibbous,https://ipfs.tothemoon.net/ipfs/bafkreihgjnfhy5ir467w2hnilwki5kubazyyekk5txtuehwbzdukk6g4k4,Male,Knowledge,Wisdom,Ambition,Wit,Curiosity,3,3,2,,
Character,MTK,Moon,1,Asia,GIN,Moon Trainer,"KEY's brain is in overdrive all the time, but never burns out! There's always a light on at home with this trainer. Just try to keep up with his banter. He won't stop till he has learned all there is to know about this universe!",,18,KEY,Waxing Gibbous,https://ipfs.tothemoon.net/ipfs/bafkreigd6xxfppovqia3p4453tjbet6em2ergzcveizecigedjq3bigniu,Male,Knowledge,Wisdom,Ambition,Wit,Curiosity,2,3,1,,
Character,MTK,Moon,1,North America,GIN,Moon Trainer,"KEY's brain is in overdrive all the time, but never burns out! There's always a light on at home with this trainer. Just try to keep up with his banter. He won't stop till he has learned all there is to know about this universe!",,43,KEY,Waxing Gibbous,https://ipfs.tothemoon.net/ipfs/bafkreiec6yaoisxbbzmftxp765mr4evchjwfrb2zn3v7i7cyf446p4d6xu,Male,Knowledge,Wisdom,Ambition,Wit,Curiosity,3,2,2,,
Character,MTK,Moon,1,Asia,GIN,Moon Trainer,"KEY's brain is in overdrive all the time, but never burns out! There's always a light on at home with this trainer. Just try to keep up with his banter. He won't stop till he has learned all there is to know about this universe!",,21,KEY,Waxing Gibbous,https://ipfs.tothemoon.net/ipfs/bafkreifm6qizxfvre2yqpueqp6paus5v2idnmcjdse53vm3os6dnvy7nfu,Male,Knowledge,Wisdom,Ambition,Wit,Curiosity,3,2,3,,
Character,MTK,Moon,1,Europe,GIN,Moon Trainer,"KEY's brain is in overdrive all the time, but never burns out! There's always a light on at home with this trainer. Just try to keep up with his banter. He won't stop till he has learned all there is to know about this universe!",,64,KEY,Waxing Gibbous,https://ipfs.tothemoon.net/ipfs/bafkreihk2cceaa5xdbvze2lhqk46d3mzdpibe6ojfbyzn6iusk7n434wem,Male,Knowledge,Wisdom,Ambition,Wit,Curiosity,1,2,3,,
Character,MTK,Moon,1,South America,GIN,Moon Trainer,"KEY's brain is in overdrive all the time, but never burns out! There's always a light on at home with this trainer. Just try to keep up with his banter. He won't stop till he has learned all there is to know about this universe!",,93,KEY,Waxing Gibbous,https://ipfs.tothemoon.net/ipfs/bafkreifda3g45obmvqxepy3sictahxnlhpxnexesc5tzqfvpuajzqmdova,Male,Knowledge,Wisdom,Ambition,Wit,Curiosity,2,3,2,,
Character,MTU,Moon,1,North America,GIN,Moon Trainer,"Confident and ready to run the day, UZI is a smooth talker who likes to win. He knows that with a sunny outlook and suave way, nothing is impossible. Look out!",,42,UZI,Waxing Gibbous,https://ipfs.tothemoon.net/ipfs/bafkreici56plkhr77n3gf6oys4m2h65dekosobbcdal6vaxhztatbtreoi,Male,Courage,Talent,Optimism,Charm,Charisma,2,3,3,,
Character,MTU,Moon,1,North America,GIN,Moon Trainer,"Confident and ready to run the day, UZI is a smooth talker who likes to win. He knows that with a sunny outlook and suave way, nothing is impossible. Look out!",,43,UZI,Waxing Gibbous,https://ipfs.tothemoon.net/ipfs/bafkreibzp35vkxb2cviorlizqj4ia5lnkqlutmpheotfxgbmzgw4i7uiu4,Male,Courage,Talent,Optimism,Charm,Charisma,3,2,2,,
Character,MTU,Moon,1,North America,GIN,Moon Trainer,"Confident and ready to run the day, UZI is a smooth talker who likes to win. He knows that with a sunny outlook and suave way, nothing is impossible. Look out!",,36,UZI,Waxing Gibbous,https://ipfs.tothemoon.net/ipfs/bafkreibjwmkkgdqzgx7jl3iyk2fnlxjrghj5ryesauccprr5qiaxa4bdxa,Male,Courage,Talent,Optimism,Charm,Charisma,1,3,1,,
Character,MTU,Moon,1,Africa,GIN,Moon Trainer,"Confident and ready to run the day, UZI is a smooth talker who likes to win. He knows that with a sunny outlook and suave way, nothing is impossible. Look out!",,77,UZI,Waxing Gibbous,https://ipfs.tothemoon.net/ipfs/bafkreifvfez4orwdarirajtb7oqyzusg7g6fapcymaabh42fpxbl4kub5q,Male,Courage,Talent,Optimism,Charm,Charisma,2,1,3,,
Character,MTU,Moon,1,Australia,GIN,Moon Trainer,"Confident and ready to run the day, UZI is a smooth talker who likes to win. He knows that with a sunny outlook and suave way, nothing is impossible. Look out!",,96,UZI,Waxing Gibbous,https://ipfs.tothemoon.net/ipfs/bafkreifxtgqiuifqxdltbhtkv5isnwdt7d4r3h4ptbgvdhz5h3zfzlzqzu,Male,Courage,Talent,Optimism,Charm,Charisma,1,2,1,,
Character,MTU,Moon,1,Europe,GIN,Moon Trainer,"Confident and ready to run the day, UZI is a smooth talker who likes to win. He knows that with a sunny outlook and suave way, nothing is impossible. Look out!",,64,UZI,Waxing Gibbous,https://ipfs.tothemoon.net/ipfs/bafkreicdn35n46cxrbxbrrardjqunn4owbtxbhk55owzd2palzoflhgk5y,Male,Courage,Talent,Optimism,Charm,Charisma,1,2,3,,
Character,MTU,Moon,1,North America,GIN,Moon Trainer,"Confident and ready to run the day, UZI is a smooth talker who likes to win. He knows that with a sunny outlook and suave way, nothing is impossible. Look out!",,31,UZI,Waxing Gibbous,https://ipfs.tothemoon.net/ipfs/bafkreihk2cecasjtjcvhy5fjojpf5rjtwuicgoxa7qkmpu7bbsriwvg5da,Male,Courage,Talent,Optimism,Charm,Charisma,2,3,3,,
Character,MTU,Moon,1,North America,GIN,Moon Trainer,"Confident and ready to run the day, UZI is a smooth talker who likes to win. He knows that with a sunny outlook and suave way, nothing is impossible. Look out!",,37,UZI,Waxing Gibbous,https://ipfs.tothemoon.net/ipfs/bafkreidnacr6fz2kjpxxlf6kzncyjubs23keaxbg4lnzn74oe4wivzrgbi,Male,Courage,Talent,Optimism,Charm,Charisma,3,1,1,,
Character,MTU,Moon,1,Europe,GIN,Moon Trainer,"Confident and ready to run the day, UZI is a smooth talker who likes to win. He knows that with a sunny outlook and suave way, nothing is impossible. Look out!",,51,UZI,Waxing Gibbous,https://ipfs.tothemoon.net/ipfs/bafkreiamnqh6rcgcpfgvmje3qlifaquop232a5krtr3w55lheo53l565n4,Male,Courage,Talent,Optimism,Charm,Charisma,3,3,2,,
Character,MTU,Moon,1,Europe,GIN,Moon Trainer,"Confident and ready to run the day, UZI is a smooth talker who likes to win. He knows that with a sunny outlook and suave way, nothing is impossible. Look out!",,58,UZI,Waxing Gibbous,https://ipfs.tothemoon.net/ipfs/bafkreia7u5i42rujkybdmwqneh4e7adpjjllszudnuuajp3inacvetqsl4,Male,Courage,Talent,Optimism,Charm,Charisma,3,2,3,,
Character,MTU,Moon,1,Europe,GIN,Moon Trainer,"Confident and ready to run the day, UZI is a smooth talker who likes to win. He knows that with a sunny outlook and suave way, nothing is impossible. Look out!",,59,UZI,Waxing Gibbous,https://ipfs.tothemoon.net/ipfs/bafkreibvnvfdetqvjlntrtbiz3wi2y76ppm7kt6eouggpu7gydx3kfxdt4,Male,Courage,Talent,Optimism,Charm,Charisma,2,1,1,,
Character,MTU,Moon,1,South America,GIN,Moon Trainer,"Confident and ready to run the day, UZI is a smooth talker who likes to win. He knows that with a sunny outlook and suave way, nothing is impossible. Look out!",,92,UZI,Waxing Gibbous,https://ipfs.tothemoon.net/ipfs/bafkreihz7p7kiqgrv2mv476fqdrrpjjmrmskvz4unv6yvrjmrwekc6kydm,Male,Courage,Talent,Optimism,Charm,Charisma,1,3,2,,
Character,MTU,Moon,1,Australia,GIN,Moon Trainer,"Confident and ready to run the day, UZI is a smooth talker who likes to win. He knows that with a sunny outlook and suave way, nothing is impossible. Look out!",,99,UZI,Waxing Gibbous,https://ipfs.tothemoon.net/ipfs/bafkreig2ebaisp6ddhqthigm34emjygndtr353salcv5vfrmlflu2zo77m,Male,Courage,Talent,Optimism,Charm,Charisma,2,2,1,,
Character,MTU,Moon,1,Asia,GIN,Moon Trainer,"Confident and ready to run the day, UZI is a smooth talker who likes to win. He knows that with a sunny outlook and suave way, nothing is impossible. Look out!",,12,UZI,Waxing Gibbous,https://ipfs.tothemoon.net/ipfs/bafkreidpqtrurhuqitdekclwwuwvf7idpq3xmalfzmeoubnz2f6eze3nv4,Male,Courage,Talent,Optimism,Charm,Charisma,3,3,3,,
Character,MTU,Moon,1,South America,GIN,Moon Trainer,"Confident and ready to run the day, UZI is a smooth talker who likes to win. He knows that with a sunny outlook and suave way, nothing is impossible. Look out!",,91,UZI,Waxing Gibbous,https://ipfs.tothemoon.net/ipfs/bafkreifvoohmz2sdt3boqanzuczr4zjluugyxbwwnylnft2yrrbqluxs7m,Male,Courage,Talent,Optimism,Charm,Charisma,3,1,3,,
Character,MTU,Moon,1,Asia,GIN,Moon Trainer,"Confident and ready to run the day, UZI is a smooth talker who likes to win. He knows that with a sunny outlook and suave way, nothing is impossible. Look out!",,13,UZI,Waxing Gibbous,https://ipfs.tothemoon.net/ipfs/bafkreihevjp7waqjl3xnpmyudyoxzl3r7t5hcf6mggwwljdpmnuqzyxw7a,Male,Courage,Talent,Optimism,Charm,Charisma,1,2,1,,
Character,MTU,Moon,1,Antarctica,GIN,Moon Trainer,"Confident and ready to run the day, UZI is a smooth talker who likes to win. He knows that with a sunny outlook and suave way, nothing is impossible. Look out!",,100,UZI,Waxing Gibbous,https://ipfs.tothemoon.net/ipfs/bafkreifq5spcgp5klamo7ln5gatctvxzr2irl4i3xmjv6nox63owg2qwy4,Male,Courage,Talent,Optimism,Charm,Charisma,3,3,1,,
Character,MTU,Moon,1,Europe,GIN,Moon Trainer,"Confident and ready to run the day, UZI is a smooth talker who likes to win. He knows that with a sunny outlook and suave way, nothing is impossible. Look out!",,52,UZI,Waxing Gibbous,https://ipfs.tothemoon.net/ipfs/bafkreicsgxbksq3hmbeagijhspbchct7l65umqtxz75hoozq7tgxamkl6i,Male,Courage,Talent,Optimism,Charm,Charisma,1,1,3,,
Character,MTU,Moon,1,Asia,GIN,Moon Trainer,"Confident and ready to run the day, UZI is a smooth talker who likes to win. He knows that with a sunny outlook and suave way, nothing is impossible. Look out!",,16,UZI,Waxing Gibbous,https://ipfs.tothemoon.net/ipfs/bafkreibkbxsrqgk7szw6e3elfzl47wvhsfjmnblkbtsybwmm6kbw6tzrti,Male,Courage,Talent,Optimism,Charm,Charisma,3,3,1,,
Character,MTU,Moon,1,Africa,GIN,Moon Trainer,"Confident and ready to run the day, UZI is a smooth talker who likes to win. He knows that with a sunny outlook and suave way, nothing is impossible. Look out!",,79,UZI,Waxing Gibbous,https://ipfs.tothemoon.net/ipfs/bafkreigtrpmjcs2la6gxciuzkttgnfbxhllsznjcj2uqkrn6zrdybfs6iq,Male,Courage,Talent,Optimism,Charm,Charisma,3,3,3,,
Character,MTU,Moon,1,North America,GIN,Moon Trainer,"Confident and ready to run the day, UZI is a smooth talker who likes to win. He knows that with a sunny outlook and suave way, nothing is impossible. Look out!",,27,UZI,Waxing Gibbous,https://ipfs.tothemoon.net/ipfs/bafkreih3qhdf4drdjc2f3wbmpab4alahway4ae3k4yegwmu22ixpc74jha,Male,Courage,Talent,Optimism,Charm,Charisma,1,2,2,,
Character,MTU,Moon,1,Europe,GIN,Moon Trainer,"Confident and ready to run the day, UZI is a smooth talker who likes to win. He knows that with a sunny outlook and suave way, nothing is impossible. Look out!",,56,UZI,Waxing Gibbous,https://ipfs.tothemoon.net/ipfs/bafkreieax4qzys7c4sqoezmasss2uojacuiwuasxwz7grm6ikarnjl5nmq,Male,Courage,Talent,Optimism,Charm,Charisma,2,3,2,,
Character,MTU,Moon,1,Africa,GIN,Moon Trainer,"Confident and ready to run the day, UZI is a smooth talker who likes to win. He knows that with a sunny outlook and suave way, nothing is impossible. Look out!",,73,UZI,Waxing Gibbous,https://ipfs.tothemoon.net/ipfs/bafkreign2hob5ax3cnbzhbjeoyvvfljdebw3luxsb34vp7mvju5wr3jndq,Male,Courage,Talent,Optimism,Charm,Charisma,2,1,1,,
Character,MTU,Moon,1,Europe,GIN,Moon Trainer,"Confident and ready to run the day, UZI is a smooth talker who likes to win. He knows that with a sunny outlook and suave way, nothing is impossible. Look out!",,49,UZI,Waxing Gibbous,https://ipfs.tothemoon.net/ipfs/bafkreicdpnutw7ixxzxhqirbshqhyo7j7hr4ihy25z6h37nlaq4idnqw3y,Male,Courage,Talent,Optimism,Charm,Charisma,3,2,1,,
Character,MTU,Moon,1,Africa,GIN,Moon Trainer,"Confident and ready to run the day, UZI is a smooth talker who likes to win. He knows that with a sunny outlook and suave way, nothing is impossible. Look out!",,74,UZI,Waxing Gibbous,https://ipfs.tothemoon.net/ipfs/bafkreiadlawjwvusa5l3tnojatvkeuz42hd4tnfumn37lzlvkmbulon6yu,Male,Courage,Talent,Optimism,Charm,Charisma,3,1,2,,
Character,MTU,Moon,1,Europe,GIN,Moon Trainer,"Confident and ready to run the day, UZI is a smooth talker who likes to win. He knows that with a sunny outlook and suave way, nothing is impossible. Look out!",,47,UZI,Waxing Gibbous,https://ipfs.tothemoon.net/ipfs/bafkreidsdo2j32eub76kav4zqhbuwtd73gatufsrptepkw7dwf4dhvrqyu,Male,Courage,Talent,Optimism,Charm,Charisma,3,1,1,,
Character,MTU,Moon,1,North America,GIN,Moon Trainer,"Confident and ready to run the day, UZI is a smooth talker who likes to win. He knows that with a sunny outlook and suave way, nothing is impossible. Look out!",,35,UZI,Waxing Gibbous,https://ipfs.tothemoon.net/ipfs/bafkreidhdv3y4mzynuy4wf4gyt27mp6okgjehftlbut36x2zfvinqfl5iq,Male,Courage,Talent,Optimism,Charm,Charisma,1,1,3,,
Character,MTU,Moon,1,Africa,GIN,Moon Trainer,"Confident and ready to run the day, UZI is a smooth talker who likes to win. He knows that with a sunny outlook and suave way, nothing is impossible. Look out!",,69,UZI,Waxing Gibbous,https://ipfs.tothemoon.net/ipfs/bafkreieoeegmhgfskdwmjxrhdptbja3brrlf64tjrboriypny6cexerd7u,Male,Courage,Talent,Optimism,Charm,Charisma,2,2,2,,
Character,MTU,Moon,1,South America,GIN,Moon Trainer,"Confident and ready to run the day, UZI is a smooth talker who likes to win. He knows that with a sunny outlook and suave way, nothing is impossible. Look out!",,82,UZI,Waxing Gibbous,https://ipfs.tothemoon.net/ipfs/bafkreialhjtjut4bu6cxt6qn7tdfb4r2g2haxsj3m5i3fcsq4yyj5q6mbq,Male,Courage,Talent,Optimism,Charm,Charisma,3,1,1,,
Character,MTU,Moon,1,Europe,GIN,Moon Trainer,"Confident and ready to run the day, UZI is a smooth talker who likes to win. He knows that with a sunny outlook and suave way, nothing is impossible. Look out!",,65,UZI,Waxing Gibbous,https://ipfs.tothemoon.net/ipfs/bafkreidkkcrpi5qxxy5ji3mpduyey7rjg5e4s4uud2gnrktrkyanhhhtzi,Male,Courage,Talent,Optimism,Charm,Charisma,1,1,1,,
Character,MTU,Moon,1,North America,GIN,Moon Trainer,"Confident and ready to run the day, UZI is a smooth talker who likes to win. He knows that with a sunny outlook and suave way, nothing is impossible. Look out!",,32,UZI,Waxing Gibbous,https://ipfs.tothemoon.net/ipfs/bafkreihfcsuhwovvr7v76t4tkyzltctpha73s652krx5sraet2zu5fulkq,Male,Courage,Talent,Optimism,Charm,Charisma,2,1,2,,
Character,MTU,Moon,1,Africa,GIN,Moon Trainer,"Confident and ready to run the day, UZI is a smooth talker who likes to win. He knows that with a sunny outlook and suave way, nothing is impossible. Look out!",,71,UZI,Waxing Gibbous,https://ipfs.tothemoon.net/ipfs/bafkreiacsligjsh54sh5wf6xynsi4vcvsjrcl35b6nilefvfxkjk37uhoq,Male,Courage,Talent,Optimism,Charm,Charisma,1,3,2,,
Character,MTU,Moon,1,Asia,GIN,Moon Trainer,"Confident and ready to run the day, UZI is a smooth talker who likes to win. He knows that with a sunny outlook and suave way, nothing is impossible. Look out!",,20,UZI,Waxing Gibbous,https://ipfs.tothemoon.net/ipfs/bafkreih2ypbfohhzocplspssju5hgjeeprkqschuqh64awso5ugizatnwe,Male,Courage,Talent,Optimism,Charm,Charisma,1,2,3,,
Character,MTU,Moon,1,Europe,GIN,Moon Trainer,"Confident and ready to run the day, UZI is a smooth talker who likes to win. He knows that with a sunny outlook and suave way, nothing is impossible. Look out!",,48,UZI,Waxing Gibbous,https://ipfs.tothemoon.net/ipfs/bafkreib4imx55d4mpqpz53n33qcdd3c6klnf4bwpp46twyr7lv6x2mlymi,Male,Courage,Talent,Optimism,Charm,Charisma,3,2,2,,
Character,MTU,Moon,1,Asia,GIN,Moon Trainer,"Confident and ready to run the day, UZI is a smooth talker who likes to win. He knows that with a sunny outlook and suave way, nothing is impossible. Look out!",,9,UZI,Waxing Gibbous,https://ipfs.tothemoon.net/ipfs/bafkreifvi4smb5h4kjwlv7g5fi2s6paf5nu44it73lckwxfabamqgv4bim,Male,Courage,Talent,Optimism,Charm,Charisma,2,2,1,,
Character,MTU,Moon,1,South America,GIN,Moon Trainer,"Confident and ready to run the day, UZI is a smooth talker who likes to win. He knows that with a sunny outlook and suave way, nothing is impossible. Look out!",,88,UZI,Waxing Gibbous,https://ipfs.tothemoon.net/ipfs/bafkreia5mqpllusanuasmf7nhxt7sb2iqh4qdqleh7fp3pg4eaxr7ai5ym,Male,Courage,Talent,Optimism,Charm,Charisma,1,2,3,,
Character,MTU,Moon,1,Asia,GIN,Moon Trainer,"Confident and ready to run the day, UZI is a smooth talker who likes to win. He knows that with a sunny outlook and suave way, nothing is impossible. Look out!",,21,UZI,Waxing Gibbous,https://ipfs.tothemoon.net/ipfs/bafkreidpgvyixxr4mmr4gbaim3yepznmacoefote3ovrtcz3siz6bo6afu,Male,Courage,Talent,Optimism,Charm,Charisma,3,2,3,,
Character,MTU,Moon,1,Africa,GIN,Moon Trainer,"Confident and ready to run the day, UZI is a smooth talker who likes to win. He knows that with a sunny outlook and suave way, nothing is impossible. Look out!",,80,UZI,Waxing Gibbous,https://ipfs.tothemoon.net/ipfs/bafkreic5bp4evvgmxjzhf6v5d72jh64p37h3nzdm3olu5qncs35gu77b6a,Male,Courage,Talent,Optimism,Charm,Charisma,1,3,3,,
Character,MTU,Moon,1,Asia,GIN,Moon Trainer,"Confident and ready to run the day, UZI is a smooth talker who likes to win. He knows that with a sunny outlook and suave way, nothing is impossible. Look out!",,25,UZI,Waxing Gibbous,https://ipfs.tothemoon.net/ipfs/bafkreic63g3tyig4tle3ilxxybig4tnckvb2xvrtx7bvndqkb57gudd26y,Male,Courage,Talent,Optimism,Charm,Charisma,1,3,3,,
Character,MTU,Moon,1,North America,GIN,Moon Trainer,"Confident and ready to run the day, UZI is a smooth talker who likes to win. He knows that with a sunny outlook and suave way, nothing is impossible. Look out!",,30,UZI,Waxing Gibbous,https://ipfs.tothemoon.net/ipfs/bafkreibxf6fret6ks47ch2tq6usw6bou6qbrrqbicmheu7mer2uxmzt6qu,Male,Courage,Talent,Optimism,Charm,Charisma,3,1,2,,
Character,MTU,Moon,1,Asia,GIN,Moon Trainer,"Confident and ready to run the day, UZI is a smooth talker who likes to win. He knows that with a sunny outlook and suave way, nothing is impossible. Look out!",,1,UZI,Waxing Gibbous,https://ipfs.tothemoon.net/ipfs/bafkreiapscvkywqdy3m6r4lsce6t6634pti4oexktzzmiwf2rea4giev6q,Male,Courage,Talent,Optimism,Charm,Charisma,1,1,2,,
Character,MTU,Moon,1,Africa,GIN,Moon Trainer,"Confident and ready to run the day, UZI is a smooth talker who likes to win. He knows that with a sunny outlook and suave way, nothing is impossible. Look out!",,76,UZI,Waxing Gibbous,https://ipfs.tothemoon.net/ipfs/bafkreidsaspslye3sfb5tpmz34n42w4nby5zcnfzgzxwgohqfiafzo2jyi,Male,Courage,Talent,Optimism,Charm,Charisma,2,1,2,,
Character,MTU,Moon,1,South America,GIN,Moon Trainer,"Confident and ready to run the day, UZI is a smooth talker who likes to win. He knows that with a sunny outlook and suave way, nothing is impossible. Look out!",,93,UZI,Waxing Gibbous,https://ipfs.tothemoon.net/ipfs/bafkreiehkpllip4wminbs6eoe5umi7o33zpio3dfmngjuhv35bvcgaocti,Male,Courage,Talent,Optimism,Charm,Charisma,2,3,2,,
Character,MTU,Moon,1,South America,GIN,Moon Trainer,"Confident and ready to run the day, UZI is a smooth talker who likes to win. He knows that with a sunny outlook and suave way, nothing is impossible. Look out!",,83,UZI,Waxing Gibbous,https://ipfs.tothemoon.net/ipfs/bafkreihctcaf3ai3gut3f24a3zrpcsglhoz5p5svoxom3xngqladanrxtm,Male,Courage,Talent,Optimism,Charm,Charisma,2,1,3,,
Character,MTU,Moon,1,Africa,GIN,Moon Trainer,"Confident and ready to run the day, UZI is a smooth talker who likes to win. He knows that with a sunny outlook and suave way, nothing is impossible. Look out!",,67,UZI,Waxing Gibbous,https://ipfs.tothemoon.net/ipfs/bafkreihcdby3fnndbm2uoudzucuapf6frzo6o62ythpa5j5eoph2avtofq,Male,Courage,Talent,Optimism,Charm,Charisma,3,1,1,,
Character,MTU,Moon,1,Africa,GIN,Moon Trainer,"Confident and ready to run the day, UZI is a smooth talker who likes to win. He knows that with a sunny outlook and suave way, nothing is impossible. Look out!",,78,UZI,Waxing Gibbous,https://ipfs.tothemoon.net/ipfs/bafkreibwswo7acxc2t57ygqmg2yuwrmn7z6z23agax74qgruobzrbjdv74,Male,Courage,Talent,Optimism,Charm,Charisma,2,1,3,,
Character,MTU,Moon,1,North America,GIN,Moon Trainer,"Confident and ready to run the day, UZI is a smooth talker who likes to win. He knows that with a sunny outlook and suave way, nothing is impossible. Look out!",,26,UZI,Waxing Gibbous,https://ipfs.tothemoon.net/ipfs/bafkreiepgxgnwnc7tdonhnu7w733mi5lma7ckmuim4uz5cqqlwrtbsreay,Male,Courage,Talent,Optimism,Charm,Charisma,1,2,3,,
Character,MTU,Moon,1,Europe,GIN,Moon Trainer,"Confident and ready to run the day, UZI is a smooth talker who likes to win. He knows that with a sunny outlook and suave way, nothing is impossible. Look out!",,57,UZI,Waxing Gibbous,https://ipfs.tothemoon.net/ipfs/bafkreielf2mbvwpmk64sklxbwqbdutagm2tiu63lxnjhs6qx6xlt5ve5vi,Male,Courage,Talent,Optimism,Charm,Charisma,2,3,3,,
Character,MTU,Moon,1,Australia,GIN,Moon Trainer,"Confident and ready to run the day, UZI is a smooth talker who likes to win. He knows that with a sunny outlook and suave way, nothing is impossible. Look out!",,97,UZI,Waxing Gibbous,https://ipfs.tothemoon.net/ipfs/bafkreif5wn5ikkruvpgizq5oirsvkr4goxno4v67tajwdmfy326ozjyl5a,Male,Courage,Talent,Optimism,Charm,Charisma,2,2,3,,
Character,MTU,Moon,1,Asia,GIN,Moon Trainer,"Confident and ready to run the day, UZI is a smooth talker who likes to win. He knows that with a sunny outlook and suave way, nothing is impossible. Look out!",,3,UZI,Waxing Gibbous,https://ipfs.tothemoon.net/ipfs/bafkreicxxnzjc26uofqhfp7foqfncb3enflrjedokntqsjwftecavjsfsa,Male,Courage,Talent,Optimism,Charm,Charisma,1,1,2,,
Character,MTU,Moon,1,Asia,GIN,Moon Trainer,"Confident and ready to run the day, UZI is a smooth talker who likes to win. He knows that with a sunny outlook and suave way, nothing is impossible. Look out!",,17,UZI,Waxing Gibbous,https://ipfs.tothemoon.net/ipfs/bafkreiatq5cktxnkqlqktqtilang4kgnrt6imxvmkekra7z6hauocercoa,Male,Courage,Talent,Optimism,Charm,Charisma,2,3,3,,
Character,MTU,Moon,1,Asia,GIN,Moon Trainer,"Confident and ready to run the day, UZI is a smooth talker who likes to win. He knows that with a sunny outlook and suave way, nothing is impossible. Look out!",,24,UZI,Waxing Gibbous,https://ipfs.tothemoon.net/ipfs/bafkreigala4wjjwmhyddkwtpwe6ksaipb6fzy2vs4b6k4cqvxbpamkelhq,Male,Courage,Talent,Optimism,Charm,Charisma,2,1,3,,
Character,MTU,Moon,1,Africa,GIN,Moon Trainer,"Confident and ready to run the day, UZI is a smooth talker who likes to win. He knows that with a sunny outlook and suave way, nothing is impossible. Look out!",,72,UZI,Waxing Gibbous,https://ipfs.tothemoon.net/ipfs/bafkreif5uqifbatsrrth7wgofuy66p3nmbhthzs3i4i4idvb4t35tbfnnq,Male,Courage,Talent,Optimism,Charm,Charisma,1,1,1,,
Character,MTU,Moon,1,Asia,GIN,Moon Trainer,"Confident and ready to run the day, UZI is a smooth talker who likes to win. He knows that with a sunny outlook and suave way, nothing is impossible. Look out!",,5,UZI,Waxing Gibbous,https://ipfs.tothemoon.net/ipfs/bafkreiezyjzshh5w6vltld5clkpsj5uefpw5sis3m7eqov7j6xujuc6oiu,Male,Courage,Talent,Optimism,Charm,Charisma,1,3,2,,
Character,MTU,Moon,1,Asia,GIN,Moon Trainer,"Confident and ready to run the day, UZI is a smooth talker who likes to win. He knows that with a sunny outlook and suave way, nothing is impossible. Look out!",,19,UZI,Waxing Gibbous,https://ipfs.tothemoon.net/ipfs/bafkreibdz4flej42r5s3f7qgmdkysfdsmwnzwjs527qlk2bfcblc7f4z6e,Male,Courage,Talent,Optimism,Charm,Charisma,3,2,3,,
Character,MTU,Moon,1,South America,GIN,Moon Trainer,"Confident and ready to run the day, UZI is a smooth talker who likes to win. He knows that with a sunny outlook and suave way, nothing is impossible. Look out!",,87,UZI,Waxing Gibbous,https://ipfs.tothemoon.net/ipfs/bafkreibulzw5hrz6ebsnxa64k4u76kkfiivbg64mod3zujuikszqhrv5ky,Male,Courage,Talent,Optimism,Charm,Charisma,2,2,2,,
Character,MTU,Moon,1,Asia,GIN,Moon Trainer,"Confident and ready to run the day, UZI is a smooth talker who likes to win. He knows that with a sunny outlook and suave way, nothing is impossible. Look out!",,2,UZI,Waxing Gibbous,https://ipfs.tothemoon.net/ipfs/bafkreifwhvxxmaz24yrbi7uzs5onh6a4jkzepgvpcus6dyngfxsuz5qycu,Male,Courage,Talent,Optimism,Charm,Charisma,1,3,2,,
Character,MTU,Moon,1,South America,GIN,Moon Trainer,"Confident and ready to run the day, UZI is a smooth talker who likes to win. He knows that with a sunny outlook and suave way, nothing is impossible. Look out!",,85,UZI,Waxing Gibbous,https://ipfs.tothemoon.net/ipfs/bafkreicqa3jdkbdptxcydx5cmwmpon6nkng6osaqgwsclqfwmryx73br2q,Male,Courage,Talent,Optimism,Charm,Charisma,1,1,1,,
Character,MTU,Moon,1,North America,GIN,Moon Trainer,"Confident and ready to run the day, UZI is a smooth talker who likes to win. He knows that with a sunny outlook and suave way, nothing is impossible. Look out!",,38,UZI,Waxing Gibbous,https://ipfs.tothemoon.net/ipfs/bafkreia45vimz5nmbo7zpkwatjel2nm2gtqff4xqjvss7bfgaoiilwmn6y,Male,Courage,Talent,Optimism,Charm,Charisma,1,1,1,,
Character,MTU,Moon,1,Africa,GIN,Moon Trainer,"Confident and ready to run the day, UZI is a smooth talker who likes to win. He knows that with a sunny outlook and suave way, nothing is impossible. Look out!",,68,UZI,Waxing Gibbous,https://ipfs.tothemoon.net/ipfs/bafkreicuwgqni2bqnjq6j62op22bnoge2h7mun6fhxnx6rqmfu5jqsefai,Male,Courage,Talent,Optimism,Charm,Charisma,2,3,1,,
Character,MTU,Moon,1,North America,GIN,Moon Trainer,"Confident and ready to run the day, UZI is a smooth talker who likes to win. He knows that with a sunny outlook and suave way, nothing is impossible. Look out!",,33,UZI,Waxing Gibbous,https://ipfs.tothemoon.net/ipfs/bafkreiaediklzsjbuu7isfyjeo7czx4heflqg6pda3fks7i4jxafllppaq,Male,Courage,Talent,Optimism,Charm,Charisma,3,3,3,,
Character,MTU,Moon,1,South America,GIN,Moon Trainer,"Confident and ready to run the day, UZI is a smooth talker who likes to win. He knows that with a sunny outlook and suave way, nothing is impossible. Look out!",,95,UZI,Waxing Gibbous,https://ipfs.tothemoon.net/ipfs/bafkreiaoezsms3c5soxrcluz2sqex5mrkysd4jkpg5xzppuzy3lfeu7ahu,Male,Courage,Talent,Optimism,Charm,Charisma,3,3,3,,
Character,MTU,Moon,1,Australia,GIN,Moon Trainer,"Confident and ready to run the day, UZI is a smooth talker who likes to win. He knows that with a sunny outlook and suave way, nothing is impossible. Look out!",,98,UZI,Waxing Gibbous,https://ipfs.tothemoon.net/ipfs/bafkreiauglaltuluuydn7pyhkdljygdrgf57fgmllp7woh3nsvixczhsv4,Male,Courage,Talent,Optimism,Charm,Charisma,1,1,2,,
Character,MTU,Moon,1,North America,GIN,Moon Trainer,"Confident and ready to run the day, UZI is a smooth talker who likes to win. He knows that with a sunny outlook and suave way, nothing is impossible. Look out!",,45,UZI,Waxing Gibbous,https://ipfs.tothemoon.net/ipfs/bafkreibfbqoet4tg2c4vgbxh6gqkgm3qjf5r7i4ningtf4inayi5xcoiba,Male,Courage,Talent,Optimism,Charm,Charisma,2,2,2,,
Character,MTU,Moon,1,Asia,GIN,Moon Trainer,"Confident and ready to run the day, UZI is a smooth talker who likes to win. He knows that with a sunny outlook and suave way, nothing is impossible. Look out!",,18,UZI,Waxing Gibbous,https://ipfs.tothemoon.net/ipfs/bafkreidpaobg253g4ewm5gfietubiecz4hj7qkprdwo6br5r4ugeqikx74,Male,Courage,Talent,Optimism,Charm,Charisma,2,3,1,,
Character,MTU,Moon,1,North America,GIN,Moon Trainer,"Confident and ready to run the day, UZI is a smooth talker who likes to win. He knows that with a sunny outlook and suave way, nothing is impossible. Look out!",,29,UZI,Waxing Gibbous,https://ipfs.tothemoon.net/ipfs/bafkreihpnphcrnmwplhlmomszrn772sqets73hsb5flkwdt4nteumso2ji,Male,Courage,Talent,Optimism,Charm,Charisma,2,1,2,,
Character,MTU,Moon,1,Africa,GIN,Moon Trainer,"Confident and ready to run the day, UZI is a smooth talker who likes to win. He knows that with a sunny outlook and suave way, nothing is impossible. Look out!",,75,UZI,Waxing Gibbous,https://ipfs.tothemoon.net/ipfs/bafkreidsby72wppn3sb52wkzrc3wa7pgb4fjuhkefelvgdhenhrcrnb2ni,Male,Courage,Talent,Optimism,Charm,Charisma,2,3,2,,
Character,MTU,Moon,1,Europe,GIN,Moon Trainer,"Confident and ready to run the day, UZI is a smooth talker who likes to win. He knows that with a sunny outlook and suave way, nothing is impossible. Look out!",,60,UZI,Waxing Gibbous,https://ipfs.tothemoon.net/ipfs/bafkreigstcwh7rehdnmf6wm5v6c4j55vp326zow3s4ma6kw3uerz2h6s7q,Male,Courage,Talent,Optimism,Charm,Charisma,2,3,1,,
Character,MTU,Moon,1,North America,GIN,Moon Trainer,"Confident and ready to run the day, UZI is a smooth talker who likes to win. He knows that with a sunny outlook and suave way, nothing is impossible. Look out!",,40,UZI,Waxing Gibbous,https://ipfs.tothemoon.net/ipfs/bafkreiavs4ok7ifwjkl7ppa6abcrel32hx2lroct235e5i62ydajb6ydlu,Male,Courage,Talent,Optimism,Charm,Charisma,3,2,2,,
Character,MTU,Moon,1,Europe,GIN,Moon Trainer,"Confident and ready to run the day, UZI is a smooth talker who likes to win. He knows that with a sunny outlook and suave way, nothing is impossible. Look out!",,62,UZI,Waxing Gibbous,https://ipfs.tothemoon.net/ipfs/bafkreidhkntcfkuttoypipidf2idi2u7dun7wawb2d3tmxu77ydewjpwg4,Male,Courage,Talent,Optimism,Charm,Charisma,2,3,2,,
Character,MTU,Moon,1,Asia,GIN,Moon Trainer,"Confident and ready to run the day, UZI is a smooth talker who likes to win. He knows that with a sunny outlook and suave way, nothing is impossible. Look out!",,14,UZI,Waxing Gibbous,https://ipfs.tothemoon.net/ipfs/bafkreifyefcqvm4jhnckbswg44czw3hnapllmijxcwwz7h4um6w5hnpxd4,Male,Courage,Talent,Optimism,Charm,Charisma,1,1,3,,
Character,MTU,Moon,1,Europe,GIN,Moon Trainer,"Confident and ready to run the day, UZI is a smooth talker who likes to win. He knows that with a sunny outlook and suave way, nothing is impossible. Look out!",,61,UZI,Waxing Gibbous,https://ipfs.tothemoon.net/ipfs/bafkreic62erwb5prtr3wqkuowulyipjrvdvg7djo66w7c57wd77aua5lki,Male,Courage,Talent,Optimism,Charm,Charisma,1,2,2,,
Character,MTU,Moon,1,South America,GIN,Moon Trainer,"Confident and ready to run the day, UZI is a smooth talker who likes to win. He knows that with a sunny outlook and suave way, nothing is impossible. Look out!",,94,UZI,Waxing Gibbous,https://ipfs.tothemoon.net/ipfs/bafkreid3e2ytfofewj2apnp2leuqjr3lzqxoquh4zxrsec636zifm3nbju,Male,Courage,Talent,Optimism,Charm,Charisma,2,1,1,,
Character,MTU,Moon,1,Asia,GIN,Moon Trainer,"Confident and ready to run the day, UZI is a smooth talker who likes to win. He knows that with a sunny outlook and suave way, nothing is impossible. Look out!",,7,UZI,Waxing Gibbous,https://ipfs.tothemoon.net/ipfs/bafkreifstt4jqkv2wathz3x3gxbmc2r6bgm2fz26mhgrrmzpczipioh7lm,Male,Courage,Talent,Optimism,Charm,Charisma,2,2,3,,
Character,MTU,Moon,1,Asia,GIN,Moon Trainer,"Confident and ready to run the day, UZI is a smooth talker who likes to win. He knows that with a sunny outlook and suave way, nothing is impossible. Look out!",,11,UZI,Waxing Gibbous,https://ipfs.tothemoon.net/ipfs/bafkreid4c4zrxnjlyjvmw4m3uvoorefr6jnf3gax3qebviu4qk5gccdmva,Male,Courage,Talent,Optimism,Charm,Charisma,3,3,2,,
Character,MTU,Moon,1,Europe,GIN,Moon Trainer,"Confident and ready to run the day, UZI is a smooth talker who likes to win. He knows that with a sunny outlook and suave way, nothing is impossible. Look out!",,46,UZI,Waxing Gibbous,https://ipfs.tothemoon.net/ipfs/bafkreic3e7spj6nb4mp6tcc2igj2erpautbjcvlgiqjfxtc3nzkmnnqxea,Male,Courage,Talent,Optimism,Charm,Charisma,3,1,3,,
Character,MTU,Moon,1,South America,GIN,Moon Trainer,"Confident and ready to run the day, UZI is a smooth talker who likes to win. He knows that with a sunny outlook and suave way, nothing is impossible. Look out!",,81,UZI,Waxing Gibbous,https://ipfs.tothemoon.net/ipfs/bafkreifpt4wtwvis6l6kxoyoexh5eyey3zyts7xy6w4rhwpsoxjswxjlcm,Male,Courage,Talent,Optimism,Charm,Charisma,1,2,2,,
Character,MTU,Moon,1,Asia,GIN,Moon Trainer,"Confident and ready to run the day, UZI is a smooth talker who likes to win. He knows that with a sunny outlook and suave way, nothing is impossible. Look out!",,23,UZI,Waxing Gibbous,https://ipfs.tothemoon.net/ipfs/bafkreiasbne66ndplt37r3nbvkcebcre2kzpufkpwcvpxe5x6c7bzloc5e,Male,Courage,Talent,Optimism,Charm,Charisma,1,3,3,,
Character,MTU,Moon,1,Europe,GIN,Moon Trainer,"Confident and ready to run the day, UZI is a smooth talker who likes to win. He knows that with a sunny outlook and suave way, nothing is impossible. Look out!",,53,UZI,Waxing Gibbous,https://ipfs.tothemoon.net/ipfs/bafkreicorb4d2rfx5gw6sc5pah3fpfpfztgzimxhvi3psv5qeymvwlyzm4,Male,Courage,Talent,Optimism,Charm,Charisma,2,2,1,,
Character,MTU,Moon,1,Asia,GIN,Moon Trainer,"Confident and ready to run the day, UZI is a smooth talker who likes to win. He knows that with a sunny outlook and suave way, nothing is impossible. Look out!",,15,UZI,Waxing Gibbous,https://ipfs.tothemoon.net/ipfs/bafkreidoylvnu4tj2wlxsyual3xjuedl6ddqhvcfgxuvbwafvz64gsfpom,Male,Courage,Talent,Optimism,Charm,Charisma,1,2,2,,
Character,MTU,Moon,1,Asia,GIN,Moon Trainer,"Confident and ready to run the day, UZI is a smooth talker who likes to win. He knows that with a sunny outlook and suave way, nothing is impossible. Look out!",,8,UZI,Waxing Gibbous,https://ipfs.tothemoon.net/ipfs/bafkreih6roh6wnzbbiycft5s5kxbgrrwuc33evrx26mudr45pfrd4wkmju,Male,Courage,Talent,Optimism,Charm,Charisma,1,3,1,,
Character,MTU,Moon,1,South America,GIN,Moon Trainer,"Confident and ready to run the day, UZI is a smooth talker who likes to win. He knows that with a sunny outlook and suave way, nothing is impossible. Look out!",,84,UZI,Waxing Gibbous,https://ipfs.tothemoon.net/ipfs/bafkreifr56xwvrnigqfrjuiek4gjgsrigq7p2rgssx74s2ohlxvp2bavui,Male,Courage,Talent,Optimism,Charm,Charisma,1,2,1,,
Character,MTU,Moon,1,North America,GIN,Moon Trainer,"Confident and ready to run the day, UZI is a smooth talker who likes to win. He knows that with a sunny outlook and suave way, nothing is impossible. Look out!",,28,UZI,Waxing Gibbous,https://ipfs.tothemoon.net/ipfs/bafkreigedl4yg2ihnrxwh4ddl7ghhg5aouqa4htecg7u6zprzcl3muj76m,Male,Courage,Talent,Optimism,Charm,Charisma,2,2,3,,
Character,MTU,Moon,1,Asia,GIN,Moon Trainer,"Confident and ready to run the day, UZI is a smooth talker who likes to win. He knows that with a sunny outlook and suave way, nothing is impossible. Look out!",,22,UZI,Waxing Gibbous,https://ipfs.tothemoon.net/ipfs/bafkreidn67mx5d3j6aqafnpb6eirxutfcicxvdsd4zrkxcbv4wo5ilk2wu,Male,Courage,Talent,Optimism,Charm,Charisma,1,3,3,,
Character,MTU,Moon,1,Africa,GIN,Moon Trainer,"Confident and ready to run the day, UZI is a smooth talker who likes to win. He knows that with a sunny outlook and suave way, nothing is impossible. Look out!",,66,UZI,Waxing Gibbous,https://ipfs.tothemoon.net/ipfs/bafkreibichp5veq62p4oslvseqszfqr3hpdm4xmpmgaueswsf7xyfcgkli,Male,Courage,Talent,Optimism,Charm,Charisma,3,3,1,,
Character,MTU,Moon,1,Europe,GIN,Moon Trainer,"Confident and ready to run the day, UZI is a smooth talker who likes to win. He knows that with a sunny outlook and suave way, nothing is impossible. Look out!",,50,UZI,Waxing Gibbous,https://ipfs.tothemoon.net/ipfs/bafkreibiveupyoyekcol46vus4zydsajqjs4bznofnrsjoklysd35ifu54,Male,Courage,Talent,Optimism,Charm,Charisma,3,3,3,,
Character,MTU,Moon,1,Africa,GIN,Moon Trainer,"Confident and ready to run the day, UZI is a smooth talker who likes to win. He knows that with a sunny outlook and suave way, nothing is impossible. Look out!",,70,UZI,Waxing Gibbous,https://ipfs.tothemoon.net/ipfs/bafkreiff56oezp26jy2nmqmp3zpvizi7rtmdrasm4wtelzup3b52nu36yu,Male,Courage,Talent,Optimism,Charm,Charisma,3,2,1,,
Character,MTU,Moon,1,South America,GIN,Moon Trainer,"Confident and ready to run the day, UZI is a smooth talker who likes to win. He knows that with a sunny outlook and suave way, nothing is impossible. Look out!",,89,UZI,Waxing Gibbous,https://ipfs.tothemoon.net/ipfs/bafkreifywu7lktwi46x6fbtukk6vzquad27alo65blgcep25zmgjbkwgqm,Male,Courage,Talent,Optimism,Charm,Charisma,1,3,1,,
Character,MTU,Moon,1,Asia,GIN,Moon Trainer,"Confident and ready to run the day, UZI is a smooth talker who likes to win. He knows that with a sunny outlook and suave way, nothing is impossible. Look out!",,6,UZI,Waxing Gibbous,https://ipfs.tothemoon.net/ipfs/bafkreiadqqbrgj24bllaem4darvlox7v7dwiz3rnjnqx77xun3j7t5ksce,Male,Courage,Talent,Optimism,Charm,Charisma,1,3,1,,
Character,MTU,Moon,1,Asia,GIN,Moon Trainer,"Confident and ready to run the day, UZI is a smooth talker who likes to win. He knows that with a sunny outlook and suave way, nothing is impossible. Look out!",,4,UZI,Waxing Gibbous,https://ipfs.tothemoon.net/ipfs/bafkreih7iofmyqqk4ftvljcvmjvheyto7qdg4eupv4roijq64fueejnm5i,Male,Courage,Talent,Optimism,Charm,Charisma,3,3,2,,
Character,MTU,Moon,1,South America,GIN,Moon Trainer,"Confident and ready to run the day, UZI is a smooth talker who likes to win. He knows that with a sunny outlook and suave way, nothing is impossible. Look out!",,90,UZI,Waxing Gibbous,https://ipfs.tothemoon.net/ipfs/bafkreib4runfxx2x2uxvd34ecrvrasldora6txqsunqovgr5b7sjt3r6ru,Male,Courage,Talent,Optimism,Charm,Charisma,3,1,3,,
Character,MTU,Moon,1,Asia,GIN,Moon Trainer,"Confident and ready to run the day, UZI is a smooth talker who likes to win. He knows that with a sunny outlook and suave way, nothing is impossible. Look out!",,10,UZI,Waxing Gibbous,https://ipfs.tothemoon.net/ipfs/bafkreigsl7igy3w37o7jfzdv5ufwoq6glolayumt2ofrnjaj7wuisxlisy,Male,Courage,Talent,Optimism,Charm,Charisma,2,2,3,,
Character,MTU,Moon,1,North America,GIN,Moon Trainer,"Confident and ready to run the day, UZI is a smooth talker who likes to win. He knows that with a sunny outlook and suave way, nothing is impossible. Look out!",,34,UZI,Waxing Gibbous,https://ipfs.tothemoon.net/ipfs/bafkreidkg57dbe2joufgeyx4bqc7vlsowezd7gboa43tisjjcnh3eqftnq,Male,Courage,Talent,Optimism,Charm,Charisma,2,2,2,,
Character,MTU,Moon,1,Europe,GIN,Moon Trainer,"Confident and ready to run the day, UZI is a smooth talker who likes to win. He knows that with a sunny outlook and suave way, nothing is impossible. Look out!",,63,UZI,Waxing Gibbous,https://ipfs.tothemoon.net/ipfs/bafkreif5zzzmk5wkhj3dixiuwzqlknhqyjuyp3c7lrzkc6nk7tr52jfk7a,Male,Courage,Talent,Optimism,Charm,Charisma,1,1,2,,
Character,MTU,Moon,1,Europe,GIN,Moon Trainer,"Confident and ready to run the day, UZI is a smooth talker who likes to win. He knows that with a sunny outlook and suave way, nothing is impossible. Look out!",,55,UZI,Waxing Gibbous,https://ipfs.tothemoon.net/ipfs/bafkreibjjdvzeqinlepqvcjcqjb7oeyfekxyqityuevx4wgrtunjqrlmum,Male,Courage,Talent,Optimism,Charm,Charisma,2,2,1,,
Character,MTU,Moon,1,North America,GIN,Moon Trainer,"Confident and ready to run the day, UZI is a smooth talker who likes to win. He knows that with a sunny outlook and suave way, nothing is impossible. Look out!",,44,UZI,Waxing Gibbous,https://ipfs.tothemoon.net/ipfs/bafkreih4lvyglga66rsrpzr74jehs7brddgzks5ct4t3pg7qjfxgkjdoku,Male,Courage,Talent,Optimism,Charm,Charisma,3,1,2,,
Character,MTU,Moon,1,North America,GIN,Moon Trainer,"Confident and ready to run the day, UZI is a smooth talker who likes to win. He knows that with a sunny outlook and suave way, nothing is impossible. Look out!",,41,UZI,Waxing Gibbous,https://ipfs.tothemoon.net/ipfs/bafkreidjwnaryjhrjrtrnbapmtbrynaq4vk6addju7ofufhimznrlg2say,Male,Courage,Talent,Optimism,Charm,Charisma,2,3,1,,
Character,MTU,Moon,1,North America,GIN,Moon Trainer,"Confident and ready to run the day, UZI is a smooth talker who likes to win. He knows that with a sunny outlook and suave way, nothing is impossible. Look out!",,39,UZI,Waxing Gibbous,https://ipfs.tothemoon.net/ipfs/bafkreif2ap4z6s5gnsj3tn54i3bl7rqtjf4svx6oiaq5xlv77gmti4v6rm,Male,Courage,Talent,Optimism,Charm,Charisma,3,2,1,,
Character,MTU,Moon,1,Europe,GIN,Moon Trainer,"Confident and ready to run the day, UZI is a smooth talker who likes to win. He knows that with a sunny outlook and suave way, nothing is impossible. Look out!",,54,UZI,Waxing Gibbous,https://ipfs.tothemoon.net/ipfs/bafkreiayw4dtxyjphmwlbbnwl5a4dwp46dce5adzv36xasarcujcjfra4u,Male,Courage,Talent,Optimism,Charm,Charisma,1,1,3,,
Character,MTU,Moon,1,South America,GIN,Moon Trainer,"Confident and ready to run the day, UZI is a smooth talker who likes to win. He knows that with a sunny outlook and suave way, nothing is impossible. Look out!",,86,UZI,Waxing Gibbous,https://ipfs.tothemoon.net/ipfs/bafkreicq4uwkx3sjpixsyhempi5btdpr3c4dj3wbdnz5lwppvnzu3a33ji,Male,Courage,Talent,Optimism,Charm,Charisma,2,1,2,,
Character,MTWY,Moon,1,North America,GIN,Moon Trainer,"WYN's in no rush to blaze the trail. She knows what's truly hers for the taking will be there when she arrives- all in good time. Besides, racing from place to place leaves no time for laughter and that's something she can't go without.",,42,WYN,Waxing Gibbous,https://ipfs.tothemoon.net/ipfs/bafkreibebcxxawffmmxzsgkdmawqlzmnp2qrxxwnx7gfjhek4cqyoywc2y,Female,Patience,Leader,Versatility,Humor,Kind,2,3,3,,
Character,MTWY,Moon,1,South America,GIN,Moon Trainer,"WYN's in no rush to blaze the trail. She knows what's truly hers for the taking will be there when she arrives- all in good time. Besides, racing from place to place leaves no time for laughter and that's something she can't go without.",,81,WYN,Waxing Gibbous,https://ipfs.tothemoon.net/ipfs/bafkreia5iay3elx4rypznceb7jkqmtbipny2tpcl4lkqnd4ub2gu7k6uje,Female,Patience,Leader,Versatility,Humor,Kind,1,2,2,,
Character,MTWY,Moon,1,Africa,GIN,Moon Trainer,"WYN's in no rush to blaze the trail. She knows what's truly hers for the taking will be there when she arrives- all in good time. Besides, racing from place to place leaves no time for laughter and that's something she can't go without.",,78,WYN,Waxing Gibbous,https://ipfs.tothemoon.net/ipfs/bafkreih6ujnflfp3hkwnn72hfegoq4hwf5x2nq64rneihp3litea4oapji,Female,Patience,Leader,Versatility,Humor,Kind,2,1,3,,
Character,MTWY,Moon,1,North America,GIN,Moon Trainer,"WYN's in no rush to blaze the trail. She knows what's truly hers for the taking will be there when she arrives- all in good time. Besides, racing from place to place leaves no time for laughter and that's something she can't go without.",,40,WYN,Waxing Gibbous,https://ipfs.tothemoon.net/ipfs/bafkreido7updydavin2lqfsnuecijwtsjhn5nu37d76wqgnrlw7vgdabjm,Female,Patience,Leader,Versatility,Humor,Kind,3,2,2,,
Character,MTWY,Moon,1,Africa,GIN,Moon Trainer,"WYN's in no rush to blaze the trail. She knows what's truly hers for the taking will be there when she arrives- all in good time. Besides, racing from place to place leaves no time for laughter and that's something she can't go without.",,75,WYN,Waxing Gibbous,https://ipfs.tothemoon.net/ipfs/bafkreighgnowzrsoyu2ezf6u7vu7xcgp6d3y6opmvojdbswysjxvueer7y,Female,Patience,Leader,Versatility,Humor,Kind,2,3,2,,
Character,MTWY,Moon,1,Africa,GIN,Moon Trainer,"WYN's in no rush to blaze the trail. She knows what's truly hers for the taking will be there when she arrives- all in good time. Besides, racing from place to place leaves no time for laughter and that's something she can't go without.",,67,WYN,Waxing Gibbous,https://ipfs.tothemoon.net/ipfs/bafkreics5y5qspkld32icucjelzr7fw37dhz4nidkbvedhueevan4qf2mq,Female,Patience,Leader,Versatility,Humor,Kind,3,1,1,,
Character,MTWY,Moon,1,Africa,GIN,Moon Trainer,"WYN's in no rush to blaze the trail. She knows what's truly hers for the taking will be there when she arrives- all in good time. Besides, racing from place to place leaves no time for laughter and that's something she can't go without.",,71,WYN,Waxing Gibbous,https://ipfs.tothemoon.net/ipfs/bafkreige7x5mfqddtpo3wgasxpvt2bwzycz5jrr376vqtqvksgsbzgqxwi,Female,Patience,Leader,Versatility,Humor,Kind,1,3,2,,
Character,MTWY,Moon,1,South America,GIN,Moon Trainer,"WYN's in no rush to blaze the trail. She knows what's truly hers for the taking will be there when she arrives- all in good time. Besides, racing from place to place leaves no time for laughter and that's something she can't go without.",,91,WYN,Waxing Gibbous,https://ipfs.tothemoon.net/ipfs/bafkreickq6wqup6oy4kzruo5hrairdfh2gzsma3pamhrc5l237u5qqh24i,Female,Patience,Leader,Versatility,Humor,Kind,3,1,3,,
Character,MTWY,Moon,1,Europe,GIN,Moon Trainer,"WYN's in no rush to blaze the trail. She knows what's truly hers for the taking will be there when she arrives- all in good time. Besides, racing from place to place leaves no time for laughter and that's something she can't go without.",,51,WYN,Waxing Gibbous,https://ipfs.tothemoon.net/ipfs/bafkreifcjxryuf6fmhcqk5v7licgt3gq7gdxljnsfappa5t2lddevzoz7y,Female,Patience,Leader,Versatility,Humor,Kind,3,3,2,,
Character,MTWY,Moon,1,Europe,GIN,Moon Trainer,"WYN's in no rush to blaze the trail. She knows what's truly hers for the taking will be there when she arrives- all in good time. Besides, racing from place to place leaves no time for laughter and that's something she can't go without.",,48,WYN,Waxing Gibbous,https://ipfs.tothemoon.net/ipfs/bafkreihrithnz6ixe3qpzyo6gpqhgsuu6xuzk2xsygjpaspotajuxxkbm4,Female,Patience,Leader,Versatility,Humor,Kind,3,2,2,,
Character,MTWY,Moon,1,Asia,GIN,Moon Trainer,"WYN's in no rush to blaze the trail. She knows what's truly hers for the taking will be there when she arrives- all in good time. Besides, racing from place to place leaves no time for laughter and that's something she can't go without.",,5,WYN,Waxing Gibbous,https://ipfs.tothemoon.net/ipfs/bafkreid23q7dtrv7aqsgfdppjo5uusnmsm3ezmfj4gf74mj23aif62wliq,Female,Patience,Leader,Versatility,Humor,Kind,1,3,2,,
Character,MTWY,Moon,1,South America,GIN,Moon Trainer,"WYN's in no rush to blaze the trail. She knows what's truly hers for the taking will be there when she arrives- all in good time. Besides, racing from place to place leaves no time for laughter and that's something she can't go without.",,82,WYN,Waxing Gibbous,https://ipfs.tothemoon.net/ipfs/bafkreiby5xlzdido5oih5oy6gxla3dwfayqdcbpc26cxkt53z37wjdu32a,Female,Patience,Leader,Versatility,Humor,Kind,3,1,1,,
Character,MTWY,Moon,1,North America,GIN,Moon Trainer,"WYN's in no rush to blaze the trail. She knows what's truly hers for the taking will be there when she arrives- all in good time. Besides, racing from place to place leaves no time for laughter and that's something she can't go without.",,32,WYN,Waxing Gibbous,https://ipfs.tothemoon.net/ipfs/bafkreihf2re2ewt4exvzdcirgdlqx2qnidwsv7uoskex4kptm5kcnqomhm,Female,Patience,Leader,Versatility,Humor,Kind,2,1,2,,
Character,MTWY,Moon,1,North America,GIN,Moon Trainer,"WYN's in no rush to blaze the trail. She knows what's truly hers for the taking will be there when she arrives- all in good time. Besides, racing from place to place leaves no time for laughter and that's something she can't go without.",,26,WYN,Waxing Gibbous,https://ipfs.tothemoon.net/ipfs/bafkreihxfa477giqham23z72ewt2udfbphb2sl5h2q3gjhf7445rnxct2e,Female,Patience,Leader,Versatility,Humor,Kind,1,2,3,,
Character,MTWY,Moon,1,Asia,GIN,Moon Trainer,"WYN's in no rush to blaze the trail. She knows what's truly hers for the taking will be there when she arrives- all in good time. Besides, racing from place to place leaves no time for laughter and that's something she can't go without.",,7,WYN,Waxing Gibbous,https://ipfs.tothemoon.net/ipfs/bafkreiagp4k6bggbcu2ne437b6dur6nhkh5mvhkeyuru62lecpfkszcn4u,Female,Patience,Leader,Versatility,Humor,Kind,2,2,3,,
Character,MTWY,Moon,1,South America,GIN,Moon Trainer,"WYN's in no rush to blaze the trail. She knows what's truly hers for the taking will be there when she arrives- all in good time. Besides, racing from place to place leaves no time for laughter and that's something she can't go without.",,84,WYN,Waxing Gibbous,https://ipfs.tothemoon.net/ipfs/bafkreieloaio6qcsljfmk2udkbe4vr6fhnkwmhgnkpm3zhdywbzqlh4q34,Female,Patience,Leader,Versatility,Humor,Kind,1,2,1,,
Character,MTWY,Moon,1,North America,GIN,Moon Trainer,"WYN's in no rush to blaze the trail. She knows what's truly hers for the taking will be there when she arrives- all in good time. Besides, racing from place to place leaves no time for laughter and that's something she can't go without.",,37,WYN,Waxing Gibbous,https://ipfs.tothemoon.net/ipfs/bafkreibf5psjvbyopddnigosris6vk7kat7vuplitucbucdcokus5htsri,Female,Patience,Leader,Versatility,Humor,Kind,3,1,1,,
Character,MTWY,Moon,1,Africa,GIN,Moon Trainer,"WYN's in no rush to blaze the trail. She knows what's truly hers for the taking will be there when she arrives- all in good time. Besides, racing from place to place leaves no time for laughter and that's something she can't go without.",,79,WYN,Waxing Gibbous,https://ipfs.tothemoon.net/ipfs/bafkreiaqo2yt56pppogm4okvoulbdve3awe6rmzt3z3egxfruuy7u5l2ky,Female,Patience,Leader,Versatility,Humor,Kind,3,3,3,,
Character,MTWY,Moon,1,Africa,GIN,Moon Trainer,"WYN's in no rush to blaze the trail. She knows what's truly hers for the taking will be there when she arrives- all in good time. Besides, racing from place to place leaves no time for laughter and that's something she can't go without.",,68,WYN,Waxing Gibbous,https://ipfs.tothemoon.net/ipfs/bafkreibybwkrx7qmj7rkw6mn43sgu4czab3wtllcvro3u3trcy4ynde4hu,Female,Patience,Leader,Versatility,Humor,Kind,2,3,1,,
Character,MTWY,Moon,1,North America,GIN,Moon Trainer,"WYN's in no rush to blaze the trail. She knows what's truly hers for the taking will be there when she arrives- all in good time. Besides, racing from place to place leaves no time for laughter and that's something she can't go without.",,39,WYN,Waxing Gibbous,https://ipfs.tothemoon.net/ipfs/bafkreiesrnqitlfnp2jnj4ot2txu5ifm6w7tc3rqtvhqjbatmwl6swqksy,Female,Patience,Leader,Versatility,Humor,Kind,3,2,1,,
Character,MTWY,Moon,1,North America,GIN,Moon Trainer,"WYN's in no rush to blaze the trail. She knows what's truly hers for the taking will be there when she arrives- all in good time. Besides, racing from place to place leaves no time for laughter and that's something she can't go without.",,41,WYN,Waxing Gibbous,https://ipfs.tothemoon.net/ipfs/bafkreih2fwz4qz4ojlylupwq7soky6n22crjbxp7a4kee3fegbbzywzdvi,Female,Patience,Leader,Versatility,Humor,Kind,2,3,1,,
Character,MTWY,Moon,1,Africa,GIN,Moon Trainer,"WYN's in no rush to blaze the trail. She knows what's truly hers for the taking will be there when she arrives- all in good time. Besides, racing from place to place leaves no time for laughter and that's something she can't go without.",,74,WYN,Waxing Gibbous,https://ipfs.tothemoon.net/ipfs/bafkreiafk5heomikxpfmdxxeb33mra5lfcvgfnejyig4svswxgzemzvhja,Female,Patience,Leader,Versatility,Humor,Kind,3,1,2,,
Character,MTWY,Moon,1,Asia,GIN,Moon Trainer,"WYN's in no rush to blaze the trail. She knows what's truly hers for the taking will be there when she arrives- all in good time. Besides, racing from place to place leaves no time for laughter and that's something she can't go without.",,10,WYN,Waxing Gibbous,https://ipfs.tothemoon.net/ipfs/bafkreiew2hyqw2zizp5humdhkwkvasc3l5mjnurbehe6bji2j5ouf7fcly,Female,Patience,Leader,Versatility,Humor,Kind,2,2,3,,
Character,MTWY,Moon,1,Africa,GIN,Moon Trainer,"WYN's in no rush to blaze the trail. She knows what's truly hers for the taking will be there when she arrives- all in good time. Besides, racing from place to place leaves no time for laughter and that's something she can't go without.",,70,WYN,Waxing Gibbous,https://ipfs.tothemoon.net/ipfs/bafkreif67gq55bfdylfxfwkxpt4hax2nk5goqibtkhsvux3gbhnq5o6vb4,Female,Patience,Leader,Versatility,Humor,Kind,3,2,1,,
Character,MTWY,Moon,1,Asia,GIN,Moon Trainer,"WYN's in no rush to blaze the trail. She knows what's truly hers for the taking will be there when she arrives- all in good time. Besides, racing from place to place leaves no time for laughter and that's something she can't go without.",,4,WYN,Waxing Gibbous,https://ipfs.tothemoon.net/ipfs/bafkreig6ju2rhqgpmd4ssdw4k4ilbfn7opxkzrkqanqoyuulnevijn24im,Female,Patience,Leader,Versatility,Humor,Kind,3,3,2,,
Character,MTWY,Moon,1,South America,GIN,Moon Trainer,"WYN's in no rush to blaze the trail. She knows what's truly hers for the taking will be there when she arrives- all in good time. Besides, racing from place to place leaves no time for laughter and that's something she can't go without.",,95,WYN,Waxing Gibbous,https://ipfs.tothemoon.net/ipfs/bafkreicm3wopcf2f2j6hnmynwjtufmhfdqug5mraoxivn3bbvw45byuzv4,Female,Patience,Leader,Versatility,Humor,Kind,3,3,3,,
Character,MTWY,Moon,1,Asia,GIN,Moon Trainer,"WYN's in no rush to blaze the trail. She knows what's truly hers for the taking will be there when she arrives- all in good time. Besides, racing from place to place leaves no time for laughter and that's something she can't go without.",,21,WYN,Waxing Gibbous,https://ipfs.tothemoon.net/ipfs/bafkreifvgmljtgujsx3dsh4eyn5iigsxgzb2velee5wplcvef3sohaqtwm,Female,Patience,Leader,Versatility,Humor,Kind,3,2,3,,
Character,MTWY,Moon,1,Asia,GIN,Moon Trainer,"WYN's in no rush to blaze the trail. She knows what's truly hers for the taking will be there when she arrives- all in good time. Besides, racing from place to place leaves no time for laughter and that's something she can't go without.",,8,WYN,Waxing Gibbous,https://ipfs.tothemoon.net/ipfs/bafkreifdererjkirdra27qiiukdfw65fm24mrnh4ou5dizay7nh2lb65rm,Female,Patience,Leader,Versatility,Humor,Kind,1,3,1,,
Character,MTWY,Moon,1,Asia,GIN,Moon Trainer,"WYN's in no rush to blaze the trail. She knows what's truly hers for the taking will be there when she arrives- all in good time. Besides, racing from place to place leaves no time for laughter and that's something she can't go without.",,22,WYN,Waxing Gibbous,https://ipfs.tothemoon.net/ipfs/bafkreiepjhi64uvw6ug2jr5ihzcr7xdiufe6lk7quh2xrq3oqyqd4rlaji,Female,Patience,Leader,Versatility,Humor,Kind,1,3,3,,
Character,MTWY,Moon,1,Europe,GIN,Moon Trainer,"WYN's in no rush to blaze the trail. She knows what's truly hers for the taking will be there when she arrives- all in good time. Besides, racing from place to place leaves no time for laughter and that's something she can't go without.",,53,WYN,Waxing Gibbous,https://ipfs.tothemoon.net/ipfs/bafkreiahyfsnsqxcfh5jmfvvnu6uzbkpedwqwgt76p35topcettzc6pedm,Female,Patience,Leader,Versatility,Humor,Kind,2,2,1,,
Character,MTWY,Moon,1,Europe,GIN,Moon Trainer,"WYN's in no rush to blaze the trail. She knows what's truly hers for the taking will be there when she arrives- all in good time. Besides, racing from place to place leaves no time for laughter and that's something she can't go without.",,52,WYN,Waxing Gibbous,https://ipfs.tothemoon.net/ipfs/bafkreieoeclyw3wvwawoupq5qwb72paivfpmkzee4stox6zcvtega7xp4u,Female,Patience,Leader,Versatility,Humor,Kind,1,1,3,,
Character,MTWY,Moon,1,South America,GIN,Moon Trainer,"WYN's in no rush to blaze the trail. She knows what's truly hers for the taking will be there when she arrives- all in good time. Besides, racing from place to place leaves no time for laughter and that's something she can't go without.",,83,WYN,Waxing Gibbous,https://ipfs.tothemoon.net/ipfs/bafkreie3pdpgc5ltghlujjyfih4zpze4mkfqqqnrskbpo6rbucavqq5i4u,Female,Patience,Leader,Versatility,Humor,Kind,2,1,3,,
Character,MTWY,Moon,1,Africa,GIN,Moon Trainer,"WYN's in no rush to blaze the trail. She knows what's truly hers for the taking will be there when she arrives- all in good time. Besides, racing from place to place leaves no time for laughter and that's something she can't go without.",,69,WYN,Waxing Gibbous,https://ipfs.tothemoon.net/ipfs/bafkreif6tu4q35z2ycsud7hdz64hniabseajosvzmk54lmw3ioxuom3vuy,Female,Patience,Leader,Versatility,Humor,Kind,2,2,2,,
Character,MTWY,Moon,1,Asia,GIN,Moon Trainer,"WYN's in no rush to blaze the trail. She knows what's truly hers for the taking will be there when she arrives- all in good time. Besides, racing from place to place leaves no time for laughter and that's something she can't go without.",,6,WYN,Waxing Gibbous,https://ipfs.tothemoon.net/ipfs/bafkreif6ak4zxsw2vyms5om7igxoxrenf7rkhoxbup4zyhpwyhzeiaespm,Female,Patience,Leader,Versatility,Humor,Kind,1,3,1,,
Character,MTWY,Moon,1,Australia,GIN,Moon Trainer,"WYN's in no rush to blaze the trail. She knows what's truly hers for the taking will be there when she arrives- all in good time. Besides, racing from place to place leaves no time for laughter and that's something she can't go without.",,99,WYN,Waxing Gibbous,https://ipfs.tothemoon.net/ipfs/bafkreibtnrxf6tckmwvn2dhetb6rrellhf7vfnsczozuhpf4xit3tvoy6i,Female,Patience,Leader,Versatility,Humor,Kind,2,2,1,,
Character,MTWY,Moon,1,North America,GIN,Moon Trainer,"WYN's in no rush to blaze the trail. She knows what's truly hers for the taking will be there when she arrives- all in good time. Besides, racing from place to place leaves no time for laughter and that's something she can't go without.",,31,WYN,Waxing Gibbous,https://ipfs.tothemoon.net/ipfs/bafkreibczymr2ezjunej5mvg2r567nxbko63pndxgnmjrax6gjk2odlb5y,Female,Patience,Leader,Versatility,Humor,Kind,2,3,3,,
Character,MTWY,Moon,1,South America,GIN,Moon Trainer,"WYN's in no rush to blaze the trail. She knows what's truly hers for the taking will be there when she arrives- all in good time. Besides, racing from place to place leaves no time for laughter and that's something she can't go without.",,87,WYN,Waxing Gibbous,https://ipfs.tothemoon.net/ipfs/bafkreibefdf3kho77uglfikzjxtcgzbxkbe3mlbqaihsscz6zaspawlaue,Female,Patience,Leader,Versatility,Humor,Kind,2,2,2,,
Character,MTWY,Moon,1,Antarctica,GIN,Moon Trainer,"WYN's in no rush to blaze the trail. She knows what's truly hers for the taking will be there when she arrives- all in good time. Besides, racing from place to place leaves no time for laughter and that's something she can't go without.",,100,WYN,Waxing Gibbous,https://ipfs.tothemoon.net/ipfs/bafkreibrwxp7umgdblfdjzmibevicn7etucmtgxfczq6wyzugxpuzkivdm,Female,Patience,Leader,Versatility,Humor,Kind,3,3,1,,
Character,MTWY,Moon,1,Europe,GIN,Moon Trainer,"WYN's in no rush to blaze the trail. She knows what's truly hers for the taking will be there when she arrives- all in good time. Besides, racing from place to place leaves no time for laughter and that's something she can't go without.",,58,WYN,Waxing Gibbous,https://ipfs.tothemoon.net/ipfs/bafkreigixw4lsvnibwrdjoilxwdeevjhjuhpm3cybzlumzgxi7tifutpym,Female,Patience,Leader,Versatility,Humor,Kind,3,2,3,,
Character,MTWY,Moon,1,Europe,GIN,Moon Trainer,"WYN's in no rush to blaze the trail. She knows what's truly hers for the taking will be there when she arrives- all in good time. Besides, racing from place to place leaves no time for laughter and that's something she can't go without.",,54,WYN,Waxing Gibbous,https://ipfs.tothemoon.net/ipfs/bafkreifvqiukh56lkdfz4pskz4j3676tums6m33t6wfspzdnuxb3fv4gge,Female,Patience,Leader,Versatility,Humor,Kind,1,1,3,,
Character,MTWY,Moon,1,Europe,GIN,Moon Trainer,"WYN's in no rush to blaze the trail. She knows what's truly hers for the taking will be there when she arrives- all in good time. Besides, racing from place to place leaves no time for laughter and that's something she can't go without.",,63,WYN,Waxing Gibbous,https://ipfs.tothemoon.net/ipfs/bafkreifucetbxw4ttzeojwbsoldsc6zl3lt34buxdqux7h6iuh2hczupze,Female,Patience,Leader,Versatility,Humor,Kind,1,1,2,,
Character,MTWY,Moon,1,Asia,GIN,Moon Trainer,"WYN's in no rush to blaze the trail. She knows what's truly hers for the taking will be there when she arrives- all in good time. Besides, racing from place to place leaves no time for laughter and that's something she can't go without.",,14,WYN,Waxing Gibbous,https://ipfs.tothemoon.net/ipfs/bafkreifzvxeexrmydggwrqzywvtbbbohscq5ve2y5vanxuu567nnclzksq,Female,Patience,Leader,Versatility,Humor,Kind,1,1,3,,
Character,MTWY,Moon,1,Africa,GIN,Moon Trainer,"WYN's in no rush to blaze the trail. She knows what's truly hers for the taking will be there when she arrives- all in good time. Besides, racing from place to place leaves no time for laughter and that's something she can't go without.",,80,WYN,Waxing Gibbous,https://ipfs.tothemoon.net/ipfs/bafkreih2np3z4rwxmax5lozxjapjgcgvzdizsp3umohufnzv6oz45zkmki,Female,Patience,Leader,Versatility,Humor,Kind,1,3,3,,
Character,MTWY,Moon,1,Asia,GIN,Moon Trainer,"WYN's in no rush to blaze the trail. She knows what's truly hers for the taking will be there when she arrives- all in good time. Besides, racing from place to place leaves no time for laughter and that's something she can't go without.",,9,WYN,Waxing Gibbous,https://ipfs.tothemoon.net/ipfs/bafkreieybrfmzugj37hkzjsyzndwdazmguxbktcgg4drdzijrfsfaezi6a,Female,Patience,Leader,Versatility,Humor,Kind,2,2,1,,
Character,MTWY,Moon,1,Africa,GIN,Moon Trainer,"WYN's in no rush to blaze the trail. She knows what's truly hers for the taking will be there when she arrives- all in good time. Besides, racing from place to place leaves no time for laughter and that's something she can't go without.",,72,WYN,Waxing Gibbous,https://ipfs.tothemoon.net/ipfs/bafkreih3bklq2cz2qacw7y6mm3fetlg7txngklppeh54wtglqotvfa7j3i,Female,Patience,Leader,Versatility,Humor,Kind,1,1,1,,
Character,MTWY,Moon,1,Europe,GIN,Moon Trainer,"WYN's in no rush to blaze the trail. She knows what's truly hers for the taking will be there when she arrives- all in good time. Besides, racing from place to place leaves no time for laughter and that's something she can't go without.",,49,WYN,Waxing Gibbous,https://ipfs.tothemoon.net/ipfs/bafkreid3jlyg3msbusisnl3l76obrurfu5mdxc6wvvohpdqblurga4y46i,Female,Patience,Leader,Versatility,Humor,Kind,3,2,1,,
Character,MTWY,Moon,1,Africa,GIN,Moon Trainer,"WYN's in no rush to blaze the trail. She knows what's truly hers for the taking will be there when she arrives- all in good time. Besides, racing from place to place leaves no time for laughter and that's something she can't go without.",,76,WYN,Waxing Gibbous,https://ipfs.tothemoon.net/ipfs/bafkreifitrm577bf5qftvzxfcgdbhwqkesi2fiwndjkyt4vytefitkmbli,Female,Patience,Leader,Versatility,Humor,Kind,2,1,2,,
Character,MTWY,Moon,1,Europe,GIN,Moon Trainer,"WYN's in no rush to blaze the trail. She knows what's truly hers for the taking will be there when she arrives- all in good time. Besides, racing from place to place leaves no time for laughter and that's something she can't go without.",,59,WYN,Waxing Gibbous,https://ipfs.tothemoon.net/ipfs/bafkreig4erjvevimnxkufz77dn3dd5bp2nbi4ootsrtkg7vxsivw5w22ky,Female,Patience,Leader,Versatility,Humor,Kind,2,1,1,,
Character,MTWY,Moon,1,Australia,GIN,Moon Trainer,"WYN's in no rush to blaze the trail. She knows what's truly hers for the taking will be there when she arrives- all in good time. Besides, racing from place to place leaves no time for laughter and that's something she can't go without.",,97,WYN,Waxing Gibbous,https://ipfs.tothemoon.net/ipfs/bafkreiayzm6dmidrrifmxrqzklvmvmpxerzgnhmyom7sm5zugegtasnxxm,Female,Patience,Leader,Versatility,Humor,Kind,2,2,3,,
Character,MTWY,Moon,1,Asia,GIN,Moon Trainer,"WYN's in no rush to blaze the trail. She knows what's truly hers for the taking will be there when she arrives- all in good time. Besides, racing from place to place leaves no time for laughter and that's something she can't go without.",,20,WYN,Waxing Gibbous,https://ipfs.tothemoon.net/ipfs/bafkreidw4nig54n4wj22cp3qqvxodwmp7xe774vjsessfp3kdlhiuhrfve,Female,Patience,Leader,Versatility,Humor,Kind,1,2,3,,
Character,MTWY,Moon,1,Asia,GIN,Moon Trainer,"WYN's in no rush to blaze the trail. She knows what's truly hers for the taking will be there when she arrives- all in good time. Besides, racing from place to place leaves no time for laughter and that's something she can't go without.",,23,WYN,Waxing Gibbous,https://ipfs.tothemoon.net/ipfs/bafkreigk56bqjz4oyib6hwg6pt5kmk5v3mf52n4hi6zlg4ugy6q7vrxueq,Female,Patience,Leader,Versatility,Humor,Kind,1,3,3,,
Character,MTWY,Moon,1,Africa,GIN,Moon Trainer,"WYN's in no rush to blaze the trail. She knows what's truly hers for the taking will be there when she arrives- all in good time. Besides, racing from place to place leaves no time for laughter and that's something she can't go without.",,66,WYN,Waxing Gibbous,https://ipfs.tothemoon.net/ipfs/bafkreic6yjw2apr52ik74px6d6gcjso6yg7zfrzqfoj4p57ehgbyyf2ata,Female,Patience,Leader,Versatility,Humor,Kind,3,3,1,,
Character,MTWY,Moon,1,South America,GIN,Moon Trainer,"WYN's in no rush to blaze the trail. She knows what's truly hers for the taking will be there when she arrives- all in good time. Besides, racing from place to place leaves no time for laughter and that's something she can't go without.",,85,WYN,Waxing Gibbous,https://ipfs.tothemoon.net/ipfs/bafkreicf7dhubhq7pjcvclbvzf3rtzk4payqw4qnlipa6thuajzbtqrmai,Female,Patience,Leader,Versatility,Humor,Kind,1,1,1,,
Character,MTWY,Moon,1,Asia,GIN,Moon Trainer,"WYN's in no rush to blaze the trail. She knows what's truly hers for the taking will be there when she arrives- all in good time. Besides, racing from place to place leaves no time for laughter and that's something she can't go without.",,2,WYN,Waxing Gibbous,https://ipfs.tothemoon.net/ipfs/bafkreig6ssfqxbuodt2eqcv527jaizj3db4jpf5u44wedowouzrhi5uyqm,Female,Patience,Leader,Versatility,Humor,Kind,1,3,2,,
Character,MTWY,Moon,1,Europe,GIN,Moon Trainer,"WYN's in no rush to blaze the trail. She knows what's truly hers for the taking will be there when she arrives- all in good time. Besides, racing from place to place leaves no time for laughter and that's something she can't go without.",,50,WYN,Waxing Gibbous,https://ipfs.tothemoon.net/ipfs/bafkreihztarbak5v4krttud6on3qca6r2f2xyt3prnw4z2b36ysiej7yha,Female,Patience,Leader,Versatility,Humor,Kind,3,3,3,,
Character,MTWY,Moon,1,South America,GIN,Moon Trainer,"WYN's in no rush to blaze the trail. She knows what's truly hers for the taking will be there when she arrives- all in good time. Besides, racing from place to place leaves no time for laughter and that's something she can't go without.",,88,WYN,Waxing Gibbous,https://ipfs.tothemoon.net/ipfs/bafkreibik2lry24zonoykjymk4axxfkweuft7fzyxttscrw4dgi7adbywu,Female,Patience,Leader,Versatility,Humor,Kind,1,2,3,,
Character,MTWY,Moon,1,Asia,GIN,Moon Trainer,"WYN's in no rush to blaze the trail. She knows what's truly hers for the taking will be there when she arrives- all in good time. Besides, racing from place to place leaves no time for laughter and that's something she can't go without.",,18,WYN,Waxing Gibbous,https://ipfs.tothemoon.net/ipfs/bafkreiejskvi7hpn3fchk4r6uy64uczczelqvul3xovkqnxy6vf2fthxmm,Female,Patience,Leader,Versatility,Humor,Kind,2,3,1,,
Character,MTWY,Moon,1,Asia,GIN,Moon Trainer,"WYN's in no rush to blaze the trail. She knows what's truly hers for the taking will be there when she arrives- all in good time. Besides, racing from place to place leaves no time for laughter and that's something she can't go without.",,11,WYN,Waxing Gibbous,https://ipfs.tothemoon.net/ipfs/bafkreicubquchhhaqmatjexujlknphegq65nunzgoffq467zrqbnwrwffm,Female,Patience,Leader,Versatility,Humor,Kind,3,3,2,,
Character,MTWY,Moon,1,Asia,GIN,Moon Trainer,"WYN's in no rush to blaze the trail. She knows what's truly hers for the taking will be there when she arrives- all in good time. Besides, racing from place to place leaves no time for laughter and that's something she can't go without.",,16,WYN,Waxing Gibbous,https://ipfs.tothemoon.net/ipfs/bafkreibw4cspgh5ifkdtylaqpycazbifpdr73ha3asvqv3hopvu7zcg73i,Female,Patience,Leader,Versatility,Humor,Kind,3,3,1,,
Character,MTWY,Moon,1,Asia,GIN,Moon Trainer,"WYN's in no rush to blaze the trail. She knows what's truly hers for the taking will be there when she arrives- all in good time. Besides, racing from place to place leaves no time for laughter and that's something she can't go without.",,1,WYN,Waxing Gibbous,https://ipfs.tothemoon.net/ipfs/bafkreif4wvn64dwqex4ozwzfeznuigkj6irpneqbzjsf3s6n7kgubgwcqa,Female,Patience,Leader,Versatility,Humor,Kind,1,1,2,,
Character,MTWY,Moon,1,North America,GIN,Moon Trainer,"WYN's in no rush to blaze the trail. She knows what's truly hers for the taking will be there when she arrives- all in good time. Besides, racing from place to place leaves no time for laughter and that's something she can't go without.",,33,WYN,Waxing Gibbous,https://ipfs.tothemoon.net/ipfs/bafkreifumtjuvjlhhhudq5hopuwyh3or3nt5xqwpe2ishvmbwxgew4wrai,Female,Patience,Leader,Versatility,Humor,Kind,3,3,3,,
Character,MTWY,Moon,1,South America,GIN,Moon Trainer,"WYN's in no rush to blaze the trail. She knows what's truly hers for the taking will be there when she arrives- all in good time. Besides, racing from place to place leaves no time for laughter and that's something she can't go without.",,86,WYN,Waxing Gibbous,https://ipfs.tothemoon.net/ipfs/bafkreifbijifhhcb2hqri2c473i64dof3jw5iqcojinlmqer2mhv6etuuq,Female,Patience,Leader,Versatility,Humor,Kind,2,1,2,,
Character,MTWY,Moon,1,South America,GIN,Moon Trainer,"WYN's in no rush to blaze the trail. She knows what's truly hers for the taking will be there when she arrives- all in good time. Besides, racing from place to place leaves no time for laughter and that's something she can't go without.",,93,WYN,Waxing Gibbous,https://ipfs.tothemoon.net/ipfs/bafkreidjebkmbsnp66cvkbrpwpwyiarlizs5mpakkokh2mz4df64lzuiwy,Female,Patience,Leader,Versatility,Humor,Kind,2,3,2,,
Character,MTWY,Moon,1,Asia,GIN,Moon Trainer,"WYN's in no rush to blaze the trail. She knows what's truly hers for the taking will be there when she arrives- all in good time. Besides, racing from place to place leaves no time for laughter and that's something she can't go without.",,15,WYN,Waxing Gibbous,https://ipfs.tothemoon.net/ipfs/bafkreiartuzvy3ixdhz5ic4knja455dzx3w3vbdgvzjlq4gvkypzu4wsxa,Female,Patience,Leader,Versatility,Humor,Kind,1,2,2,,
Character,MTWY,Moon,1,Asia,GIN,Moon Trainer,"WYN's in no rush to blaze the trail. She knows what's truly hers for the taking will be there when she arrives- all in good time. Besides, racing from place to place leaves no time for laughter and that's something she can't go without.",,24,WYN,Waxing Gibbous,https://ipfs.tothemoon.net/ipfs/bafkreicasxpyzcwtv63qcwgtpmr5g2vd3f2znybnscxylnyds2uin7brsi,Female,Patience,Leader,Versatility,Humor,Kind,2,1,3,,
Character,MTWY,Moon,1,Asia,GIN,Moon Trainer,"WYN's in no rush to blaze the trail. She knows what's truly hers for the taking will be there when she arrives- all in good time. Besides, racing from place to place leaves no time for laughter and that's something she can't go without.",,25,WYN,Waxing Gibbous,https://ipfs.tothemoon.net/ipfs/bafkreidsxs4q5624kaqobafmbemcjnsbj5jlt5eg43fkoctk3xg7k46eim,Female,Patience,Leader,Versatility,Humor,Kind,1,3,3,,
Character,MTWY,Moon,1,Europe,GIN,Moon Trainer,"WYN's in no rush to blaze the trail. She knows what's truly hers for the taking will be there when she arrives- all in good time. Besides, racing from place to place leaves no time for laughter and that's something she can't go without.",,62,WYN,Waxing Gibbous,https://ipfs.tothemoon.net/ipfs/bafkreieawxptoj2sjeormgfxhfyn3afpjgfn6ww7wmqjcpjen4z5ioofre,Female,Patience,Leader,Versatility,Humor,Kind,2,3,2,,
Character,MTWY,Moon,1,North America,GIN,Moon Trainer,"WYN's in no rush to blaze the trail. She knows what's truly hers for the taking will be there when she arrives- all in good time. Besides, racing from place to place leaves no time for laughter and that's something she can't go without.",,34,WYN,Waxing Gibbous,https://ipfs.tothemoon.net/ipfs/bafkreibmflyotf33r27immr37k4lgtotzdjxsrxhm6uw3szblit5wuav3a,Female,Patience,Leader,Versatility,Humor,Kind,2,2,2,,
Character,MTWY,Moon,1,Europe,GIN,Moon Trainer,"WYN's in no rush to blaze the trail. She knows what's truly hers for the taking will be there when she arrives- all in good time. Besides, racing from place to place leaves no time for laughter and that's something she can't go without.",,65,WYN,Waxing Gibbous,https://ipfs.tothemoon.net/ipfs/bafkreias43sb4nx2et6kqqihxvanbvx4sco3lawsqppmagnsdvqbkjaraq,Female,Patience,Leader,Versatility,Humor,Kind,1,1,1,,
Character,MTWY,Moon,1,Asia,GIN,Moon Trainer,"WYN's in no rush to blaze the trail. She knows what's truly hers for the taking will be there when she arrives- all in good time. Besides, racing from place to place leaves no time for laughter and that's something she can't go without.",,12,WYN,Waxing Gibbous,https://ipfs.tothemoon.net/ipfs/bafkreic2roif5pjllpikwzdrsymzfc5poz2m7esr4gjw23sqmneu4sfor4,Female,Patience,Leader,Versatility,Humor,Kind,3,3,3,,
Character,MTWY,Moon,1,Europe,GIN,Moon Trainer,"WYN's in no rush to blaze the trail. She knows what's truly hers for the taking will be there when she arrives- all in good time. Besides, racing from place to place leaves no time for laughter and that's something she can't go without.",,55,WYN,Waxing Gibbous,https://ipfs.tothemoon.net/ipfs/bafkreif3nejwshdom7ojxzrnsl7ddvc2x6x5yb4wmrjhjcb5evpgswn3ly,Female,Patience,Leader,Versatility,Humor,Kind,2,2,1,,
Character,MTWY,Moon,1,Asia,GIN,Moon Trainer,"WYN's in no rush to blaze the trail. She knows what's truly hers for the taking will be there when she arrives- all in good time. Besides, racing from place to place leaves no time for laughter and that's something she can't go without.",,3,WYN,Waxing Gibbous,https://ipfs.tothemoon.net/ipfs/bafkreibdjhbvhmrm3me3og4xiputvk5id3eczytxrcdeqpx5zlt3e4vjue,Female,Patience,Leader,Versatility,Humor,Kind,1,1,2,,
Character,MTWY,Moon,1,Asia,GIN,Moon Trainer,"WYN's in no rush to blaze the trail. She knows what's truly hers for the taking will be there when she arrives- all in good time. Besides, racing from place to place leaves no time for laughter and that's something she can't go without.",,17,WYN,Waxing Gibbous,https://ipfs.tothemoon.net/ipfs/bafkreia2wsxstpn3ulepqvrkipaujysyy2rxm3yka52kd7buutummeorsi,Female,Patience,Leader,Versatility,Humor,Kind,2,3,3,,
Character,MTWY,Moon,1,Europe,GIN,Moon Trainer,"WYN's in no rush to blaze the trail. She knows what's truly hers for the taking will be there when she arrives- all in good time. Besides, racing from place to place leaves no time for laughter and that's something she can't go without.",,64,WYN,Waxing Gibbous,https://ipfs.tothemoon.net/ipfs/bafkreifc2oblpr4qu5wraa3gjtimqqjafbysb3dmem7yb4skwwpnnimtiy,Female,Patience,Leader,Versatility,Humor,Kind,1,2,3,,
Character,MTWY,Moon,1,South America,GIN,Moon Trainer,"WYN's in no rush to blaze the trail. She knows what's truly hers for the taking will be there when she arrives- all in good time. Besides, racing from place to place leaves no time for laughter and that's something she can't go without.",,90,WYN,Waxing Gibbous,https://ipfs.tothemoon.net/ipfs/bafkreib2i7243d4bhl6qupvkcyictuek7ye4s7aktuwa4hzix3xvebvtgq,Female,Patience,Leader,Versatility,Humor,Kind,3,1,3,,
Character,MTWY,Moon,1,North America,GIN,Moon Trainer,"WYN's in no rush to blaze the trail. She knows what's truly hers for the taking will be there when she arrives- all in good time. Besides, racing from place to place leaves no time for laughter and that's something she can't go without.",,27,WYN,Waxing Gibbous,https://ipfs.tothemoon.net/ipfs/bafkreifsthkiyz6izi64joq2tpjzn5hetg72v6mhb3qrsylppwm7cy3w3i,Female,Patience,Leader,Versatility,Humor,Kind,1,2,2,,
Character,MTWY,Moon,1,North America,GIN,Moon Trainer,"WYN's in no rush to blaze the trail. She knows what's truly hers for the taking will be there when she arrives- all in good time. Besides, racing from place to place leaves no time for laughter and that's something she can't go without.",,45,WYN,Waxing Gibbous,https://ipfs.tothemoon.net/ipfs/bafkreig3l46cgdtry5o2p2226totjq7tdouoxr5fng2ejnbex2xhzdyhy4,Female,Patience,Leader,Versatility,Humor,Kind,2,2,2,,
Character,MTWY,Moon,1,Europe,GIN,Moon Trainer,"WYN's in no rush to blaze the trail. She knows what's truly hers for the taking will be there when she arrives- all in good time. Besides, racing from place to place leaves no time for laughter and that's something she can't go without.",,57,WYN,Waxing Gibbous,https://ipfs.tothemoon.net/ipfs/bafkreihab7bk6zxxknbdfbma47v2ysykibynfu6nlb6r267m2jrzhe6tja,Female,Patience,Leader,Versatility,Humor,Kind,2,3,3,,
Character,MTWY,Moon,1,Africa,GIN,Moon Trainer,"WYN's in no rush to blaze the trail. She knows what's truly hers for the taking will be there when she arrives- all in good time. Besides, racing from place to place leaves no time for laughter and that's something she can't go without.",,77,WYN,Waxing Gibbous,https://ipfs.tothemoon.net/ipfs/bafkreib3ywrh2n4r2min3c3n4o2bltn3bis5t2lrqrsufrnmltpeha4q6u,Female,Patience,Leader,Versatility,Humor,Kind,2,1,3,,
Character,MTWY,Moon,1,North America,GIN,Moon Trainer,"WYN's in no rush to blaze the trail. She knows what's truly hers for the taking will be there when she arrives- all in good time. Besides, racing from place to place leaves no time for laughter and that's something she can't go without.",,35,WYN,Waxing Gibbous,https://ipfs.tothemoon.net/ipfs/bafkreibp5mwkxktts6tuqyygk62wtnbwe5xcvxyscuhjlgwqq4bs5f6xc4,Female,Patience,Leader,Versatility,Humor,Kind,1,1,3,,
Character,MTWY,Moon,1,North America,GIN,Moon Trainer,"WYN's in no rush to blaze the trail. She knows what's truly hers for the taking will be there when she arrives- all in good time. Besides, racing from place to place leaves no time for laughter and that's something she can't go without.",,29,WYN,Waxing Gibbous,https://ipfs.tothemoon.net/ipfs/bafkreicpg4ulyc3hgwisz6wutjd2dnv2u6kmbjv53tb5nvc4qbj6omaoci,Female,Patience,Leader,Versatility,Humor,Kind,2,1,2,,
Character,MTWY,Moon,1,Asia,GIN,Moon Trainer,"WYN's in no rush to blaze the trail. She knows what's truly hers for the taking will be there when she arrives- all in good time. Besides, racing from place to place leaves no time for laughter and that's something she can't go without.",,13,WYN,Waxing Gibbous,https://ipfs.tothemoon.net/ipfs/bafkreih2qbo26jns77xwiah5xl4plujwogfwujnit7i4j4i2ltobajfgiu,Female,Patience,Leader,Versatility,Humor,Kind,1,2,1,,
Character,MTWY,Moon,1,North America,GIN,Moon Trainer,"WYN's in no rush to blaze the trail. She knows what's truly hers for the taking will be there when she arrives- all in good time. Besides, racing from place to place leaves no time for laughter and that's something she can't go without.",,38,WYN,Waxing Gibbous,https://ipfs.tothemoon.net/ipfs/bafkreib6cizs4clgrp444umgy4tvkimzjytgjzohtfekvz6yviir4mao7y,Female,Patience,Leader,Versatility,Humor,Kind,1,1,1,,
Character,MTWY,Moon,1,North America,GIN,Moon Trainer,"WYN's in no rush to blaze the trail. She knows what's truly hers for the taking will be there when she arrives- all in good time. Besides, racing from place to place leaves no time for laughter and that's something she can't go without.",,36,WYN,Waxing Gibbous,https://ipfs.tothemoon.net/ipfs/bafkreihfpa7xxnco573hspptw2zkyjqlu6ukdtiwlt66nmxxxybaodz4su,Female,Patience,Leader,Versatility,Humor,Kind,1,3,1,,
Character,MTWY,Moon,1,Australia,GIN,Moon Trainer,"WYN's in no rush to blaze the trail. She knows what's truly hers for the taking will be there when she arrives- all in good time. Besides, racing from place to place leaves no time for laughter and that's something she can't go without.",,98,WYN,Waxing Gibbous,https://ipfs.tothemoon.net/ipfs/bafkreicuxfd4fmil2l5bahxmev3x5bv5iueos7eu2qlxaplsn64nz4qdeu,Female,Patience,Leader,Versatility,Humor,Kind,1,1,2,,
Character,MTWY,Moon,1,North America,GIN,Moon Trainer,"WYN's in no rush to blaze the trail. She knows what's truly hers for the taking will be there when she arrives- all in good time. Besides, racing from place to place leaves no time for laughter and that's something she can't go without.",,43,WYN,Waxing Gibbous,https://ipfs.tothemoon.net/ipfs/bafkreif2agpcyrvjrdi3k26ts2ngdcubdmbx55hhnekoo6xirmgigo2oeu,Female,Patience,Leader,Versatility,Humor,Kind,3,2,2,,
Character,MTWY,Moon,1,South America,GIN,Moon Trainer,"WYN's in no rush to blaze the trail. She knows what's truly hers for the taking will be there when she arrives- all in good time. Besides, racing from place to place leaves no time for laughter and that's something she can't go without.",,92,WYN,Waxing Gibbous,https://ipfs.tothemoon.net/ipfs/bafkreiakfdnxlwznyxq57n42nawe4gheixset4shv3k4mnryymmoce4x7a,Female,Patience,Leader,Versatility,Humor,Kind,1,3,2,,
Character,MTWY,Moon,1,North America,GIN,Moon Trainer,"WYN's in no rush to blaze the trail. She knows what's truly hers for the taking will be there when she arrives- all in good time. Besides, racing from place to place leaves no time for laughter and that's something she can't go without.",,30,WYN,Waxing Gibbous,https://ipfs.tothemoon.net/ipfs/bafkreifrynurk5ayaurizd35n4qrx6psvkgl5nomozv2xx27lh6ex3f34q,Female,Patience,Leader,Versatility,Humor,Kind,3,1,2,,
Character,MTWY,Moon,1,South America,GIN,Moon Trainer,"WYN's in no rush to blaze the trail. She knows what's truly hers for the taking will be there when she arrives- all in good time. Besides, racing from place to place leaves no time for laughter and that's something she can't go without.",,89,WYN,Waxing Gibbous,https://ipfs.tothemoon.net/ipfs/bafkreicdot6m56rkftuqv5nttjv2nuwvqp3afli366rjap7b3nec4ylmby,Female,Patience,Leader,Versatility,Humor,Kind,1,3,1,,
Character,MTWY,Moon,1,Asia,GIN,Moon Trainer,"WYN's in no rush to blaze the trail. She knows what's truly hers for the taking will be there when she arrives- all in good time. Besides, racing from place to place leaves no time for laughter and that's something she can't go without.",,19,WYN,Waxing Gibbous,https://ipfs.tothemoon.net/ipfs/bafkreidx24wwh3bqbxv37agtc6l6egqcdegxproyzhzyzvwaweuif3s3uy,Female,Patience,Leader,Versatility,Humor,Kind,3,2,3,,
Character,MTWY,Moon,1,North America,GIN,Moon Trainer,"WYN's in no rush to blaze the trail. She knows what's truly hers for the taking will be there when she arrives- all in good time. Besides, racing from place to place leaves no time for laughter and that's something she can't go without.",,28,WYN,Waxing Gibbous,https://ipfs.tothemoon.net/ipfs/bafkreifhfy5rzi6pyf22ifkk6kj2rxerrlp67eoowgujnl65fb47fj4rpi,Female,Patience,Leader,Versatility,Humor,Kind,2,2,3,,
Character,MTWY,Moon,1,South America,GIN,Moon Trainer,"WYN's in no rush to blaze the trail. She knows what's truly hers for the taking will be there when she arrives- all in good time. Besides, racing from place to place leaves no time for laughter and that's something she can't go without.",,94,WYN,Waxing Gibbous,https://ipfs.tothemoon.net/ipfs/bafkreihl46dyge2slnb6n7uhkozc7eifzoc7mkgulcpka4zfmmezfkuyhu,Female,Patience,Leader,Versatility,Humor,Kind,2,1,1,,
Character,MTWY,Moon,1,Europe,GIN,Moon Trainer,"WYN's in no rush to blaze the trail. She knows what's truly hers for the taking will be there when she arrives- all in good time. Besides, racing from place to place leaves no time for laughter and that's something she can't go without.",,60,WYN,Waxing Gibbous,https://ipfs.tothemoon.net/ipfs/bafkreidlrroanz6wfmgp6fi72uklq7xo55verqf26ridlxgquufycruitu,Female,Patience,Leader,Versatility,Humor,Kind,2,3,1,,
Character,MTWY,Moon,1,North America,GIN,Moon Trainer,"WYN's in no rush to blaze the trail. She knows what's truly hers for the taking will be there when she arrives- all in good time. Besides, racing from place to place leaves no time for laughter and that's something she can't go without.",,44,WYN,Waxing Gibbous,https://ipfs.tothemoon.net/ipfs/bafkreiaz7yhy2zvzyegvytnr44bdh4sllioizqcoxqvh7bgsnlzvh3h4o4,Female,Patience,Leader,Versatility,Humor,Kind,3,1,2,,
Character,MTWY,Moon,1,Australia,GIN,Moon Trainer,"WYN's in no rush to blaze the trail. She knows what's truly hers for the taking will be there when she arrives- all in good time. Besides, racing from place to place leaves no time for laughter and that's something she can't go without.",,96,WYN,Waxing Gibbous,https://ipfs.tothemoon.net/ipfs/bafkreib73hutjc4stsmsaq52dncecckq6arce4aassa73s7dmsf564tffu,Female,Patience,Leader,Versatility,Humor,Kind,1,2,1,,
Character,MTWY,Moon,1,Europe,GIN,Moon Trainer,"WYN's in no rush to blaze the trail. She knows what's truly hers for the taking will be there when she arrives- all in good time. Besides, racing from place to place leaves no time for laughter and that's something she can't go without.",,56,WYN,Waxing Gibbous,https://ipfs.tothemoon.net/ipfs/bafkreif6y4p4qsxchd26qxbmdyqyvdyjx4f2reijh4sjninqnoyq73wvbe,Female,Patience,Leader,Versatility,Humor,Kind,2,3,2,,
Character,MTWY,Moon,1,Europe,GIN,Moon Trainer,"WYN's in no rush to blaze the trail. She knows what's truly hers for the taking will be there when she arrives- all in good time. Besides, racing from place to place leaves no time for laughter and that's something she can't go without.",,46,WYN,Waxing Gibbous,https://ipfs.tothemoon.net/ipfs/bafkreiafbg62kc7v5yutrzqfp7oskirhzj5i3hipmtdbx2fzvx6dx5poce,Female,Patience,Leader,Versatility,Humor,Kind,3,1,3,,
Character,MTWY,Moon,1,Europe,GIN,Moon Trainer,"WYN's in no rush to blaze the trail. She knows what's truly hers for the taking will be there when she arrives- all in good time. Besides, racing from place to place leaves no time for laughter and that's something she can't go without.",,47,WYN,Waxing Gibbous,https://ipfs.tothemoon.net/ipfs/bafkreia464ifirefcr3cy4pwg7oscdeqfdwy6q7dsc6wrqnxhae654er4q,Female,Patience,Leader,Versatility,Humor,Kind,3,1,1,,
Character,MTWY,Moon,1,Africa,GIN,Moon Trainer,"WYN's in no rush to blaze the trail. She knows what's truly hers for the taking will be there when she arrives- all in good time. Besides, racing from place to place leaves no time for laughter and that's something she can't go without.",,73,WYN,Waxing Gibbous,https://ipfs.tothemoon.net/ipfs/bafkreia6iqj4dsjpfuzbl6nrig2fahr3zwf5e2g5dstzelmajeaqthkdhy,Female,Patience,Leader,Versatility,Humor,Kind,2,1,1,,
Character,MTWY,Moon,1,Europe,GIN,Moon Trainer,"WYN's in no rush to blaze the trail. She knows what's truly hers for the taking will be there when she arrives- all in good time. Besides, racing from place to place leaves no time for laughter and that's something she can't go without.",,61,WYN,Waxing Gibbous,https://ipfs.tothemoon.net/ipfs/bafkreihzmkwtwa43fta6qct574tv2l4egx7i7q2htry6nvrawwnppyubia,Female,Patience,Leader,Versatility,Humor,Kind,1,2,2,,
Character,MTZ,Moon,1,Asia,GIN,Moon Trainer,ZIN has every skill that the terrain requires. She regularly shows Cryptonauts how to do the same for nothing in return. She sees it as a way to pay homage to the moon for being the most beautiful and giving landscape to all.,,21,ZIN,Waxing Gibbous,https://ipfs.tothemoon.net/ipfs/bafkreickg242a45af4fdmjsv5drciprcnokmvf3xjnh6m54p4v4iccabpa,Female,Gratitude,Skilfull,Clever,Respect,Sociable,3,2,3,,
Character,MTZ,Moon,1,Asia,GIN,Moon Trainer,ZIN has every skill that the terrain requires. She regularly shows Cryptonauts how to do the same for nothing in return. She sees it as a way to pay homage to the moon for being the most beautiful and giving landscape to all.,,1,ZIN,Waxing Gibbous,https://ipfs.tothemoon.net/ipfs/bafkreif4o5xcps52shdzwkrrdad6kan4sq6ku5zbwrpg2osds4snsl3jrm,Female,Gratitude,Skilfull,Clever,Respect,Sociable,1,1,2,,
Character,MTZ,Moon,1,Asia,GIN,Moon Trainer,ZIN has every skill that the terrain requires. She regularly shows Cryptonauts how to do the same for nothing in return. She sees it as a way to pay homage to the moon for being the most beautiful and giving landscape to all.,,15,ZIN,Waxing Gibbous,https://ipfs.tothemoon.net/ipfs/bafkreigbk543sze4qgxytouupwfivzfpcz4lbzuesjy7ciylhinzmrf2su,Female,Gratitude,Skilfull,Clever,Respect,Sociable,1,2,2,,
Character,MTZ,Moon,1,Europe,GIN,Moon Trainer,ZIN has every skill that the terrain requires. She regularly shows Cryptonauts how to do the same for nothing in return. She sees it as a way to pay homage to the moon for being the most beautiful and giving landscape to all.,,62,ZIN,Waxing Gibbous,https://ipfs.tothemoon.net/ipfs/bafkreied44kftleo6k7lynvdcofbeuujleqvyf5oni2pjpnx44q7m3ww7q,Female,Gratitude,Skilfull,Clever,Respect,Sociable,2,3,2,,
Character,MTZ,Moon,1,North America,GIN,Moon Trainer,ZIN has every skill that the terrain requires. She regularly shows Cryptonauts how to do the same for nothing in return. She sees it as a way to pay homage to the moon for being the most beautiful and giving landscape to all.,,43,ZIN,Waxing Gibbous,https://ipfs.tothemoon.net/ipfs/bafkreiehqkyv7x6uctojtb7mow3ueumwe3ju3klo2ypzf6hieox5wezlqy,Female,Gratitude,Skilfull,Clever,Respect,Sociable,3,2,2,,
Character,MTZ,Moon,1,South America,GIN,Moon Trainer,ZIN has every skill that the terrain requires. She regularly shows Cryptonauts how to do the same for nothing in return. She sees it as a way to pay homage to the moon for being the most beautiful and giving landscape to all.,,89,ZIN,Waxing Gibbous,https://ipfs.tothemoon.net/ipfs/bafkreifcp7matahj4wksycdlfshm7zezibj6yck75gq3gyqfborjnh2iya,Female,Gratitude,Skilfull,Clever,Respect,Sociable,1,3,1,,
Character,MTZ,Moon,1,Asia,GIN,Moon Trainer,ZIN has every skill that the terrain requires. She regularly shows Cryptonauts how to do the same for nothing in return. She sees it as a way to pay homage to the moon for being the most beautiful and giving landscape to all.,,19,ZIN,Waxing Gibbous,https://ipfs.tothemoon.net/ipfs/bafkreiefckaxpxe3qk54k7uhqi32zn3bkx4uwkylpt6yfpc4vryybtruv4,Female,Gratitude,Skilfull,Clever,Respect,Sociable,3,2,3,,
Character,MTZ,Moon,1,Africa,GIN,Moon Trainer,ZIN has every skill that the terrain requires. She regularly shows Cryptonauts how to do the same for nothing in return. She sees it as a way to pay homage to the moon for being the most beautiful and giving landscape to all.,,70,ZIN,Waxing Gibbous,https://ipfs.tothemoon.net/ipfs/bafkreidjwrperf3z6qrziyyfbvzd3wz5v7gptzl6ivz5huxaaaedm5e6tm,Female,Gratitude,Skilfull,Clever,Respect,Sociable,3,2,1,,
Character,MTZ,Moon,1,North America,GIN,Moon Trainer,ZIN has every skill that the terrain requires. She regularly shows Cryptonauts how to do the same for nothing in return. She sees it as a way to pay homage to the moon for being the most beautiful and giving landscape to all.,,29,ZIN,Waxing Gibbous,https://ipfs.tothemoon.net/ipfs/bafkreiczkn5hp3stx2ejl64atlard42czkwoj63jtrzrmz2np6a2ww24vi,Female,Gratitude,Skilfull,Clever,Respect,Sociable,2,1,2,,
Character,MTZ,Moon,1,North America,GIN,Moon Trainer,ZIN has every skill that the terrain requires. She regularly shows Cryptonauts how to do the same for nothing in return. She sees it as a way to pay homage to the moon for being the most beautiful and giving landscape to all.,,42,ZIN,Waxing Gibbous,https://ipfs.tothemoon.net/ipfs/bafkreibjd2j7a6k7yc3gpx4mn3e72h4ipg5r4dhqopd6h5z2r3kh52bhqm,Female,Gratitude,Skilfull,Clever,Respect,Sociable,2,3,3,,
Character,MTZ,Moon,1,Asia,GIN,Moon Trainer,ZIN has every skill that the terrain requires. She regularly shows Cryptonauts how to do the same for nothing in return. She sees it as a way to pay homage to the moon for being the most beautiful and giving landscape to all.,,2,ZIN,Waxing Gibbous,https://ipfs.tothemoon.net/ipfs/bafkreicjnw62sj37ncoi3tszksdabz73is72xz46cpbnzckfvxafetbie4,Female,Gratitude,Skilfull,Clever,Respect,Sociable,1,3,2,,
Character,MTZ,Moon,1,South America,GIN,Moon Trainer,ZIN has every skill that the terrain requires. She regularly shows Cryptonauts how to do the same for nothing in return. She sees it as a way to pay homage to the moon for being the most beautiful and giving landscape to all.,,94,ZIN,Waxing Gibbous,https://ipfs.tothemoon.net/ipfs/bafkreicbo4ajtgiv7bbagcym7poyagj5g7kganfjr2shqmvbqj6hjgxpb4,Female,Gratitude,Skilfull,Clever,Respect,Sociable,2,1,1,,
Character,MTZ,Moon,1,North America,GIN,Moon Trainer,ZIN has every skill that the terrain requires. She regularly shows Cryptonauts how to do the same for nothing in return. She sees it as a way to pay homage to the moon for being the most beautiful and giving landscape to all.,,33,ZIN,Waxing Gibbous,https://ipfs.tothemoon.net/ipfs/bafkreietkqkgf22j6lc7d3n3hds5lxmfbqzdr35chzwvqki4puq5etktba,Female,Gratitude,Skilfull,Clever,Respect,Sociable,3,3,3,,
Character,MTZ,Moon,1,Europe,GIN,Moon Trainer,ZIN has every skill that the terrain requires. She regularly shows Cryptonauts how to do the same for nothing in return. She sees it as a way to pay homage to the moon for being the most beautiful and giving landscape to all.,,59,ZIN,Waxing Gibbous,https://ipfs.tothemoon.net/ipfs/bafkreifjfddkexsizgndmn7ahogqcq63ooxzbgvic7amdrcsscubbow2cu,Female,Gratitude,Skilfull,Clever,Respect,Sociable,2,1,1,,
Character,MTZ,Moon,1,South America,GIN,Moon Trainer,ZIN has every skill that the terrain requires. She regularly shows Cryptonauts how to do the same for nothing in return. She sees it as a way to pay homage to the moon for being the most beautiful and giving landscape to all.,,92,ZIN,Waxing Gibbous,https://ipfs.tothemoon.net/ipfs/bafkreif7kyqmownjcn5ful6lsxum3muk34xhdy4dtgjaidx7oddgqwyzbq,Female,Gratitude,Skilfull,Clever,Respect,Sociable,1,3,2,,
Character,MTZ,Moon,1,Asia,GIN,Moon Trainer,ZIN has every skill that the terrain requires. She regularly shows Cryptonauts how to do the same for nothing in return. She sees it as a way to pay homage to the moon for being the most beautiful and giving landscape to all.,,9,ZIN,Waxing Gibbous,https://ipfs.tothemoon.net/ipfs/bafkreiahmhg66cpelpx3ilsz6id4nxtn5umkejna4sx6kehdifqoscslqy,Female,Gratitude,Skilfull,Clever,Respect,Sociable,2,2,1,,
Character,MTZ,Moon,1,Asia,GIN,Moon Trainer,ZIN has every skill that the terrain requires. She regularly shows Cryptonauts how to do the same for nothing in return. She sees it as a way to pay homage to the moon for being the most beautiful and giving landscape to all.,,5,ZIN,Waxing Gibbous,https://ipfs.tothemoon.net/ipfs/bafkreidrbrgtnlhxswcklxoiljjigykjq7xbsd5mblowlgdtzz3veot2ji,Female,Gratitude,Skilfull,Clever,Respect,Sociable,1,3,2,,
Character,MTZ,Moon,1,Europe,GIN,Moon Trainer,ZIN has every skill that the terrain requires. She regularly shows Cryptonauts how to do the same for nothing in return. She sees it as a way to pay homage to the moon for being the most beautiful and giving landscape to all.,,47,ZIN,Waxing Gibbous,https://ipfs.tothemoon.net/ipfs/bafkreiazer5horjv7vfdz64yuixe4u2jfh6u7vgvdyqrnvvu32xbc5jmua,Female,Gratitude,Skilfull,Clever,Respect,Sociable,3,1,1,,
Character,MTZ,Moon,1,Europe,GIN,Moon Trainer,ZIN has every skill that the terrain requires. She regularly shows Cryptonauts how to do the same for nothing in return. She sees it as a way to pay homage to the moon for being the most beautiful and giving landscape to all.,,56,ZIN,Waxing Gibbous,https://ipfs.tothemoon.net/ipfs/bafkreieowf6s6ga5jmhx2ti23mxnjtxxjzalfuivdmecq7v43uxwddav4m,Female,Gratitude,Skilfull,Clever,Respect,Sociable,2,3,2,,
Character,MTZ,Moon,1,South America,GIN,Moon Trainer,ZIN has every skill that the terrain requires. She regularly shows Cryptonauts how to do the same for nothing in return. She sees it as a way to pay homage to the moon for being the most beautiful and giving landscape to all.,,87,ZIN,Waxing Gibbous,https://ipfs.tothemoon.net/ipfs/bafkreid3cdxwmxofxq6qyu5fzxclh3h2qp5yc3nhpuxgp7wgzrysywga5y,Female,Gratitude,Skilfull,Clever,Respect,Sociable,2,2,2,,
Character,MTZ,Moon,1,North America,GIN,Moon Trainer,ZIN has every skill that the terrain requires. She regularly shows Cryptonauts how to do the same for nothing in return. She sees it as a way to pay homage to the moon for being the most beautiful and giving landscape to all.,,31,ZIN,Waxing Gibbous,https://ipfs.tothemoon.net/ipfs/bafkreicfmwh5p6mtfac7svde4lfo3jwgmspc3hjqszjwlbms63v3iq33fq,Female,Gratitude,Skilfull,Clever,Respect,Sociable,2,3,3,,
Character,MTZ,Moon,1,Africa,GIN,Moon Trainer,ZIN has every skill that the terrain requires. She regularly shows Cryptonauts how to do the same for nothing in return. She sees it as a way to pay homage to the moon for being the most beautiful and giving landscape to all.,,72,ZIN,Waxing Gibbous,https://ipfs.tothemoon.net/ipfs/bafkreifzcc4pmtdxj3bjru63fhxnbyus3di7yxv4zga5bymi64fuafrb3e,Female,Gratitude,Skilfull,Clever,Respect,Sociable,1,1,1,,
Character,MTZ,Moon,1,Asia,GIN,Moon Trainer,ZIN has every skill that the terrain requires. She regularly shows Cryptonauts how to do the same for nothing in return. She sees it as a way to pay homage to the moon for being the most beautiful and giving landscape to all.,,3,ZIN,Waxing Gibbous,https://ipfs.tothemoon.net/ipfs/bafkreigiocodayh5ve2bfcqshhrb4cbjmh5vnzfexssh3qsahksm4wsbyu,Female,Gratitude,Skilfull,Clever,Respect,Sociable,1,1,2,,
Character,MTZ,Moon,1,Africa,GIN,Moon Trainer,ZIN has every skill that the terrain requires. She regularly shows Cryptonauts how to do the same for nothing in return. She sees it as a way to pay homage to the moon for being the most beautiful and giving landscape to all.,,69,ZIN,Waxing Gibbous,https://ipfs.tothemoon.net/ipfs/bafkreidcr3jadrgkswcmyhkltnejstoac5n7zaz2d6cywlaz5wvxdlmaue,Female,Gratitude,Skilfull,Clever,Respect,Sociable,2,2,2,,
Character,MTZ,Moon,1,Africa,GIN,Moon Trainer,ZIN has every skill that the terrain requires. She regularly shows Cryptonauts how to do the same for nothing in return. She sees it as a way to pay homage to the moon for being the most beautiful and giving landscape to all.,,75,ZIN,Waxing Gibbous,https://ipfs.tothemoon.net/ipfs/bafkreiei43idnbq5ldui4gxetdgrsr75p2n7u63f5qjxiww7mznipjjrh4,Female,Gratitude,Skilfull,Clever,Respect,Sociable,2,3,2,,
Character,MTZ,Moon,1,South America,GIN,Moon Trainer,ZIN has every skill that the terrain requires. She regularly shows Cryptonauts how to do the same for nothing in return. She sees it as a way to pay homage to the moon for being the most beautiful and giving landscape to all.,,83,ZIN,Waxing Gibbous,https://ipfs.tothemoon.net/ipfs/bafkreia5j4tl5mooebqvkdywrpl7h5vyue5rut55q4ak4bkue4t7chrklm,Female,Gratitude,Skilfull,Clever,Respect,Sociable,2,1,3,,
Character,MTZ,Moon,1,Asia,GIN,Moon Trainer,ZIN has every skill that the terrain requires. She regularly shows Cryptonauts how to do the same for nothing in return. She sees it as a way to pay homage to the moon for being the most beautiful and giving landscape to all.,,10,ZIN,Waxing Gibbous,https://ipfs.tothemoon.net/ipfs/bafkreiepkxzmuc456ysctgagq2mkg236vdatp4itylyt5mputpmxiualgq,Female,Gratitude,Skilfull,Clever,Respect,Sociable,2,2,3,,
Character,MTZ,Moon,1,Asia,GIN,Moon Trainer,ZIN has every skill that the terrain requires. She regularly shows Cryptonauts how to do the same for nothing in return. She sees it as a way to pay homage to the moon for being the most beautiful and giving landscape to all.,,22,ZIN,Waxing Gibbous,https://ipfs.tothemoon.net/ipfs/bafkreih5vtcdj7wp24pm7wzvvrvceq7uhwo4frfxw7vdd4ggld5e4jzb6a,Female,Gratitude,Skilfull,Clever,Respect,Sociable,1,3,3,,
Character,MTZ,Moon,1,South America,GIN,Moon Trainer,ZIN has every skill that the terrain requires. She regularly shows Cryptonauts how to do the same for nothing in return. She sees it as a way to pay homage to the moon for being the most beautiful and giving landscape to all.,,82,ZIN,Waxing Gibbous,https://ipfs.tothemoon.net/ipfs/bafkreibibiqwie6b4mzwg4yloedhkdgwurbo77lkzlt6xdhkoyzxi6tsiu,Female,Gratitude,Skilfull,Clever,Respect,Sociable,3,1,1,,
Character,MTZ,Moon,1,Asia,GIN,Moon Trainer,ZIN has every skill that the terrain requires. She regularly shows Cryptonauts how to do the same for nothing in return. She sees it as a way to pay homage to the moon for being the most beautiful and giving landscape to all.,,17,ZIN,Waxing Gibbous,https://ipfs.tothemoon.net/ipfs/bafkreibkguinc4kzbry55opxap5jgdixmc3kwm7ge66zyd6czwczwkrp4i,Female,Gratitude,Skilfull,Clever,Respect,Sociable,2,3,3,,
Character,MTZ,Moon,1,North America,GIN,Moon Trainer,ZIN has every skill that the terrain requires. She regularly shows Cryptonauts how to do the same for nothing in return. She sees it as a way to pay homage to the moon for being the most beautiful and giving landscape to all.,,26,ZIN,Waxing Gibbous,https://ipfs.tothemoon.net/ipfs/bafkreihsgvfpp75u7b2ld73pyauyt53qlkpnqjf2v5erliuppidh6wgz6m,Female,Gratitude,Skilfull,Clever,Respect,Sociable,1,2,3,,
Character,MTZ,Moon,1,Europe,GIN,Moon Trainer,ZIN has every skill that the terrain requires. She regularly shows Cryptonauts how to do the same for nothing in return. She sees it as a way to pay homage to the moon for being the most beautiful and giving landscape to all.,,55,ZIN,Waxing Gibbous,https://ipfs.tothemoon.net/ipfs/bafkreig4ft3hyppf66et5jwknl5wmnckphcwoqdqxdpa475ufwxfbiae4u,Female,Gratitude,Skilfull,Clever,Respect,Sociable,2,2,1,,
Character,MTZ,Moon,1,South America,GIN,Moon Trainer,ZIN has every skill that the terrain requires. She regularly shows Cryptonauts how to do the same for nothing in return. She sees it as a way to pay homage to the moon for being the most beautiful and giving landscape to all.,,88,ZIN,Waxing Gibbous,https://ipfs.tothemoon.net/ipfs/bafkreigq3he3ezshnq2tg2frm4uicpoyyexgdiewxp4tmch647nlpbkm2y,Female,Gratitude,Skilfull,Clever,Respect,Sociable,1,2,3,,
Character,MTZ,Moon,1,Asia,GIN,Moon Trainer,ZIN has every skill that the terrain requires. She regularly shows Cryptonauts how to do the same for nothing in return. She sees it as a way to pay homage to the moon for being the most beautiful and giving landscape to all.,,25,ZIN,Waxing Gibbous,https://ipfs.tothemoon.net/ipfs/bafkreiccjiwmpevu3xfp4tcmxvzmviblhfax444vp6euhjkd7nctdtpttq,Female,Gratitude,Skilfull,Clever,Respect,Sociable,1,3,3,,
Character,MTZ,Moon,1,Europe,GIN,Moon Trainer,ZIN has every skill that the terrain requires. She regularly shows Cryptonauts how to do the same for nothing in return. She sees it as a way to pay homage to the moon for being the most beautiful and giving landscape to all.,,65,ZIN,Waxing Gibbous,https://ipfs.tothemoon.net/ipfs/bafkreibm6nmjkqkr2sb2zwowg4wfakamo7i53nnh3m7wlwfw43hgitq44u,Female,Gratitude,Skilfull,Clever,Respect,Sociable,1,1,1,,
Character,MTZ,Moon,1,Europe,GIN,Moon Trainer,ZIN has every skill that the terrain requires. She regularly shows Cryptonauts how to do the same for nothing in return. She sees it as a way to pay homage to the moon for being the most beautiful and giving landscape to all.,,64,ZIN,Waxing Gibbous,https://ipfs.tothemoon.net/ipfs/bafkreieq6flstj5ubenlws5tjf5c4ho63z2lqh65vkwmzpj66xygvnr7fu,Female,Gratitude,Skilfull,Clever,Respect,Sociable,1,2,3,,
Character,MTZ,Moon,1,North America,GIN,Moon Trainer,ZIN has every skill that the terrain requires. She regularly shows Cryptonauts how to do the same for nothing in return. She sees it as a way to pay homage to the moon for being the most beautiful and giving landscape to all.,,44,ZIN,Waxing Gibbous,https://ipfs.tothemoon.net/ipfs/bafkreihqjp3uovsayvkonsfrxukuuhxutklemskslxr4bmh5ygfztzbu7i,Female,Gratitude,Skilfull,Clever,Respect,Sociable,3,1,2,,
Character,MTZ,Moon,1,Asia,GIN,Moon Trainer,ZIN has every skill that the terrain requires. She regularly shows Cryptonauts how to do the same for nothing in return. She sees it as a way to pay homage to the moon for being the most beautiful and giving landscape to all.,,23,ZIN,Waxing Gibbous,https://ipfs.tothemoon.net/ipfs/bafkreiddjagr6px2k3css4btblp6a4go4cn4deod6xmfdkqiwkhs4e4xdy,Female,Gratitude,Skilfull,Clever,Respect,Sociable,1,3,3,,
Character,MTZ,Moon,1,Asia,GIN,Moon Trainer,ZIN has every skill that the terrain requires. She regularly shows Cryptonauts how to do the same for nothing in return. She sees it as a way to pay homage to the moon for being the most beautiful and giving landscape to all.,,18,ZIN,Waxing Gibbous,https://ipfs.tothemoon.net/ipfs/bafkreig22cx6ulvuqtcwfag77qr464n6sfjgs4tf2uuj66qk4pmhaziwqq,Female,Gratitude,Skilfull,Clever,Respect,Sociable,2,3,1,,
Character,MTZ,Moon,1,North America,GIN,Moon Trainer,ZIN has every skill that the terrain requires. She regularly shows Cryptonauts how to do the same for nothing in return. She sees it as a way to pay homage to the moon for being the most beautiful and giving landscape to all.,,30,ZIN,Waxing Gibbous,https://ipfs.tothemoon.net/ipfs/bafkreicgrkcaczrgit2atr3hppxropp3yvon5d5xfrpziukplwkzs4rx4a,Female,Gratitude,Skilfull,Clever,Respect,Sociable,3,1,2,,
Character,MTZ,Moon,1,North America,GIN,Moon Trainer,ZIN has every skill that the terrain requires. She regularly shows Cryptonauts how to do the same for nothing in return. She sees it as a way to pay homage to the moon for being the most beautiful and giving landscape to all.,,41,ZIN,Waxing Gibbous,https://ipfs.tothemoon.net/ipfs/bafkreihqydgxajbuk7mlgbrvsfnizirxuuaf25iiejh3kxpotscnav2tey,Female,Gratitude,Skilfull,Clever,Respect,Sociable,2,3,1,,
Character,MTZ,Moon,1,South America,GIN,Moon Trainer,ZIN has every skill that the terrain requires. She regularly shows Cryptonauts how to do the same for nothing in return. She sees it as a way to pay homage to the moon for being the most beautiful and giving landscape to all.,,93,ZIN,Waxing Gibbous,https://ipfs.tothemoon.net/ipfs/bafkreidy3assiuy3sl5w4kkn6glyhub543lvjp2vxia7ll4k3u44thw6zq,Female,Gratitude,Skilfull,Clever,Respect,Sociable,2,3,2,,
Character,MTZ,Moon,1,Asia,GIN,Moon Trainer,ZIN has every skill that the terrain requires. She regularly shows Cryptonauts how to do the same for nothing in return. She sees it as a way to pay homage to the moon for being the most beautiful and giving landscape to all.,,8,ZIN,Waxing Gibbous,https://ipfs.tothemoon.net/ipfs/bafkreidzy7qto2it7ojqoh72xdvnoj3wmp3whv4ke6ksdgwwtcnxknos3m,Female,Gratitude,Skilfull,Clever,Respect,Sociable,1,3,1,,
Character,MTZ,Moon,1,South America,GIN,Moon Trainer,ZIN has every skill that the terrain requires. She regularly shows Cryptonauts how to do the same for nothing in return. She sees it as a way to pay homage to the moon for being the most beautiful and giving landscape to all.,,84,ZIN,Waxing Gibbous,https://ipfs.tothemoon.net/ipfs/bafkreignphzgindvocd2rayp47mqbbstdvc76nqbcoggtx76gey56ta2zm,Female,Gratitude,Skilfull,Clever,Respect,Sociable,1,2,1,,
Character,MTZ,Moon,1,North America,GIN,Moon Trainer,ZIN has every skill that the terrain requires. She regularly shows Cryptonauts how to do the same for nothing in return. She sees it as a way to pay homage to the moon for being the most beautiful and giving landscape to all.,,40,ZIN,Waxing Gibbous,https://ipfs.tothemoon.net/ipfs/bafkreich7mcnkqolrvmhgnn6ebzrnuig6bu6aj37uxe5igzxrsaj3pbtoy,Female,Gratitude,Skilfull,Clever,Respect,Sociable,3,2,2,,
Character,MTZ,Moon,1,Africa,GIN,Moon Trainer,ZIN has every skill that the terrain requires. She regularly shows Cryptonauts how to do the same for nothing in return. She sees it as a way to pay homage to the moon for being the most beautiful and giving landscape to all.,,67,ZIN,Waxing Gibbous,https://ipfs.tothemoon.net/ipfs/bafkreicbvid52azcujw6s4nfnynnrdholxjprndq7jswsb6qlpoluxcolu,Female,Gratitude,Skilfull,Clever,Respect,Sociable,3,1,1,,
Character,MTZ,Moon,1,Europe,GIN,Moon Trainer,ZIN has every skill that the terrain requires. She regularly shows Cryptonauts how to do the same for nothing in return. She sees it as a way to pay homage to the moon for being the most beautiful and giving landscape to all.,,57,ZIN,Waxing Gibbous,https://ipfs.tothemoon.net/ipfs/bafkreig7ugmzzsonggibnse5k2zmrjjb2pr4r2n3oae7ja53dv3lt7cini,Female,Gratitude,Skilfull,Clever,Respect,Sociable,2,3,3,,
Character,MTZ,Moon,1,Africa,GIN,Moon Trainer,ZIN has every skill that the terrain requires. She regularly shows Cryptonauts how to do the same for nothing in return. She sees it as a way to pay homage to the moon for being the most beautiful and giving landscape to all.,,71,ZIN,Waxing Gibbous,https://ipfs.tothemoon.net/ipfs/bafkreihygjk5zni2rdevrmb4nqwptayswqv634e4exwnuzqsywstny2lly,Female,Gratitude,Skilfull,Clever,Respect,Sociable,1,3,2,,
Character,MTZ,Moon,1,North America,GIN,Moon Trainer,ZIN has every skill that the terrain requires. She regularly shows Cryptonauts how to do the same for nothing in return. She sees it as a way to pay homage to the moon for being the most beautiful and giving landscape to all.,,35,ZIN,Waxing Gibbous,https://ipfs.tothemoon.net/ipfs/bafkreicdo36ttrj4ss662fxnbeszoc7ygl2u25l5epfhfdqgk5nmsomfkm,Female,Gratitude,Skilfull,Clever,Respect,Sociable,1,1,3,,
Character,MTZ,Moon,1,Europe,GIN,Moon Trainer,ZIN has every skill that the terrain requires. She regularly shows Cryptonauts how to do the same for nothing in return. She sees it as a way to pay homage to the moon for being the most beautiful and giving landscape to all.,,51,ZIN,Waxing Gibbous,https://ipfs.tothemoon.net/ipfs/bafkreifxu7rq66m6g6k7a2plizpuw5jnnwsgeh26rm6zo32ieoljv4ijba,Female,Gratitude,Skilfull,Clever,Respect,Sociable,3,3,2,,
Character,MTZ,Moon,1,Europe,GIN,Moon Trainer,ZIN has every skill that the terrain requires. She regularly shows Cryptonauts how to do the same for nothing in return. She sees it as a way to pay homage to the moon for being the most beautiful and giving landscape to all.,,48,ZIN,Waxing Gibbous,https://ipfs.tothemoon.net/ipfs/bafkreiaqj2llmguvssrce7lwblg2zmfwgzrdakg3har7tn7no5vnraz3g4,Female,Gratitude,Skilfull,Clever,Respect,Sociable,3,2,2,,
Character,MTZ,Moon,1,North America,GIN,Moon Trainer,ZIN has every skill that the terrain requires. She regularly shows Cryptonauts how to do the same for nothing in return. She sees it as a way to pay homage to the moon for being the most beautiful and giving landscape to all.,,37,ZIN,Waxing Gibbous,https://ipfs.tothemoon.net/ipfs/bafkreih6be6k3ku3r6n6jaitvb5qluovzgh7bj2ef6nqml3brl5dgvua4a,Female,Gratitude,Skilfull,Clever,Respect,Sociable,3,1,1,,
Character,MTZ,Moon,1,Africa,GIN,Moon Trainer,ZIN has every skill that the terrain requires. She regularly shows Cryptonauts how to do the same for nothing in return. She sees it as a way to pay homage to the moon for being the most beautiful and giving landscape to all.,,76,ZIN,Waxing Gibbous,https://ipfs.tothemoon.net/ipfs/bafkreif5kf4vn2xfjyvrizpeuggrvtztxn7mutnhypopdpeglwalywzx4e,Female,Gratitude,Skilfull,Clever,Respect,Sociable,2,1,2,,
Character,MTZ,Moon,1,South America,GIN,Moon Trainer,ZIN has every skill that the terrain requires. She regularly shows Cryptonauts how to do the same for nothing in return. She sees it as a way to pay homage to the moon for being the most beautiful and giving landscape to all.,,81,ZIN,Waxing Gibbous,https://ipfs.tothemoon.net/ipfs/bafkreiazkrtslhqm3uqbyeka46pi6ibi3fybz4g6wawfhc6ghfvxfsrovu,Female,Gratitude,Skilfull,Clever,Respect,Sociable,1,2,2,,
Character,MTZ,Moon,1,South America,GIN,Moon Trainer,ZIN has every skill that the terrain requires. She regularly shows Cryptonauts how to do the same for nothing in return. She sees it as a way to pay homage to the moon for being the most beautiful and giving landscape to all.,,91,ZIN,Waxing Gibbous,https://ipfs.tothemoon.net/ipfs/bafkreibddzwblhv6kwfzfoqsbomg5kq2bxtk55ajco3bmyx3wmiro25dsi,Female,Gratitude,Skilfull,Clever,Respect,Sociable,3,1,3,,
Character,MTZ,Moon,1,Europe,GIN,Moon Trainer,ZIN has every skill that the terrain requires. She regularly shows Cryptonauts how to do the same for nothing in return. She sees it as a way to pay homage to the moon for being the most beautiful and giving landscape to all.,,63,ZIN,Waxing Gibbous,https://ipfs.tothemoon.net/ipfs/bafkreiergxmt64hrp3moqu4daoxt7dryesbavhys47yi6t6bdmdxfrs77q,Female,Gratitude,Skilfull,Clever,Respect,Sociable,1,1,2,,
Character,MTZ,Moon,1,North America,GIN,Moon Trainer,ZIN has every skill that the terrain requires. She regularly shows Cryptonauts how to do the same for nothing in return. She sees it as a way to pay homage to the moon for being the most beautiful and giving landscape to all.,,45,ZIN,Waxing Gibbous,https://ipfs.tothemoon.net/ipfs/bafkreiaiqrfpyffxu65sayf3kebitqienr57xmg4wod6cmqpmob3x7qu6a,Female,Gratitude,Skilfull,Clever,Respect,Sociable,2,2,2,,
Character,MTZ,Moon,1,North America,GIN,Moon Trainer,ZIN has every skill that the terrain requires. She regularly shows Cryptonauts how to do the same for nothing in return. She sees it as a way to pay homage to the moon for being the most beautiful and giving landscape to all.,,36,ZIN,Waxing Gibbous,https://ipfs.tothemoon.net/ipfs/bafkreice3737adcybbpsawhwmmyyzdqfmyld4utkmahjdq65g6haqevxcq,Female,Gratitude,Skilfull,Clever,Respect,Sociable,1,3,1,,
Character,MTZ,Moon,1,Africa,GIN,Moon Trainer,ZIN has every skill that the terrain requires. She regularly shows Cryptonauts how to do the same for nothing in return. She sees it as a way to pay homage to the moon for being the most beautiful and giving landscape to all.,,74,ZIN,Waxing Gibbous,https://ipfs.tothemoon.net/ipfs/bafkreia5kd26gn7jrfixfwoxrnsszcyvq7pb3c2odqtywxfhqywr4xv6hi,Female,Gratitude,Skilfull,Clever,Respect,Sociable,3,1,2,,
Character,MTZ,Moon,1,Africa,GIN,Moon Trainer,ZIN has every skill that the terrain requires. She regularly shows Cryptonauts how to do the same for nothing in return. She sees it as a way to pay homage to the moon for being the most beautiful and giving landscape to all.,,77,ZIN,Waxing Gibbous,https://ipfs.tothemoon.net/ipfs/bafkreiakj6xl62rtzc3glyg3l32emerewtc2ifaja75vyff2pp27ujhdm4,Female,Gratitude,Skilfull,Clever,Respect,Sociable,2,1,3,,
Character,MTZ,Moon,1,Asia,GIN,Moon Trainer,ZIN has every skill that the terrain requires. She regularly shows Cryptonauts how to do the same for nothing in return. She sees it as a way to pay homage to the moon for being the most beautiful and giving landscape to all.,,24,ZIN,Waxing Gibbous,https://ipfs.tothemoon.net/ipfs/bafkreianv26opybrauwrfllbe2i7xel25nox6zb6vjpym6fdgf2goi3gxa,Female,Gratitude,Skilfull,Clever,Respect,Sociable,2,1,3,,
Character,MTZ,Moon,1,Australia,GIN,Moon Trainer,ZIN has every skill that the terrain requires. She regularly shows Cryptonauts how to do the same for nothing in return. She sees it as a way to pay homage to the moon for being the most beautiful and giving landscape to all.,,99,ZIN,Waxing Gibbous,https://ipfs.tothemoon.net/ipfs/bafkreicy25uyhqtvvizifkp4zyl2hxsiw4gla6woze5dicvjnzdikatd5a,Female,Gratitude,Skilfull,Clever,Respect,Sociable,2,2,1,,
Character,MTZ,Moon,1,North America,GIN,Moon Trainer,ZIN has every skill that the terrain requires. She regularly shows Cryptonauts how to do the same for nothing in return. She sees it as a way to pay homage to the moon for being the most beautiful and giving landscape to all.,,39,ZIN,Waxing Gibbous,https://ipfs.tothemoon.net/ipfs/bafkreiel3xlsslgzhxnor6pl3no3hp4zukkbbzg2c7pois3n5yyp3rodsa,Female,Gratitude,Skilfull,Clever,Respect,Sociable,3,2,1,,
Character,MTZ,Moon,1,Africa,GIN,Moon Trainer,ZIN has every skill that the terrain requires. She regularly shows Cryptonauts how to do the same for nothing in return. She sees it as a way to pay homage to the moon for being the most beautiful and giving landscape to all.,,68,ZIN,Waxing Gibbous,https://ipfs.tothemoon.net/ipfs/bafkreibgzdk3p7ctmplytvlqsfiafoqzamts5u3n5fwgaenkbzyq6ijylm,Female,Gratitude,Skilfull,Clever,Respect,Sociable,2,3,1,,
Character,MTZ,Moon,1,Africa,GIN,Moon Trainer,ZIN has every skill that the terrain requires. She regularly shows Cryptonauts how to do the same for nothing in return. She sees it as a way to pay homage to the moon for being the most beautiful and giving landscape to all.,,80,ZIN,Waxing Gibbous,https://ipfs.tothemoon.net/ipfs/bafkreifg2xkropov7q2i77hq2uw43aph7rdvsaakslsusd6pkuxvkg54zm,Female,Gratitude,Skilfull,Clever,Respect,Sociable,1,3,3,,
Character,MTZ,Moon,1,Africa,GIN,Moon Trainer,ZIN has every skill that the terrain requires. She regularly shows Cryptonauts how to do the same for nothing in return. She sees it as a way to pay homage to the moon for being the most beautiful and giving landscape to all.,,66,ZIN,Waxing Gibbous,https://ipfs.tothemoon.net/ipfs/bafkreiddxrruttfjkfzi6j2lwvydk7i3cc54e6mxse2oz45pruxdlen25e,Female,Gratitude,Skilfull,Clever,Respect,Sociable,3,3,1,,
Character,MTZ,Moon,1,Asia,GIN,Moon Trainer,ZIN has every skill that the terrain requires. She regularly shows Cryptonauts how to do the same for nothing in return. She sees it as a way to pay homage to the moon for being the most beautiful and giving landscape to all.,,14,ZIN,Waxing Gibbous,https://ipfs.tothemoon.net/ipfs/bafkreifvdsugstayvfnwxxa5z2sqz7oukpyk2s53lae3v73h7r2vtjepyq,Female,Gratitude,Skilfull,Clever,Respect,Sociable,1,1,3,,
Character,MTZ,Moon,1,North America,GIN,Moon Trainer,ZIN has every skill that the terrain requires. She regularly shows Cryptonauts how to do the same for nothing in return. She sees it as a way to pay homage to the moon for being the most beautiful and giving landscape to all.,,38,ZIN,Waxing Gibbous,https://ipfs.tothemoon.net/ipfs/bafkreihxyoz3fof27jj2rawd4zpxlrl3yiicwchaih4e2sghifut4smmgm,Female,Gratitude,Skilfull,Clever,Respect,Sociable,1,1,1,,
Character,MTZ,Moon,1,Africa,GIN,Moon Trainer,ZIN has every skill that the terrain requires. She regularly shows Cryptonauts how to do the same for nothing in return. She sees it as a way to pay homage to the moon for being the most beautiful and giving landscape to all.,,73,ZIN,Waxing Gibbous,https://ipfs.tothemoon.net/ipfs/bafkreic6qxgydsuikvf6ttaecehftq3g2lxn2g2a3hkrn7b6gtphudyyz4,Female,Gratitude,Skilfull,Clever,Respect,Sociable,2,1,1,,
Character,MTZ,Moon,1,South America,GIN,Moon Trainer,ZIN has every skill that the terrain requires. She regularly shows Cryptonauts how to do the same for nothing in return. She sees it as a way to pay homage to the moon for being the most beautiful and giving landscape to all.,,86,ZIN,Waxing Gibbous,https://ipfs.tothemoon.net/ipfs/bafkreievtbemeifxoy6ukyvczg7o4dgtmgj3c3qfcomxcdo7aeytl62r6m,Female,Gratitude,Skilfull,Clever,Respect,Sociable,2,1,2,,
Character,MTZ,Moon,1,Asia,GIN,Moon Trainer,ZIN has every skill that the terrain requires. She regularly shows Cryptonauts how to do the same for nothing in return. She sees it as a way to pay homage to the moon for being the most beautiful and giving landscape to all.,,12,ZIN,Waxing Gibbous,https://ipfs.tothemoon.net/ipfs/bafkreidrgoqundbnepyp4gtyc3jpto2ookofyif4alab3k6am7f5mi4t7q,Female,Gratitude,Skilfull,Clever,Respect,Sociable,3,3,3,,
Character,MTZ,Moon,1,Africa,GIN,Moon Trainer,ZIN has every skill that the terrain requires. She regularly shows Cryptonauts how to do the same for nothing in return. She sees it as a way to pay homage to the moon for being the most beautiful and giving landscape to all.,,79,ZIN,Waxing Gibbous,https://ipfs.tothemoon.net/ipfs/bafkreifmiy3iuvgx6usu22i5ke33xjcauzmgwmivv75hfweltdwigorhrq,Female,Gratitude,Skilfull,Clever,Respect,Sociable,3,3,3,,
Character,MTZ,Moon,1,North America,GIN,Moon Trainer,ZIN has every skill that the terrain requires. She regularly shows Cryptonauts how to do the same for nothing in return. She sees it as a way to pay homage to the moon for being the most beautiful and giving landscape to all.,,32,ZIN,Waxing Gibbous,https://ipfs.tothemoon.net/ipfs/bafkreiaw2ozkhj4kew5hz4jevaehisbian47z4kl6adhyowdliatulinpm,Female,Gratitude,Skilfull,Clever,Respect,Sociable,2,1,2,,
Character,MTZ,Moon,1,South America,GIN,Moon Trainer,ZIN has every skill that the terrain requires. She regularly shows Cryptonauts how to do the same for nothing in return. She sees it as a way to pay homage to the moon for being the most beautiful and giving landscape to all.,,90,ZIN,Waxing Gibbous,https://ipfs.tothemoon.net/ipfs/bafkreifwqbrpm3srrcmrjmybedjyqojl7fcaga3f2bdatqabxlemtpxrbe,Female,Gratitude,Skilfull,Clever,Respect,Sociable,3,1,3,,
Character,MTZ,Moon,1,Europe,GIN,Moon Trainer,ZIN has every skill that the terrain requires. She regularly shows Cryptonauts how to do the same for nothing in return. She sees it as a way to pay homage to the moon for being the most beautiful and giving landscape to all.,,50,ZIN,Waxing Gibbous,https://ipfs.tothemoon.net/ipfs/bafkreifgpgvymoi6rh6fefzqxb2nqndpptxghreqm4s573emw2udjkr5qu,Female,Gratitude,Skilfull,Clever,Respect,Sociable,3,3,3,,
Character,MTZ,Moon,1,North America,GIN,Moon Trainer,ZIN has every skill that the terrain requires. She regularly shows Cryptonauts how to do the same for nothing in return. She sees it as a way to pay homage to the moon for being the most beautiful and giving landscape to all.,,27,ZIN,Waxing Gibbous,https://ipfs.tothemoon.net/ipfs/bafkreicwj44ix4l4i4xqh2awu2jmc6kfihxmnbfxfu54eyjto6pyhlfcwq,Female,Gratitude,Skilfull,Clever,Respect,Sociable,1,2,2,,
Character,MTZ,Moon,1,Australia,GIN,Moon Trainer,ZIN has every skill that the terrain requires. She regularly shows Cryptonauts how to do the same for nothing in return. She sees it as a way to pay homage to the moon for being the most beautiful and giving landscape to all.,,98,ZIN,Waxing Gibbous,https://ipfs.tothemoon.net/ipfs/bafkreigxpnk5rtx6qxymjfqakroztnmdvq4etdv5tk7iljc25ygetn5mpi,Female,Gratitude,Skilfull,Clever,Respect,Sociable,1,1,2,,
Character,MTZ,Moon,1,South America,GIN,Moon Trainer,ZIN has every skill that the terrain requires. She regularly shows Cryptonauts how to do the same for nothing in return. She sees it as a way to pay homage to the moon for being the most beautiful and giving landscape to all.,,85,ZIN,Waxing Gibbous,https://ipfs.tothemoon.net/ipfs/bafkreiei3yjfhwfsuekmrp3ldjkds2dww2xspwxa5te4l2a36r74frpr6e,Female,Gratitude,Skilfull,Clever,Respect,Sociable,1,1,1,,
Character,MTZ,Moon,1,Australia,GIN,Moon Trainer,ZIN has every skill that the terrain requires. She regularly shows Cryptonauts how to do the same for nothing in return. She sees it as a way to pay homage to the moon for being the most beautiful and giving landscape to all.,,97,ZIN,Waxing Gibbous,https://ipfs.tothemoon.net/ipfs/bafkreicukklx2ylhq3oavnge53dusof563snu3r3c2gzvprzlkiet4kuuy,Female,Gratitude,Skilfull,Clever,Respect,Sociable,2,2,3,,
Character,MTZ,Moon,1,Europe,GIN,Moon Trainer,ZIN has every skill that the terrain requires. She regularly shows Cryptonauts how to do the same for nothing in return. She sees it as a way to pay homage to the moon for being the most beautiful and giving landscape to all.,,60,ZIN,Waxing Gibbous,https://ipfs.tothemoon.net/ipfs/bafkreic2zup4kq4im623zwlmoq4oftgun3vcjg7fi2ljskmjhrrw2jyira,Female,Gratitude,Skilfull,Clever,Respect,Sociable,2,3,1,,
Character,MTZ,Moon,1,North America,GIN,Moon Trainer,ZIN has every skill that the terrain requires. She regularly shows Cryptonauts how to do the same for nothing in return. She sees it as a way to pay homage to the moon for being the most beautiful and giving landscape to all.,,28,ZIN,Waxing Gibbous,https://ipfs.tothemoon.net/ipfs/bafkreicujjhvh2islivfvjgvky3ezljkzof6i4u2g2ywwx6npemtnzohum,Female,Gratitude,Skilfull,Clever,Respect,Sociable,2,2,3,,
Character,MTZ,Moon,1,Asia,GIN,Moon Trainer,ZIN has every skill that the terrain requires. She regularly shows Cryptonauts how to do the same for nothing in return. She sees it as a way to pay homage to the moon for being the most beautiful and giving landscape to all.,,7,ZIN,Waxing Gibbous,https://ipfs.tothemoon.net/ipfs/bafkreigua3gfvioilod4reuic54qxmko4ilxtz5t2wbsyhyew2qhzhgl5m,Female,Gratitude,Skilfull,Clever,Respect,Sociable,2,2,3,,
Character,MTZ,Moon,1,Europe,GIN,Moon Trainer,ZIN has every skill that the terrain requires. She regularly shows Cryptonauts how to do the same for nothing in return. She sees it as a way to pay homage to the moon for being the most beautiful and giving landscape to all.,,46,ZIN,Waxing Gibbous,https://ipfs.tothemoon.net/ipfs/bafkreiezk2nzq6fgt6wo6bve6iuct5betaozoppz4rtyg2bkerbvfviglm,Female,Gratitude,Skilfull,Clever,Respect,Sociable,3,1,3,,
Character,MTZ,Moon,1,Asia,GIN,Moon Trainer,ZIN has every skill that the terrain requires. She regularly shows Cryptonauts how to do the same for nothing in return. She sees it as a way to pay homage to the moon for being the most beautiful and giving landscape to all.,,11,ZIN,Waxing Gibbous,https://ipfs.tothemoon.net/ipfs/bafkreibqkalhq5crgjlzh4t343pl7rkk3mdthzmgd52kpebvpz3wvjhveq,Female,Gratitude,Skilfull,Clever,Respect,Sociable,3,3,2,,
Character,MTZ,Moon,1,Europe,GIN,Moon Trainer,ZIN has every skill that the terrain requires. She regularly shows Cryptonauts how to do the same for nothing in return. She sees it as a way to pay homage to the moon for being the most beautiful and giving landscape to all.,,49,ZIN,Waxing Gibbous,https://ipfs.tothemoon.net/ipfs/bafkreicohswruxqi545dtamwarw6nc2eqs37hyz3k26vo4pmhihfzesexe,Female,Gratitude,Skilfull,Clever,Respect,Sociable,3,2,1,,
Character,MTZ,Moon,1,Europe,GIN,Moon Trainer,ZIN has every skill that the terrain requires. She regularly shows Cryptonauts how to do the same for nothing in return. She sees it as a way to pay homage to the moon for being the most beautiful and giving landscape to all.,,58,ZIN,Waxing Gibbous,https://ipfs.tothemoon.net/ipfs/bafkreigbhxz6baab6eai7shnn52a2v4wx7vriqr5yrnzwseg6ex26mobza,Female,Gratitude,Skilfull,Clever,Respect,Sociable,3,2,3,,
Character,MTZ,Moon,1,Asia,GIN,Moon Trainer,ZIN has every skill that the terrain requires. She regularly shows Cryptonauts how to do the same for nothing in return. She sees it as a way to pay homage to the moon for being the most beautiful and giving landscape to all.,,20,ZIN,Waxing Gibbous,https://ipfs.tothemoon.net/ipfs/bafkreib5yn54sxmqhc4rsejs3obnhyjetmsfb2eyofht5kyplvzr65ct7q,Female,Gratitude,Skilfull,Clever,Respect,Sociable,1,2,3,,
Character,MTZ,Moon,1,Africa,GIN,Moon Trainer,ZIN has every skill that the terrain requires. She regularly shows Cryptonauts how to do the same for nothing in return. She sees it as a way to pay homage to the moon for being the most beautiful and giving landscape to all.,,78,ZIN,Waxing Gibbous,https://ipfs.tothemoon.net/ipfs/bafkreifk7txlln4ukadzvgkb4rr47ydtuwnz6vfn25g3imxfj4wettcmxi,Female,Gratitude,Skilfull,Clever,Respect,Sociable,2,1,3,,
Character,MTZ,Moon,1,Europe,GIN,Moon Trainer,ZIN has every skill that the terrain requires. She regularly shows Cryptonauts how to do the same for nothing in return. She sees it as a way to pay homage to the moon for being the most beautiful and giving landscape to all.,,52,ZIN,Waxing Gibbous,https://ipfs.tothemoon.net/ipfs/bafkreibpq5ptnkewbpitmep2elkreviyw64t3htrnxcirgdhffa77vwpky,Female,Gratitude,Skilfull,Clever,Respect,Sociable,1,1,3,,
Character,MTZ,Moon,1,South America,GIN,Moon Trainer,ZIN has every skill that the terrain requires. She regularly shows Cryptonauts how to do the same for nothing in return. She sees it as a way to pay homage to the moon for being the most beautiful and giving landscape to all.,,95,ZIN,Waxing Gibbous,https://ipfs.tothemoon.net/ipfs/bafkreicyefrmyigob24aa2zeyfznxe6sfkqlvic2fy37zwb4ept337n2rq,Female,Gratitude,Skilfull,Clever,Respect,Sociable,3,3,3,,
Character,MTZ,Moon,1,Australia,GIN,Moon Trainer,ZIN has every skill that the terrain requires. She regularly shows Cryptonauts how to do the same for nothing in return. She sees it as a way to pay homage to the moon for being the most beautiful and giving landscape to all.,,96,ZIN,Waxing Gibbous,https://ipfs.tothemoon.net/ipfs/bafkreiewr5cg2wtvydz4uyxoxh26inniazahzqwkofngnznggqpxo4ejbu,Female,Gratitude,Skilfull,Clever,Respect,Sociable,1,2,1,,
Character,MTZ,Moon,1,Europe,GIN,Moon Trainer,ZIN has every skill that the terrain requires. She regularly shows Cryptonauts how to do the same for nothing in return. She sees it as a way to pay homage to the moon for being the most beautiful and giving landscape to all.,,54,ZIN,Waxing Gibbous,https://ipfs.tothemoon.net/ipfs/bafkreidemwekedzo74btejzto2kqawr63rv3vzpvnzfywgwncak4kjlbyq,Female,Gratitude,Skilfull,Clever,Respect,Sociable,1,1,3,,
Character,MTZ,Moon,1,Europe,GIN,Moon Trainer,ZIN has every skill that the terrain requires. She regularly shows Cryptonauts how to do the same for nothing in return. She sees it as a way to pay homage to the moon for being the most beautiful and giving landscape to all.,,53,ZIN,Waxing Gibbous,https://ipfs.tothemoon.net/ipfs/bafkreifc2wtqyi3hje35sqfzjr7llwd45jmzmtvkktiwl7ji6tdp42rp5u,Female,Gratitude,Skilfull,Clever,Respect,Sociable,2,2,1,,
Character,MTZ,Moon,1,Asia,GIN,Moon Trainer,ZIN has every skill that the terrain requires. She regularly shows Cryptonauts how to do the same for nothing in return. She sees it as a way to pay homage to the moon for being the most beautiful and giving landscape to all.,,13,ZIN,Waxing Gibbous,https://ipfs.tothemoon.net/ipfs/bafkreihuea4urhoekhus4r6kpzxrbqzh4az4cnizm7o22qq4k32hxkqini,Female,Gratitude,Skilfull,Clever,Respect,Sociable,1,2,1,,
Character,MTZ,Moon,1,North America,GIN,Moon Trainer,ZIN has every skill that the terrain requires. She regularly shows Cryptonauts how to do the same for nothing in return. She sees it as a way to pay homage to the moon for being the most beautiful and giving landscape to all.,,34,ZIN,Waxing Gibbous,https://ipfs.tothemoon.net/ipfs/bafkreiasxqx5j5rh2a6jrmi6f457bwsmf4odhptuotdhzby5lhmlf3a3l4,Female,Gratitude,Skilfull,Clever,Respect,Sociable,2,2,2,,
Character,MTZ,Moon,1,Europe,GIN,Moon Trainer,ZIN has every skill that the terrain requires. She regularly shows Cryptonauts how to do the same for nothing in return. She sees it as a way to pay homage to the moon for being the most beautiful and giving landscape to all.,,61,ZIN,Waxing Gibbous,https://ipfs.tothemoon.net/ipfs/bafkreif7riauauxa3uaqqgvoqjg54uambtfugkmapqukmp7i7rywp3nrd4,Female,Gratitude,Skilfull,Clever,Respect,Sociable,1,2,2,,
Character,MTZ,Moon,1,Asia,GIN,Moon Trainer,ZIN has every skill that the terrain requires. She regularly shows Cryptonauts how to do the same for nothing in return. She sees it as a way to pay homage to the moon for being the most beautiful and giving landscape to all.,,16,ZIN,Waxing Gibbous,https://ipfs.tothemoon.net/ipfs/bafkreick4f3r2bmolz6uvxb6gkvwwov6fqevvxhr7v2swt3x73hiwloxgm,Female,Gratitude,Skilfull,Clever,Respect,Sociable,3,3,1,,
Character,MTZ,Moon,1,Asia,GIN,Moon Trainer,ZIN has every skill that the terrain requires. She regularly shows Cryptonauts how to do the same for nothing in return. She sees it as a way to pay homage to the moon for being the most beautiful and giving landscape to all.,,4,ZIN,Waxing Gibbous,https://ipfs.tothemoon.net/ipfs/bafkreieoltzxq3envlbx655rua2o7ayayzalhbr4idpmscukzmwyxadini,Female,Gratitude,Skilfull,Clever,Respect,Sociable,3,3,2,,
Character,MTZ,Moon,1,Asia,GIN,Moon Trainer,ZIN has every skill that the terrain requires. She regularly shows Cryptonauts how to do the same for nothing in return. She sees it as a way to pay homage to the moon for being the most beautiful and giving landscape to all.,,6,ZIN,Waxing Gibbous,https://ipfs.tothemoon.net/ipfs/bafkreie3iethvptfr3joiy66ovb5ebj7gjh4wpapt6q5bebxqo3nvcpmvu,Female,Gratitude,Skilfull,Clever,Respect,Sociable,1,3,1,,
Character,MTZ,Moon,1,Antarctica,GIN,Moon Trainer,ZIN has every skill that the terrain requires. She regularly shows Cryptonauts how to do the same for nothing in return. She sees it as a way to pay homage to the moon for being the most beautiful and giving landscape to all.,,100,ZIN,Waxing Gibbous,https://ipfs.tothemoon.net/ipfs/bafkreiesmrvmbbl2bwlzwvfbzb4g253n57y5v5id6ny4mlx4blultidwi4,Female,Gratitude,Skilfull,Clever,Respect,Sociable,3,3,1,,