type,location,moonCycle,origin,artist,attributes__category,description,prefix,no,no (new),name,moonPhase,image,attributes__gender,attributes__explore,attributes__research,attributes__community,attributes__trait1,attributes__trait2,attributes__trait3,attributes__trait4,attributes__trait5,attributes__trait6
Character,Moon,1,Comet,GIN,Moon Duo,"What do you get when you add a born victor to a spirited, yet practical extraterrestrial who can't be tamed….an extraordinary duo ready to face any challenge head-on.",CDNT,1,,NEON x Tilden,Comet Drop 1,https://ipfs.tothemoon.net/ipfs/QmQ5cjsETtcPZMuMck9Eg7aQueHHywo6PrxeSSpfgB1Uo1,Male Male,22,22,22,Extraterrestrial,Optimism,Determination,,,
Character,Moon,1,Comet,GIN,Moon Duo,"What do you get when you add a born victor to a spirited, yet practical extraterrestrial who can't be tamed….an extraordinary duo ready to face any challenge head-on.",CDNT,2,,NEON x Tilden,Comet Drop 1,https://ipfs.tothemoon.net/ipfs/Qma1ZGDEyFwQTCoX6TRkmq8ww2hFXLVSmYkjWYHu4NRrv6,Male Male,22,22,22,Extraterrestrial,Optimism,Determination,,,
Character,Moon,1,Comet,GIN,Moon Duo,"What do you get when you add a born victor to a spirited, yet practical extraterrestrial who can't be tamed….an extraordinary duo ready to face any challenge head-on.",CDNT,3,,NEON x Tilden,Comet Drop 1,https://ipfs.tothemoon.net/ipfs/QmY7nngEaQzT4gUHDYXCbvxchHxeSNdQmuwRFQUNQX1RNw,Male Male,22,22,22,Extraterrestrial,Optimism,Determination,,,
Character,Moon,1,Comet,GIN,Moon Duo,"What do you get when you add a born victor to a spirited, yet practical extraterrestrial who can't be tamed….an extraordinary duo ready to face any challenge head-on.",CDNT,4,,NEON x Tilden,Comet Drop 1,https://ipfs.tothemoon.net/ipfs/QmXyHV94auJBhcFqEZ6z1u3fqzfEqvbnfxS3iamHdWb8RE,Male Male,22,22,22,Extraterrestrial,Optimism,Determination,,,
Character,Moon,1,Comet,GIN,Moon Duo,"What do you get when you add a born victor to a spirited, yet practical extraterrestrial who can't be tamed….an extraordinary duo ready to face any challenge head-on.",CDNT,5,,NEON x Tilden,Comet Drop 1,https://ipfs.tothemoon.net/ipfs/QmcaKHxRTdWWG4R5RzkZq6SP1JBmTdBkCUHJpXMQeyUYwE,Male Male,22,22,22,Extraterrestrial,Optimism,Determination,,,
Character,Moon,1,Comet,GIN,Moon Duo,"What do you get when you add a born victor to a spirited, yet practical extraterrestrial who can't be tamed….an extraordinary duo ready to face any challenge head-on.",CDNT,6,,NEON x Tilden,Comet Drop 1,https://ipfs.tothemoon.net/ipfs/QmWfN2X7acxRngzzCBtk5eUnh4Dh5N556GWroFMaHY6Cjk,Male Male,22,22,22,Extraterrestrial,Optimism,Determination,,,
Character,Moon,1,Comet,GIN,Moon Duo,"What do you get when you add a born victor to a spirited, yet practical extraterrestrial who can't be tamed….an extraordinary duo ready to face any challenge head-on.",CDNT,7,,NEON x Tilden,Comet Drop 1,https://ipfs.tothemoon.net/ipfs/QmVEpjSE2WZCv2HVPvEkivkh7YTNhWTn3pnaNygxsXgr2w,Male Male,22,22,22,Extraterrestrial,Optimism,Determination,,,
Character,Moon,1,Comet,GIN,Moon Duo,"What do you get when you add a born victor to a spirited, yet practical extraterrestrial who can't be tamed….an extraordinary duo ready to face any challenge head-on.",CDNT,8,,NEON x Tilden,Comet Drop 1,https://ipfs.tothemoon.net/ipfs/QmTKLRHNCjq2Bm1wRaqWZfPN49CumumVhKxjg4RjN8bUNP,Male Male,22,22,22,Extraterrestrial,Optimism,Determination,,,
Character,Moon,1,Comet,GIN,Moon Duo,"What do you get when you add a born victor to a spirited, yet practical extraterrestrial who can't be tamed….an extraordinary duo ready to face any challenge head-on.",CDNT,9,,NEON x Tilden,Comet Drop 1,https://ipfs.tothemoon.net/ipfs/QmVGZcjiX8n11y9dXaqw8vqaVREfXTCPfGNNjXRs8w98dK,Male Male,22,22,22,Extraterrestrial,Optimism,Determination,,,
Character,Moon,1,Comet,GIN,Moon Duo,"What do you get when you add a born victor to a spirited, yet practical extraterrestrial who can't be tamed….an extraordinary duo ready to face any challenge head-on.",CDNT,10,,NEON x Tilden,Comet Drop 1,https://ipfs.tothemoon.net/ipfs/Qmd8vXtiE9RjF2rUwBrht8vtncXiYx2VkZWduiw9At3Y7c,Male Male,22,22,22,Extraterrestrial,Optimism,Determination,,,
Character,Moon,1,Comet,GIN,Moon Duo,"Quick, with the ability to see beyond the present, this team keeps the faith, not only in the universe but in themselves. They always will come through. Just say jump and they'll fly high.",CDOH,1,,OPAL x Holden,Comet Drop 1,https://ipfs.tothemoon.net/ipfs/QmXqEzpLF8yiYR4wCRYU3sZtaM1txbVEWH8Dm2sPNqhFgs,Male Male,22,22,22,Extraterrestrial,Reliability,Efficiency,,,
Character,Moon,1,Comet,GIN,Moon Duo,"Quick, with the ability to see beyond the present, this team keeps the faith, not only in the universe but in themselves. They always will come through. Just say jump and they'll fly high.",CDOH,2,,OPAL x Holden,Comet Drop 1,https://ipfs.tothemoon.net/ipfs/QmWQATemAmDJjsud9zaecCkrLpbnCgjP5Wjp4XtX17Kohq,Male Male,22,22,22,Extraterrestrial,Reliability,Efficiency,,,
Character,Moon,1,Comet,GIN,Moon Duo,"Quick, with the ability to see beyond the present, this team keeps the faith, not only in the universe but in themselves. They always will come through. Just say jump and they'll fly high.",CDOH,3,,OPAL x Holden,Comet Drop 1,https://ipfs.tothemoon.net/ipfs/QmaxN6XFif5RauNqzF8PitykqJfyhR5BLApMiaGHp7vcPz,Male Male,22,22,22,Extraterrestrial,Reliability,Efficiency,,,
Character,Moon,1,Comet,GIN,Moon Duo,"Quick, with the ability to see beyond the present, this team keeps the faith, not only in the universe but in themselves. They always will come through. Just say jump and they'll fly high.",CDOH,4,,OPAL x Holden,Comet Drop 1,https://ipfs.tothemoon.net/ipfs/QmYeaRbkVk2h9ZDGTuFeq7HdtwXCRqFtx69f7z2RLw7enJ,Male Male,22,22,22,Extraterrestrial,Reliability,Efficiency,,,
Character,Moon,1,Comet,GIN,Moon Duo,"Quick, with the ability to see beyond the present, this team keeps the faith, not only in the universe but in themselves. They always will come through. Just say jump and they'll fly high.",CDOH,5,,OPAL x Holden,Comet Drop 1,https://ipfs.tothemoon.net/ipfs/QmU6ErXP476JC18Gj5VPveK6dsQs9q9qJ3DW3e3SkRtNRg,Male Male,22,22,22,Extraterrestrial,Reliability,Efficiency,,,
Character,Moon,1,Comet,GIN,Moon Duo,"Quick, with the ability to see beyond the present, this team keeps the faith, not only in the universe but in themselves. They always will come through. Just say jump and they'll fly high.",CDOH,6,,OPAL x Holden,Comet Drop 1,https://ipfs.tothemoon.net/ipfs/QmYgSE9M3UmLk5pJRwF9DPuMUrx3cext8vj1EGGGN4Rugq,Male Male,22,22,22,Extraterrestrial,Reliability,Efficiency,,,
Character,Moon,1,Comet,GIN,Moon Duo,"Quick, with the ability to see beyond the present, this team keeps the faith, not only in the universe but in themselves. They always will come through. Just say jump and they'll fly high.",CDOH,7,,OPAL x Holden,Comet Drop 1,https://ipfs.tothemoon.net/ipfs/QmaUWgU59xjWMKv1dV75TN7cz8bsUnrXxtt2S8UezS8bok,Male Male,22,22,22,Extraterrestrial,Reliability,Efficiency,,,
Character,Moon,1,Comet,GIN,Moon Duo,"Quick, with the ability to see beyond the present, this team keeps the faith, not only in the universe but in themselves. They always will come through. Just say jump and they'll fly high.",CDOH,8,,OPAL x Holden,Comet Drop 1,https://ipfs.tothemoon.net/ipfs/QmZdpbuoGUv8XNMWm9D5e2oex5xiiN3xt1427bQtE3tzVo,Male Male,22,22,22,Extraterrestrial,Reliability,Efficiency,,,
Character,Moon,1,Comet,GIN,Moon Duo,"Quick, with the ability to see beyond the present, this team keeps the faith, not only in the universe but in themselves. They always will come through. Just say jump and they'll fly high.",CDOH,9,,OPAL x Holden,Comet Drop 1,https://ipfs.tothemoon.net/ipfs/QmU161hwpyQJGq8vHd1N8nwkGcno5h9KKKFoQA8AVYdqsD,Male Male,22,22,22,Extraterrestrial,Reliability,Efficiency,,,
Character,Moon,1,Comet,GIN,Moon Duo,"Quick, with the ability to see beyond the present, this team keeps the faith, not only in the universe but in themselves. They always will come through. Just say jump and they'll fly high.",CDOH,10,,OPAL x Holden,Comet Drop 1,https://ipfs.tothemoon.net/ipfs/QmW2yW8eRWZPSCXChTbzTcGHBi5j3jbmcZUbCwh4L9Cyad,Male Male,22,22,22,Extraterrestrial,Reliability,Efficiency,,,
Character,Moon,1,Comet,GIN,Moon Duo,"Ying to one's yang. Half this team is all for a good time, but both know to have trust in the universe and the other half offers a calm in the knowing. It also helps both have the ability to feel what's right and what could be.",CDHP,1,,HODL x Piper,Comet Drop 1,https://ipfs.tothemoon.net/ipfs/QmPXgLMVJCoNRhcP8zTz7Xy5vypCjW7YnRnKuBV8u4KDyT,Female Female,22,22,22,Extraterrestrial,Intuition,Faith,,,
Character,Moon,1,Comet,GIN,Moon Duo,"Ying to one's yang. Half this team is all for a good time, but both know to have trust in the universe and the other half offers a calm in the knowing. It also helps both have the ability to feel what's right and what could be.",CDHP,2,,HODL x Piper,Comet Drop 1,https://ipfs.tothemoon.net/ipfs/QmZbq7C5uGqh1DnY3DBTSBbFY741HE8FgGQqtyK156jNie,Female Female,22,22,22,Extraterrestrial,Intuition,Faith,,,
Character,Moon,1,Comet,GIN,Moon Duo,"Ying to one's yang. Half this team is all for a good time, but both know to have trust in the universe and the other half offers a calm in the knowing. It also helps both have the ability to feel what's right and what could be.",CDHP,3,,HODL x Piper,Comet Drop 1,https://ipfs.tothemoon.net/ipfs/QmdaoCF1NTPFH1B85eJSkY2cVPqYs9d6LY3rUnXuvzKhnr,Female Female,22,22,22,Extraterrestrial,Intuition,Faith,,,
Character,Moon,1,Comet,GIN,Moon Duo,"Ying to one's yang. Half this team is all for a good time, but both know to have trust in the universe and the other half offers a calm in the knowing. It also helps both have the ability to feel what's right and what could be.",CDHP,4,,HODL x Piper,Comet Drop 1,https://ipfs.tothemoon.net/ipfs/QmVqCRrd5HsdYd92GSCLAnwgybo2WwFs7e2yz3vByyQv7R,Female Female,22,22,22,Extraterrestrial,Intuition,Faith,,,
Character,Moon,1,Comet,GIN,Moon Duo,"Ying to one's yang. Half this team is all for a good time, but both know to have trust in the universe and the other half offers a calm in the knowing. It also helps both have the ability to feel what's right and what could be.",CDHP,5,,HODL x Piper,Comet Drop 1,https://ipfs.tothemoon.net/ipfs/QmSpvm1P8hVRk5YZ3akDuXr6nht4etTBYwXiRfgsxaDiXQ,Female Female,22,22,22,Extraterrestrial,Intuition,Faith,,,
Character,Moon,1,Comet,GIN,Moon Duo,"Ying to one's yang. Half this team is all for a good time, but both know to have trust in the universe and the other half offers a calm in the knowing. It also helps both have the ability to feel what's right and what could be.",CDHP,6,,HODL x Piper,Comet Drop 1,https://ipfs.tothemoon.net/ipfs/QmaWvNdsLjUQ8QYonCPAkGWiRxTzRmjqYUFydxriKhmK7Y,Female Female,22,22,22,Extraterrestrial,Intuition,Faith,,,
Character,Moon,1,Comet,GIN,Moon Duo,"Ying to one's yang. Half this team is all for a good time, but both know to have trust in the universe and the other half offers a calm in the knowing. It also helps both have the ability to feel what's right and what could be.",CDHP,7,,HODL x Piper,Comet Drop 1,https://ipfs.tothemoon.net/ipfs/QmZtdLUQNWKC4dGLZ98ZzAKSda3ZLdPUdbtHBYYq1MAdSS,Female Female,22,22,22,Extraterrestrial,Intuition,Faith,,,
Character,Moon,1,Comet,GIN,Moon Duo,"Ying to one's yang. Half this team is all for a good time, but both know to have trust in the universe and the other half offers a calm in the knowing. It also helps both have the ability to feel what's right and what could be.",CDHP,8,,HODL x Piper,Comet Drop 1,https://ipfs.tothemoon.net/ipfs/QmQHvSdiMVGgKFzDaKwmCGYE1hM1ALafVuKWBRo7cgWd7u,Female Female,22,22,22,Extraterrestrial,Intuition,Faith,,,
Character,Moon,1,Comet,GIN,Moon Duo,"Ying to one's yang. Half this team is all for a good time, but both know to have trust in the universe and the other half offers a calm in the knowing. It also helps both have the ability to feel what's right and what could be.",CDHP,9,,HODL x Piper,Comet Drop 1,https://ipfs.tothemoon.net/ipfs/QmTRRpPZ8ZskeBsKGxYZfpXcBa12qRMQmDtp3JanVPxc8x,Female Female,22,22,22,Extraterrestrial,Intuition,Faith,,,
Character,Moon,1,Comet,GIN,Moon Duo,"Ying to one's yang. Half this team is all for a good time, but both know to have trust in the universe and the other half offers a calm in the knowing. It also helps both have the ability to feel what's right and what could be.",CDHP,10,,HODL x Piper,Comet Drop 1,https://ipfs.tothemoon.net/ipfs/QmV7tH8otGqwqRouemrNdwZnbeYZ9S1c5qvxoANpvV4KkW,Female Female,22,22,22,Extraterrestrial,Intuition,Faith,,,
Character,Moon,1,Comet,GIN,Moon Duo,"Belief in the self will work wonders, especially when your mind knows no limits. This team is ready for whatever and knows they will crush it.",CDOK,1,,ORBA x Keats,Comet Drop 1,https://ipfs.tothemoon.net/ipfs/QmWnMc5T4e3FnxXYQtnL1Jctuhs1kEz2K8mR5azoYvpUwb,Female Male,22,22,22,Extraterrestrial,Adaptability,Imagination,,,
Character,Moon,1,Comet,GIN,Moon Duo,"Belief in the self will work wonders, especially when your mind knows no limits. This team is ready for whatever and knows they will crush it.",CDOK,2,,ORBA x Keats,Comet Drop 1,https://ipfs.tothemoon.net/ipfs/QmbPKMxcaUqWN5BQGLexfCUeMq7fmHPq7kYNDxBGREfzHY,Female Male,22,22,22,Extraterrestrial,Adaptability,Imagination,,,
Character,Moon,1,Comet,GIN,Moon Duo,"Belief in the self will work wonders, especially when your mind knows no limits. This team is ready for whatever and knows they will crush it.",CDOK,3,,ORBA x Keats,Comet Drop 1,https://ipfs.tothemoon.net/ipfs/QmXuKUXUxrojjr37MSBviGvp2NauMPUi4HiM646pygBxjk,Female Male,22,22,22,Extraterrestrial,Adaptability,Imagination,,,
Character,Moon,1,Comet,GIN,Moon Duo,"Belief in the self will work wonders, especially when your mind knows no limits. This team is ready for whatever and knows they will crush it.",CDOK,4,,ORBA x Keats,Comet Drop 1,https://ipfs.tothemoon.net/ipfs/QmeeWqhkndayzJc6Yfn9q9NQuH3MYGaTzdMLgM6uK9zegv,Female Male,22,22,22,Extraterrestrial,Adaptability,Imagination,,,
Character,Moon,1,Comet,GIN,Moon Duo,"Belief in the self will work wonders, especially when your mind knows no limits. This team is ready for whatever and knows they will crush it.",CDOK,5,,ORBA x Keats,Comet Drop 1,https://ipfs.tothemoon.net/ipfs/QmTxPcsdumbM1XY4ZoLJJi5PGHRyysyFkQQqMVEDStKvr4,Female Male,22,22,22,Extraterrestrial,Adaptability,Imagination,,,
Character,Moon,1,Comet,GIN,Moon Duo,"Belief in the self will work wonders, especially when your mind knows no limits. This team is ready for whatever and knows they will crush it.",CDOK,6,,ORBA x Keats,Comet Drop 1,https://ipfs.tothemoon.net/ipfs/QmViG5dfJXNWLZseUpAxgT6FHvYUyEBMC5ZhHKfyw47bg4,Female Male,22,22,22,Extraterrestrial,Adaptability,Imagination,,,
Character,Moon,1,Comet,GIN,Moon Duo,"Belief in the self will work wonders, especially when your mind knows no limits. This team is ready for whatever and knows they will crush it.",CDOK,7,,ORBA x Keats,Comet Drop 1,https://ipfs.tothemoon.net/ipfs/Qmb1uxhGwLesQ5v58UpHvcctcGsSjKhLWkpvCUFf8yqd8u,Female Male,22,22,22,Extraterrestrial,Adaptability,Imagination,,,
Character,Moon,1,Comet,GIN,Moon Duo,"Belief in the self will work wonders, especially when your mind knows no limits. This team is ready for whatever and knows they will crush it.",CDOK,8,,ORBA x Keats,Comet Drop 1,https://ipfs.tothemoon.net/ipfs/QmdXaL2UJvNuZHGpmgWDSLhJS5GstrchBwsktxuUcmXkU1,Female Male,22,22,22,Extraterrestrial,Adaptability,Imagination,,,
Character,Moon,1,Comet,GIN,Moon Duo,"Belief in the self will work wonders, especially when your mind knows no limits. This team is ready for whatever and knows they will crush it.",CDOK,9,,ORBA x Keats,Comet Drop 1,https://ipfs.tothemoon.net/ipfs/QmcyyeSQnwJcNGNjRNxr1wg4vejBjn8zVbNqMcYEjJKjjA,Female Male,22,22,22,Extraterrestrial,Adaptability,Imagination,,,
Character,Moon,1,Comet,GIN,Moon Duo,"Belief in the self will work wonders, especially when your mind knows no limits. This team is ready for whatever and knows they will crush it.",CDOK,10,,ORBA x Keats,Comet Drop 1,https://ipfs.tothemoon.net/ipfs/QmRW5SRwdzQBFyVZ2TdNFedgKVPuYD2qaWnm4WxMK4maiD,Female Male,22,22,22,Extraterrestrial,Adaptability,Imagination,,,
Character,Moon,1,Comet,GIN,Moon Duo,"You'd think these two trailblazers would butt heads, but instead their drive to be head of the pack makes them the most epic play-making pair ever. Add in their smarts and pure hearts and you've got a match like no other.",CDGS,1,,GIN x Speers,Comet Drop 1,https://ipfs.tothemoon.net/ipfs/QmZ1N4xBj3iHkPZnqT8UrXKgXrcfkjkpM6jD733S7k2sV7,Male Male,16,16,16,Knowledge,Leader,Logic,Reliability,Generosity,
Character,Moon,1,Comet,GIN,Moon Duo,"You'd think these two trailblazers would butt heads, but instead their drive to be head of the pack makes them the most epic play-making pair ever. Add in their smarts and pure hearts and you've got a match like no other.",CDGS,2,,GIN x Speers,Comet Drop 1,https://ipfs.tothemoon.net/ipfs/QmauRpjVTZiXAbAov8DKSJD7ohbeXUzi1CAcxXQheNQNmA,Male Male,16,16,16,Knowledge,Leader,Logic,Reliability,Generosity,
Character,Moon,1,Comet,GIN,Moon Duo,"You'd think these two trailblazers would butt heads, but instead their drive to be head of the pack makes them the most epic play-making pair ever. Add in their smarts and pure hearts and you've got a match like no other.",CDGS,3,,GIN x Speers,Comet Drop 1,https://ipfs.tothemoon.net/ipfs/QmayLEL6c7njxmyyagyEYdpP28Mdfz1kZ2hpC4rJ9TTeqK,Male Male,16,16,16,Knowledge,Leader,Logic,Reliability,Generosity,
Character,Moon,1,Comet,GIN,Moon Duo,"You'd think these two trailblazers would butt heads, but instead their drive to be head of the pack makes them the most epic play-making pair ever. Add in their smarts and pure hearts and you've got a match like no other.",CDGS,4,,GIN x Speers,Comet Drop 1,https://ipfs.tothemoon.net/ipfs/QmcQfCTdmgDjmW2bWAVdRpzRjn9ZgzUd1YtjQoZkH4hEPD,Male Male,16,16,16,Knowledge,Leader,Logic,Reliability,Generosity,
Character,Moon,1,Comet,GIN,Moon Duo,"You'd think these two trailblazers would butt heads, but instead their drive to be head of the pack makes them the most epic play-making pair ever. Add in their smarts and pure hearts and you've got a match like no other.",CDGS,5,,GIN x Speers,Comet Drop 1,https://ipfs.tothemoon.net/ipfs/QmVb2xCDfWmsWo8VbBDmpXmVC8L1i5Ke7MmtpaghMqQCWY,Male Male,16,16,16,Knowledge,Leader,Logic,Reliability,Generosity,
Character,Moon,1,Comet,GIN,Moon Duo,"You'd think these two trailblazers would butt heads, but instead their drive to be head of the pack makes them the most epic play-making pair ever. Add in their smarts and pure hearts and you've got a match like no other.",CDGS,6,,GIN x Speers,Comet Drop 1,https://ipfs.tothemoon.net/ipfs/QmbJGBAWQvhvGAzbbmgFseqzrErcEM2mkxDSK4sZczb5kQ,Male Male,16,16,16,Knowledge,Leader,Logic,Reliability,Generosity,
Character,Moon,1,Comet,GIN,Moon Duo,"You'd think these two trailblazers would butt heads, but instead their drive to be head of the pack makes them the most epic play-making pair ever. Add in their smarts and pure hearts and you've got a match like no other.",CDGS,7,,GIN x Speers,Comet Drop 1,https://ipfs.tothemoon.net/ipfs/QmazjQ2xBUXHzdL1BSCgmHFxkhNUCvnQR77QisMU8XnkDa,Male Male,16,16,16,Knowledge,Leader,Logic,Reliability,Generosity,
Character,Moon,1,Comet,GIN,Moon Duo,"You'd think these two trailblazers would butt heads, but instead their drive to be head of the pack makes them the most epic play-making pair ever. Add in their smarts and pure hearts and you've got a match like no other.",CDGS,8,,GIN x Speers,Comet Drop 1,https://ipfs.tothemoon.net/ipfs/QmUHnEZ8VBtpgvSmVJ5uphk7V5Zp7fLCRMcKAUN3ZKqtT5,Male Male,16,16,16,Knowledge,Leader,Logic,Reliability,Generosity,
Character,Moon,1,Comet,GIN,Moon Duo,"You'd think these two trailblazers would butt heads, but instead their drive to be head of the pack makes them the most epic play-making pair ever. Add in their smarts and pure hearts and you've got a match like no other.",CDGS,9,,GIN x Speers,Comet Drop 1,https://ipfs.tothemoon.net/ipfs/QmdHJDe2KmMh6bDaScFXtQFhvqMwmnpvjqFESvev5u1zVt,Male Male,16,16,16,Knowledge,Leader,Logic,Reliability,Generosity,
Character,Moon,1,Comet,GIN,Moon Duo,"You'd think these two trailblazers would butt heads, but instead their drive to be head of the pack makes them the most epic play-making pair ever. Add in their smarts and pure hearts and you've got a match like no other.",CDGS,10,,GIN x Speers,Comet Drop 1,https://ipfs.tothemoon.net/ipfs/QmejWNHFSNauJswJohKvbH5gCL2R5aUumGhHWostwvMQ3Y,Male Male,16,16,16,Knowledge,Leader,Logic,Reliability,Generosity,
Character,Moon,1,Comet,GIN,Moon Duo,"With double the waiting skills, this team will always be able to peg the right time and in this universe, that goes a long way, especially coupled with a can- do attitude!",CDRM,1,,REV x Minerva,Comet Drop 1,https://ipfs.tothemoon.net/ipfs/QmQwTk9kTnM7c6Y6AcUgg5rqe2TVR4tcQnifLZt4CZocnZ,Female Female,16,16,16,Patience,Intuition,Conscientiousness,Enthusiasm,Charm,Talent
Character,Moon,1,Comet,GIN,Moon Duo,"With double the waiting skills, this team will always be able to peg the right time and in this universe, that goes a long way, especially coupled with a can- do attitude!",CDRM,2,,REV x Minerva,Comet Drop 1,https://ipfs.tothemoon.net/ipfs/QmeeLf8MpFkh8QG5YqRkfA9X7GsDs36zPAU3epTk3bXzyF,Female Female,16,16,16,Patience,Intuition,Conscientiousness,Enthusiasm,Charm,Talent
Character,Moon,1,Comet,GIN,Moon Duo,"With double the waiting skills, this team will always be able to peg the right time and in this universe, that goes a long way, especially coupled with a can- do attitude!",CDRM,3,,REV x Minerva,Comet Drop 1,https://ipfs.tothemoon.net/ipfs/QmeJuEQbUSH3iypqprBb97t9uUxbQZa7JeuZpYTsEMS51Y,Female Female,16,16,16,Patience,Intuition,Conscientiousness,Enthusiasm,Charm,Talent
Character,Moon,1,Comet,GIN,Moon Duo,"With double the waiting skills, this team will always be able to peg the right time and in this universe, that goes a long way, especially coupled with a can- do attitude!",CDRM,4,,REV x Minerva,Comet Drop 1,https://ipfs.tothemoon.net/ipfs/QmVeceJitSF6PRqnmmUGDVmfhzJzRYUCjpGL3nT8n34YMY,Female Female,16,16,16,Patience,Intuition,Conscientiousness,Enthusiasm,Charm,Talent
Character,Moon,1,Comet,GIN,Moon Duo,"With double the waiting skills, this team will always be able to peg the right time and in this universe, that goes a long way, especially coupled with a can- do attitude!",CDRM,5,,REV x Minerva,Comet Drop 1,https://ipfs.tothemoon.net/ipfs/QmdCuKJmXiMkiTJquwtygZKEUa2q8kdc2zEuBBcxVEH7d5,Female Female,16,16,16,Patience,Intuition,Conscientiousness,Enthusiasm,Charm,Talent
Character,Moon,1,Comet,GIN,Moon Duo,"With double the waiting skills, this team will always be able to peg the right time and in this universe, that goes a long way, especially coupled with a can- do attitude!",CDRM,6,,REV x Minerva,Comet Drop 1,https://ipfs.tothemoon.net/ipfs/QmXKTYmVUDvWHAJ7o6QZEH18FpsWWnYGewBftBooCkqVCV,Female Female,16,16,16,Patience,Intuition,Conscientiousness,Enthusiasm,Charm,Talent
Character,Moon,1,Comet,GIN,Moon Duo,"With double the waiting skills, this team will always be able to peg the right time and in this universe, that goes a long way, especially coupled with a can- do attitude!",CDRM,7,,REV x Minerva,Comet Drop 1,https://ipfs.tothemoon.net/ipfs/QmPQLz4edkQhohWxxLmvGtv3Jp8yVuy4xTQuXJH3ZEo7ER,Female Female,16,16,16,Patience,Intuition,Conscientiousness,Enthusiasm,Charm,Talent
Character,Moon,1,Comet,GIN,Moon Duo,"With double the waiting skills, this team will always be able to peg the right time and in this universe, that goes a long way, especially coupled with a can- do attitude!",CDRM,8,,REV x Minerva,Comet Drop 1,https://ipfs.tothemoon.net/ipfs/QmYLCoeAP8vw1wLqDDXg9GSULdTZ4LGx3pbdS9z4h75Mhe,Female Female,16,16,16,Patience,Intuition,Conscientiousness,Enthusiasm,Charm,Talent
Character,Moon,1,Comet,GIN,Moon Duo,"With double the waiting skills, this team will always be able to peg the right time and in this universe, that goes a long way, especially coupled with a can- do attitude!",CDRM,9,,REV x Minerva,Comet Drop 1,https://ipfs.tothemoon.net/ipfs/QmUYk8nygYCs3Lpy268pFGZU5tttpZLfsCeNJeUXrjG2hp,Female Female,16,16,16,Patience,Intuition,Conscientiousness,Enthusiasm,Charm,Talent
Character,Moon,1,Comet,GIN,Moon Duo,"With double the waiting skills, this team will always be able to peg the right time and in this universe, that goes a long way, especially coupled with a can- do attitude!",CDRM,10,,REV x Minerva,Comet Drop 1,https://ipfs.tothemoon.net/ipfs/QmXmpshdY8xHHaP5GxdE4muumttDzYuveSvsWgQRqAGqas,Female Female,16,16,16,Patience,Intuition,Conscientiousness,Enthusiasm,Charm,Talent
Character,Moon,1,Comet,GIN,Moon Duo,"Smarts and practicality mean so much more when combined with ease and a deep knowing that all is happening for you, not to you. That's what makes this team so remarkable.",CDJL,1,,JAX x Lennox,Comet Drop 1,https://ipfs.tothemoon.net/ipfs/QmRNfuXTyKmFbRQMeyPnJAZPxwSXMKQBwmS2kwaqwyTavd,Male Male,16,16,16,Gratitude,Luck,Clever,Charisma,Calm,Logic
Character,Moon,1,Comet,GIN,Moon Duo,"Smarts and practicality mean so much more when combined with ease and a deep knowing that all is happening for you, not to you. That's what makes this team so remarkable.",CDJL,2,,JAX x Lennox,Comet Drop 1,https://ipfs.tothemoon.net/ipfs/QmXrtN6jeydh3jw4kTr2YPwzaLsp4DqBrPuNwSxfXdMKLb,Male Male,16,16,16,Gratitude,Luck,Clever,Charisma,Calm,Logic
Character,Moon,1,Comet,GIN,Moon Duo,"Smarts and practicality mean so much more when combined with ease and a deep knowing that all is happening for you, not to you. That's what makes this team so remarkable.",CDJL,3,,JAX x Lennox,Comet Drop 1,https://ipfs.tothemoon.net/ipfs/QmbE5SKxpYrRE1xshewdtcKgQHc9LcHrPVUGsMjGtNdX1W,Male Male,16,16,16,Gratitude,Luck,Clever,Charisma,Calm,Logic
Character,Moon,1,Comet,GIN,Moon Duo,"Smarts and practicality mean so much more when combined with ease and a deep knowing that all is happening for you, not to you. That's what makes this team so remarkable.",CDJL,4,,JAX x Lennox,Comet Drop 1,https://ipfs.tothemoon.net/ipfs/QmRhCwaSjANpdZdqamX2wZB7C4mTzt4ww8tY7gZAX4C351,Male Male,16,16,16,Gratitude,Luck,Clever,Charisma,Calm,Logic
Character,Moon,1,Comet,GIN,Moon Duo,"Smarts and practicality mean so much more when combined with ease and a deep knowing that all is happening for you, not to you. That's what makes this team so remarkable.",CDJL,5,,JAX x Lennox,Comet Drop 1,https://ipfs.tothemoon.net/ipfs/QmZMMTUDCQJ8c3tfXd1g1WNQSdHECZeidobKuMKdF2RVC7,Male Male,16,16,16,Gratitude,Luck,Clever,Charisma,Calm,Logic
Character,Moon,1,Comet,GIN,Moon Duo,"Smarts and practicality mean so much more when combined with ease and a deep knowing that all is happening for you, not to you. That's what makes this team so remarkable.",CDJL,6,,JAX x Lennox,Comet Drop 1,https://ipfs.tothemoon.net/ipfs/QmW4fTTWdXm4PdK1ohVxzxiTSXNda942C2SdLKkaVYmC2a,Male Male,16,16,16,Gratitude,Luck,Clever,Charisma,Calm,Logic
Character,Moon,1,Comet,GIN,Moon Duo,"Smarts and practicality mean so much more when combined with ease and a deep knowing that all is happening for you, not to you. That's what makes this team so remarkable.",CDJL,7,,JAX x Lennox,Comet Drop 1,https://ipfs.tothemoon.net/ipfs/QmQPYaZsgoYQeDC1UjTRaLRXk8EjT1cVAYP3Ec7REue9Uk,Male Male,16,16,16,Gratitude,Luck,Clever,Charisma,Calm,Logic
Character,Moon,1,Comet,GIN,Moon Duo,"Smarts and practicality mean so much more when combined with ease and a deep knowing that all is happening for you, not to you. That's what makes this team so remarkable.",CDJL,8,,JAX x Lennox,Comet Drop 1,https://ipfs.tothemoon.net/ipfs/QmSWC1ZEqULSXU13bmeoW3DZrdRj8YE37F5hk8nDta2UxS,Male Male,16,16,16,Gratitude,Luck,Clever,Charisma,Calm,Logic
Character,Moon,1,Comet,GIN,Moon Duo,"Smarts and practicality mean so much more when combined with ease and a deep knowing that all is happening for you, not to you. That's what makes this team so remarkable.",CDJL,9,,JAX x Lennox,Comet Drop 1,https://ipfs.tothemoon.net/ipfs/QmXJckxyYyT1Djgms2aQXHy8dXsCDzEfTjX7tjQ7tpQ7kk,Male Male,16,16,16,Gratitude,Luck,Clever,Charisma,Calm,Logic
Character,Moon,1,Comet,GIN,Moon Duo,"Smarts and practicality mean so much more when combined with ease and a deep knowing that all is happening for you, not to you. That's what makes this team so remarkable.",CDJL,10,,JAX x Lennox,Comet Drop 1,https://ipfs.tothemoon.net/ipfs/Qmb34LUjjR6rEFVuCAdXknfHmPxgT5H3kTwAjZHnnTYCkf,Male Male,16,16,16,Gratitude,Luck,Clever,Charisma,Calm,Logic
Character,Moon,1,Comet,GIN,Moon Duo,"Fearlessness to Infinity! With a sense of wonder and quickness these two could take over the moon if they wanted to. Good thing they don't, they just want to explore every bit of it.",CDPD,1,,PXL x Daxton,Comet Drop 1,https://ipfs.tothemoon.net/ipfs/QmVEtZVhQUQL1R7vhnrrqaBYfthDxdvhrwJP8Z46u4eWoF,Female Male,16,16,16,Courage,Faith,Adaptability,Humor,Curiosity,Luck
Character,Moon,1,Comet,GIN,Moon Duo,"Fearlessness to Infinity! With a sense of wonder and quickness these two could take over the moon if they wanted to. Good thing they don't, they just want to explore every bit of it.",CDPD,2,,PXL x Daxton,Comet Drop 1,https://ipfs.tothemoon.net/ipfs/QmQNTRunyubEZA6tmDvxncZXzhpwxMXv4HxBAutPAkWGdz,Female Male,16,16,16,Courage,Faith,Adaptability,Humor,Curiosity,Luck
Character,Moon,1,Comet,GIN,Moon Duo,"Fearlessness to Infinity! With a sense of wonder and quickness these two could take over the moon if they wanted to. Good thing they don't, they just want to explore every bit of it.",CDPD,3,,PXL x Daxton,Comet Drop 1,https://ipfs.tothemoon.net/ipfs/QmQTEKhEVsnrqxmUsgF5UXG5kcsqyfDWSumwKpWcVYFLcQ,Female Male,16,16,16,Courage,Faith,Adaptability,Humor,Curiosity,Luck
Character,Moon,1,Comet,GIN,Moon Duo,"Fearlessness to Infinity! With a sense of wonder and quickness these two could take over the moon if they wanted to. Good thing they don't, they just want to explore every bit of it.",CDPD,4,,PXL x Daxton,Comet Drop 1,https://ipfs.tothemoon.net/ipfs/QmSh9qKmnpQatyjsekhmvV4vwBgK31r2jgLPA6AQRvT3EJ,Female Male,16,16,16,Courage,Faith,Adaptability,Humor,Curiosity,Luck
Character,Moon,1,Comet,GIN,Moon Duo,"Fearlessness to Infinity! With a sense of wonder and quickness these two could take over the moon if they wanted to. Good thing they don't, they just want to explore every bit of it.",CDPD,5,,PXL x Daxton,Comet Drop 1,https://ipfs.tothemoon.net/ipfs/QmU9zc5QJbUZDZE8u9nUBApRnSBq1KBK7C3krYTqY8a54V,Female Male,16,16,16,Courage,Faith,Adaptability,Humor,Curiosity,Luck
Character,Moon,1,Comet,GIN,Moon Duo,"Fearlessness to Infinity! With a sense of wonder and quickness these two could take over the moon if they wanted to. Good thing they don't, they just want to explore every bit of it.",CDPD,6,,PXL x Daxton,Comet Drop 1,https://ipfs.tothemoon.net/ipfs/QmNsZfMkMLSQ6SSnFN3fdCtJeKj5Cs7iZdr9ueqrtji65d,Female Male,16,16,16,Courage,Faith,Adaptability,Humor,Curiosity,Luck
Character,Moon,1,Comet,GIN,Moon Duo,"Fearlessness to Infinity! With a sense of wonder and quickness these two could take over the moon if they wanted to. Good thing they don't, they just want to explore every bit of it.",CDPD,7,,PXL x Daxton,Comet Drop 1,https://ipfs.tothemoon.net/ipfs/QmYg5bGvA9UWPS2gXf39LbZAKNdY8AYEhZWnGMZnf1K2Vs,Female Male,16,16,16,Courage,Faith,Adaptability,Humor,Curiosity,Luck
Character,Moon,1,Comet,GIN,Moon Duo,"Fearlessness to Infinity! With a sense of wonder and quickness these two could take over the moon if they wanted to. Good thing they don't, they just want to explore every bit of it.",CDPD,8,,PXL x Daxton,Comet Drop 1,https://ipfs.tothemoon.net/ipfs/QmRkMYBxvBtxeHYo189qJK1AS9pu1MJHSzfeijpS29GTwJ,Female Male,16,16,16,Courage,Faith,Adaptability,Humor,Curiosity,Luck
Character,Moon,1,Comet,GIN,Moon Duo,"Fearlessness to Infinity! With a sense of wonder and quickness these two could take over the moon if they wanted to. Good thing they don't, they just want to explore every bit of it.",CDPD,9,,PXL x Daxton,Comet Drop 1,https://ipfs.tothemoon.net/ipfs/QmWAnwXfwnc38aYrcusTXKrMAekHxErRfUuZzEZgRzXY9u,Female Male,16,16,16,Courage,Faith,Adaptability,Humor,Curiosity,Luck
Character,Moon,1,Comet,GIN,Moon Duo,"Fearlessness to Infinity! With a sense of wonder and quickness these two could take over the moon if they wanted to. Good thing they don't, they just want to explore every bit of it.",CDPD,10,,PXL x Daxton,Comet Drop 1,https://ipfs.tothemoon.net/ipfs/QmQfNuav1j41xA54YzGio9WUBBk5MJHQ5NSvCkRkPqXaRY,Female Male,16,16,16,Courage,Faith,Adaptability,Humor,Curiosity,Luck
Character,Moon,1,Comet,GIN,Moon Duo,Balance is everything. This team is a mix of a firecracker and slow-burning candle as they approach every situation with a gentle charisma.,CDBR,1,,Boaz x Roz,Comet Drop 1,https://ipfs.tothemoon.net/ipfs/QmV1VfsAhwRrTRRFE7cKQSTb3p9cY6URy3jjrzPxuB3KQg,Male Female,10,10,10,Humility,Calm,Wit,Charm,,
Character,Moon,1,Comet,GIN,Moon Duo,Balance is everything. This team is a mix of a firecracker and slow-burning candle as they approach every situation with a gentle charisma.,CDBR,2,,Boaz x Roz,Comet Drop 1,https://ipfs.tothemoon.net/ipfs/QmVRWgX796XXjvzit6tHkbQNFf2isUvUVQnRGQ7jScNbVp,Male Female,10,10,10,Humility,Calm,Wit,Charm,,
Character,Moon,1,Comet,GIN,Moon Duo,Balance is everything. This team is a mix of a firecracker and slow-burning candle as they approach every situation with a gentle charisma.,CDBR,3,,Boaz x Roz,Comet Drop 1,https://ipfs.tothemoon.net/ipfs/QmaDnpwqoA5t2CyuyP4ZcaxEgrWDVMWVmGe8iVnN94zEZb,Male Female,10,10,10,Humility,Calm,Wit,Charm,,
Character,Moon,1,Comet,GIN,Moon Duo,Balance is everything. This team is a mix of a firecracker and slow-burning candle as they approach every situation with a gentle charisma.,CDBR,4,,Boaz x Roz,Comet Drop 1,https://ipfs.tothemoon.net/ipfs/QmNT7KVpdxGYfwFGgug5hfY2Vpq7dGSQm8JGSxL6A7V9PJ,Male Female,10,10,10,Humility,Calm,Wit,Charm,,
Character,Moon,1,Comet,GIN,Moon Duo,Balance is everything. This team is a mix of a firecracker and slow-burning candle as they approach every situation with a gentle charisma.,CDBR,5,,Boaz x Roz,Comet Drop 1,https://ipfs.tothemoon.net/ipfs/QmV931orMqeiAqh7thCByVc1VV7Ke8fLjGmPNzmWcYh4nd,Male Female,10,10,10,Humility,Calm,Wit,Charm,,
Character,Moon,1,Comet,GIN,Moon Duo,Balance is everything. This team is a mix of a firecracker and slow-burning candle as they approach every situation with a gentle charisma.,CDBR,6,,Boaz x Roz,Comet Drop 1,https://ipfs.tothemoon.net/ipfs/Qmab574ZSgSZsA8GHhzXurgVWPYiSL89eQx8xr92VGJ55C,Male Female,10,10,10,Humility,Calm,Wit,Charm,,
Character,Moon,1,Comet,GIN,Moon Duo,Balance is everything. This team is a mix of a firecracker and slow-burning candle as they approach every situation with a gentle charisma.,CDBR,7,,Boaz x Roz,Comet Drop 1,https://ipfs.tothemoon.net/ipfs/QmZTUZjWVgJpJYfTwX2Bd2JmdM5ubAcQQFHBSx1su5qTAk,Male Female,10,10,10,Humility,Calm,Wit,Charm,,
Character,Moon,1,Comet,GIN,Moon Duo,Balance is everything. This team is a mix of a firecracker and slow-burning candle as they approach every situation with a gentle charisma.,CDBR,8,,Boaz x Roz,Comet Drop 1,https://ipfs.tothemoon.net/ipfs/QmckcERWSeYoUhoyQvSjPchsiGnJL8ENMnf7G7X9gqChc5,Male Female,10,10,10,Humility,Calm,Wit,Charm,,
Character,Moon,1,Comet,GIN,Moon Duo,Balance is everything. This team is a mix of a firecracker and slow-burning candle as they approach every situation with a gentle charisma.,CDBR,9,,Boaz x Roz,Comet Drop 1,https://ipfs.tothemoon.net/ipfs/QmZHHL42XH4GSmPKRm1975gsDUSVcDmy4wetu1kBmnqfwQ,Male Female,10,10,10,Humility,Calm,Wit,Charm,,
Character,Moon,1,Comet,GIN,Moon Duo,Balance is everything. This team is a mix of a firecracker and slow-burning candle as they approach every situation with a gentle charisma.,CDBR,10,,Boaz x Roz,Comet Drop 1,https://ipfs.tothemoon.net/ipfs/QmX5HTJfqb8so437c6uFXk6ZLSyPoGCJG3VUEXARreTjk5,Male Female,10,10,10,Humility,Calm,Wit,Charm,,
Character,Moon,1,Comet,GIN,Moon Duo,"Of course they'll be sure of themselves, they have some serious smarts and jokes on their side. This team's creativity and quickness are not to be underestimated.",CDDF,1,,Drucie x Fender,Comet Drop 1,https://ipfs.tothemoon.net/ipfs/QmNgK45MpaMRkfq1YomMmbMD5bHr5hePYH14THLJzQGqi4,Female Male,10,10,10,Confidence,Imagination,Humor,Wit,,
Character,Moon,1,Comet,GIN,Moon Duo,"Of course they'll be sure of themselves, they have some serious smarts and jokes on their side. This team's creativity and quickness are not to be underestimated.",CDDF,2,,Drucie x Fender,Comet Drop 1,https://ipfs.tothemoon.net/ipfs/QmUSxceCB66XsxJ1T4TAp2wyYU6rvfTZoacUVTnRT6BKhq,Female Male,10,10,10,Confidence,Imagination,Humor,Wit,,
Character,Moon,1,Comet,GIN,Moon Duo,"Of course they'll be sure of themselves, they have some serious smarts and jokes on their side. This team's creativity and quickness are not to be underestimated.",CDDF,3,,Drucie x Fender,Comet Drop 1,https://ipfs.tothemoon.net/ipfs/QmNrCu4xV7ZRCqADXBjpKG7CQTTezZNtXfZt9N2hnowDdu,Female Male,10,10,10,Confidence,Imagination,Humor,Wit,,
Character,Moon,1,Comet,GIN,Moon Duo,"Of course they'll be sure of themselves, they have some serious smarts and jokes on their side. This team's creativity and quickness are not to be underestimated.",CDDF,4,,Drucie x Fender,Comet Drop 1,https://ipfs.tothemoon.net/ipfs/QmWSm8Vu7de2LfGHn5koC2BpfsjvL9yTxSwRmLeFvXPpRy,Female Male,10,10,10,Confidence,Imagination,Humor,Wit,,
Character,Moon,1,Comet,GIN,Moon Duo,"Of course they'll be sure of themselves, they have some serious smarts and jokes on their side. This team's creativity and quickness are not to be underestimated.",CDDF,5,,Drucie x Fender,Comet Drop 1,https://ipfs.tothemoon.net/ipfs/QmTajY1s6vHiDMAfNDu28UvmxGpHJm6X9iNXr1hmGqEKAu,Female Male,10,10,10,Confidence,Imagination,Humor,Wit,,
Character,Moon,1,Comet,GIN,Moon Duo,"Of course they'll be sure of themselves, they have some serious smarts and jokes on their side. This team's creativity and quickness are not to be underestimated.",CDDF,6,,Drucie x Fender,Comet Drop 1,https://ipfs.tothemoon.net/ipfs/QmZmwFcMKbZp3TAZ4x9JbVPNjo13PpmdE9U8RpUxFDsdsy,Female Male,10,10,10,Confidence,Imagination,Humor,Wit,,
Character,Moon,1,Comet,GIN,Moon Duo,"Of course they'll be sure of themselves, they have some serious smarts and jokes on their side. This team's creativity and quickness are not to be underestimated.",CDDF,7,,Drucie x Fender,Comet Drop 1,https://ipfs.tothemoon.net/ipfs/QmPRQn41okwan5Tzynru3Yi4kwvs5jZ7kWQLNmXgPYwTid,Female Male,10,10,10,Confidence,Imagination,Humor,Wit,,
Character,Moon,1,Comet,GIN,Moon Duo,"Of course they'll be sure of themselves, they have some serious smarts and jokes on their side. This team's creativity and quickness are not to be underestimated.",CDDF,8,,Drucie x Fender,Comet Drop 1,https://ipfs.tothemoon.net/ipfs/QmdUURpRzeQ3gcUVhC2MAd8zg5PPrGoWNoN9ZE9rpLhsA4,Female Male,10,10,10,Confidence,Imagination,Humor,Wit,,
Character,Moon,1,Comet,GIN,Moon Duo,"Of course they'll be sure of themselves, they have some serious smarts and jokes on their side. This team's creativity and quickness are not to be underestimated.",CDDF,9,,Drucie x Fender,Comet Drop 1,https://ipfs.tothemoon.net/ipfs/QmYzFHhoYWECQZKgvKJJHyNV4qBkNyP4LkmK6p5FkcguTv,Female Male,10,10,10,Confidence,Imagination,Humor,Wit,,
Character,Moon,1,Comet,GIN,Moon Duo,"Of course they'll be sure of themselves, they have some serious smarts and jokes on their side. This team's creativity and quickness are not to be underestimated.",CDDF,10,,Drucie x Fender,Comet Drop 1,https://ipfs.tothemoon.net/ipfs/Qmb7afEQTg1ohnQ8kCBVyz6SZuEfLAcU3rQDDyCUq175h5,Female Male,10,10,10,Confidence,Imagination,Humor,Wit,,
Character,Moon,1,Comet,GIN,Moon Duo,"With a unique approach and peppy energy, this team offers an authentic, one-of- a-kind perspective that can't be mimicked.",CDDZ,1,,Django x Zandra,Comet Drop 1,https://ipfs.tothemoon.net/ipfs/QmcKPfzsFyKPHYh31a9ZuWmbQsWjabBUkDiDhdkYzZuyKh,Male Female,10,10,10,Clever,Imagination,Conscientiousness,Enthusiasm,,
Character,Moon,1,Comet,GIN,Moon Duo,"With a unique approach and peppy energy, this team offers an authentic, one-of- a-kind perspective that can't be mimicked.",CDDZ,2,,Django x Zandra,Comet Drop 1,https://ipfs.tothemoon.net/ipfs/QmRtmVKcT4bum5ukLLhLju4NVNNsC9GPdfDpAobLUNVV2g,Male Female,10,10,10,Clever,Imagination,Conscientiousness,Enthusiasm,,
Character,Moon,1,Comet,GIN,Moon Duo,"With a unique approach and peppy energy, this team offers an authentic, one-of- a-kind perspective that can't be mimicked.",CDDZ,3,,Django x Zandra,Comet Drop 1,https://ipfs.tothemoon.net/ipfs/QmNeZcsc5WwZhbZsWMz65iKZvpR48H89VQKjPKzAaBdqnd,Male Female,10,10,10,Clever,Imagination,Conscientiousness,Enthusiasm,,
Character,Moon,1,Comet,GIN,Moon Duo,"With a unique approach and peppy energy, this team offers an authentic, one-of- a-kind perspective that can't be mimicked.",CDDZ,4,,Django x Zandra,Comet Drop 1,https://ipfs.tothemoon.net/ipfs/Qmda5jLE5yDY72mY8pjAgBwDAKNMrXTD9WpKyrfkacMRPM,Male Female,10,10,10,Clever,Imagination,Conscientiousness,Enthusiasm,,
Character,Moon,1,Comet,GIN,Moon Duo,"With a unique approach and peppy energy, this team offers an authentic, one-of- a-kind perspective that can't be mimicked.",CDDZ,5,,Django x Zandra,Comet Drop 1,https://ipfs.tothemoon.net/ipfs/QmQimRA6mtXQC39XH7kVKLfXfKdj7FrvGtp46NsFtKZkuW,Male Female,10,10,10,Clever,Imagination,Conscientiousness,Enthusiasm,,
Character,Moon,1,Comet,GIN,Moon Duo,"With a unique approach and peppy energy, this team offers an authentic, one-of- a-kind perspective that can't be mimicked.",CDDZ,6,,Django x Zandra,Comet Drop 1,https://ipfs.tothemoon.net/ipfs/QmbLCf1KXPiq1v9C77zrzcq5F1vut6VxexUTuBgEj6bCMJ,Male Female,10,10,10,Clever,Imagination,Conscientiousness,Enthusiasm,,
Character,Moon,1,Comet,GIN,Moon Duo,"With a unique approach and peppy energy, this team offers an authentic, one-of- a-kind perspective that can't be mimicked.",CDDZ,7,,Django x Zandra,Comet Drop 1,https://ipfs.tothemoon.net/ipfs/QmU9vM6GUNQPgE9xyFRVWRtwNC7WC5YeUewGJGCU3Er6Bf,Male Female,10,10,10,Clever,Imagination,Conscientiousness,Enthusiasm,,
Character,Moon,1,Comet,GIN,Moon Duo,"With a unique approach and peppy energy, this team offers an authentic, one-of- a-kind perspective that can't be mimicked.",CDDZ,8,,Django x Zandra,Comet Drop 1,https://ipfs.tothemoon.net/ipfs/QmRLMKaTFF1Ma3keQpDg9EnvbxTFXi1T2XZATkizQyn3hm,Male Female,10,10,10,Clever,Imagination,Conscientiousness,Enthusiasm,,
Character,Moon,1,Comet,GIN,Moon Duo,"With a unique approach and peppy energy, this team offers an authentic, one-of- a-kind perspective that can't be mimicked.",CDDZ,9,,Django x Zandra,Comet Drop 1,https://ipfs.tothemoon.net/ipfs/QmeyCWWRTfQWwQmLaYGCMpaFiB5wM61wNsKNgJ9JdUwK3Q,Male Female,10,10,10,Clever,Imagination,Conscientiousness,Enthusiasm,,
Character,Moon,1,Comet,GIN,Moon Duo,"With a unique approach and peppy energy, this team offers an authentic, one-of- a-kind perspective that can't be mimicked.",CDDZ,10,,Django x Zandra,Comet Drop 1,https://ipfs.tothemoon.net/ipfs/QmdHqZDY2E7mKs3eYYt2J2iEpUTUABsEnieHYRTYyLBkVE,Male Female,10,10,10,Clever,Imagination,Conscientiousness,Enthusiasm,,
Character,Moon,1,Comet,GIN,Moon Duo,This duo is as practical and down-to-earth as anyone on the moon can be. Their mix of knowledge and compassion makes them an unforgettable combo that can accomplish anything.,CDFW,1,,Fortuna x Wai,Comet Drop 1,https://ipfs.tothemoon.net/ipfs/QmYeAVE44j2twKv1Qyshp3KJj5dvLf17miD88bbmiYRHSX,Female Male,10,10,10,Respect,Humility,Wisdom,Skillful,,
Character,Moon,1,Comet,GIN,Moon Duo,This duo is as practical and down-to-earth as anyone on the moon can be. Their mix of knowledge and compassion makes them an unforgettable combo that can accomplish anything.,CDFW,2,,Fortuna x Wai,Comet Drop 1,https://ipfs.tothemoon.net/ipfs/QmZS4Z8Ye7p6i1kCpg9oCY5mdAPWgvHhUERYkNQg1tG6NT,Female Male,10,10,10,Respect,Humility,Wisdom,Skillful,,
Character,Moon,1,Comet,GIN,Moon Duo,This duo is as practical and down-to-earth as anyone on the moon can be. Their mix of knowledge and compassion makes them an unforgettable combo that can accomplish anything.,CDFW,3,,Fortuna x Wai,Comet Drop 1,https://ipfs.tothemoon.net/ipfs/QmWtbJhTQid2Wn225YQUdBCh5oaD2qiCoc3etj4oYGNLgf,Female Male,10,10,10,Respect,Humility,Wisdom,Skillful,,
Character,Moon,1,Comet,GIN,Moon Duo,This duo is as practical and down-to-earth as anyone on the moon can be. Their mix of knowledge and compassion makes them an unforgettable combo that can accomplish anything.,CDFW,4,,Fortuna x Wai,Comet Drop 1,https://ipfs.tothemoon.net/ipfs/QmXmfX1vvZxU7c6KyyXKyDg6g7NA8B3vDa3QyyAweL8pmq,Female Male,10,10,10,Respect,Humility,Wisdom,Skillful,,
Character,Moon,1,Comet,GIN,Moon Duo,This duo is as practical and down-to-earth as anyone on the moon can be. Their mix of knowledge and compassion makes them an unforgettable combo that can accomplish anything.,CDFW,5,,Fortuna x Wai,Comet Drop 1,https://ipfs.tothemoon.net/ipfs/QmSTucX8NeJmCFKX8wzQYZUjn6yWrM2B7zzkh3Cf1qt41C,Female Male,10,10,10,Respect,Humility,Wisdom,Skillful,,
Character,Moon,1,Comet,GIN,Moon Duo,This duo is as practical and down-to-earth as anyone on the moon can be. Their mix of knowledge and compassion makes them an unforgettable combo that can accomplish anything.,CDFW,6,,Fortuna x Wai,Comet Drop 1,https://ipfs.tothemoon.net/ipfs/QmNU9jCNCnYYj9XV7ogfQFcTYKbkfcamN3DnJFtYymcgzx,Female Male,10,10,10,Respect,Humility,Wisdom,Skillful,,
Character,Moon,1,Comet,GIN,Moon Duo,This duo is as practical and down-to-earth as anyone on the moon can be. Their mix of knowledge and compassion makes them an unforgettable combo that can accomplish anything.,CDFW,7,,Fortuna x Wai,Comet Drop 1,https://ipfs.tothemoon.net/ipfs/QmSs8UjX1N8ZehW9BRMmtVdpdJrxFMe51PDzX9pqpR3Ztm,Female Male,10,10,10,Respect,Humility,Wisdom,Skillful,,
Character,Moon,1,Comet,GIN,Moon Duo,This duo is as practical and down-to-earth as anyone on the moon can be. Their mix of knowledge and compassion makes them an unforgettable combo that can accomplish anything.,CDFW,8,,Fortuna x Wai,Comet Drop 1,https://ipfs.tothemoon.net/ipfs/QmWyipCnmsB8x46j4FQUVuCo9m3cyJyG4eDwEKkohgTrj1,Female Male,10,10,10,Respect,Humility,Wisdom,Skillful,,
Character,Moon,1,Comet,GIN,Moon Duo,This duo is as practical and down-to-earth as anyone on the moon can be. Their mix of knowledge and compassion makes them an unforgettable combo that can accomplish anything.,CDFW,9,,Fortuna x Wai,Comet Drop 1,https://ipfs.tothemoon.net/ipfs/QmZTwdRiVSTrQa2Cd93LnK5Gdv9CaCRXjuZ2HEyzWtCsXr,Female Male,10,10,10,Respect,Humility,Wisdom,Skillful,,
Character,Moon,1,Comet,GIN,Moon Duo,This duo is as practical and down-to-earth as anyone on the moon can be. Their mix of knowledge and compassion makes them an unforgettable combo that can accomplish anything.,CDFW,10,,Fortuna x Wai,Comet Drop 1,https://ipfs.tothemoon.net/ipfs/QmRt3TetpoEX4FpYznYx5oz6u4MJGyDVohxw3FUZq72VaN,Female Male,10,10,10,Respect,Humility,Wisdom,Skillful,,
Character,Moon,1,Comet,GIN,Moon Duo,What do you get when you mix a chicken who won’t quit and a baby ready to build the most unlikely vision into a reality? This epic team. There’s no stopping these two with their one of a kind skill set.,CDBC,1,,BLOK x Chalkly,Comet Drop 2,https://ipfs.tothemoon.net/ipfs/QmbPjr66LKvCq4bnZsxHVBVnr6SiG3RXf34TYoKQyHPSv3,Male Male,22,22,22,Extraterrestrial,,,,,
Character,Moon,1,Comet,GIN,Moon Duo,What do you get when you mix a chicken who won’t quit and a baby ready to build the most unlikely vision into a reality? This epic team. There’s no stopping these two with their one of a kind skill set.,CDBC,2,,BLOK x Chalkly,Comet Drop 2,https://ipfs.tothemoon.net/ipfs/QmdAgSyjtGY4dXfzYn3Uc4ccENCyw4GjtgxNmenu3Q7QEY,Male Male,22,22,22,Extraterrestrial,,,,,
Character,Moon,1,Comet,GIN,Moon Duo,What do you get when you mix a chicken who won’t quit and a baby ready to build the most unlikely vision into a reality? This epic team. There’s no stopping these two with their one of a kind skill set.,CDBC,3,,BLOK x Chalkly,Comet Drop 2,https://ipfs.tothemoon.net/ipfs/QmfZUYxLHmraEwrA2WAPtGVCgc2QCR4rAjziUmpiVH5tci,Male Male,22,22,22,Extraterrestrial,,,,,
Character,Moon,1,Comet,GIN,Moon Duo,What do you get when you mix a chicken who won’t quit and a baby ready to build the most unlikely vision into a reality? This epic team. There’s no stopping these two with their one of a kind skill set.,CDBC,4,,BLOK x Chalkly,Comet Drop 2,https://ipfs.tothemoon.net/ipfs/QmRmtrUQ3Bpv6KkEBAfMLNzYpp7JUS3XyJydHoy4D5zzpR,Male Male,22,22,22,Extraterrestrial,,,,,
Character,Moon,1,Comet,GIN,Moon Duo,What do you get when you mix a chicken who won’t quit and a baby ready to build the most unlikely vision into a reality? This epic team. There’s no stopping these two with their one of a kind skill set.,CDBC,5,,BLOK x Chalkly,Comet Drop 2,https://ipfs.tothemoon.net/ipfs/QmSfrPUhND5p774MpegJL2SUGkbp8ZMygjE5CPRHyaoKPR,Male Male,22,22,22,Extraterrestrial,,,,,
Character,Moon,1,Comet,GIN,Moon Duo,What do you get when you mix a chicken who won’t quit and a baby ready to build the most unlikely vision into a reality? This epic team. There’s no stopping these two with their one of a kind skill set.,CDBC,6,,BLOK x Chalkly,Comet Drop 2,https://ipfs.tothemoon.net/ipfs/QmRPQyC9d3f7FyQA1CY9cizMP8pAMomors7hdD5u7tcPCz,Male Male,22,22,22,Extraterrestrial,,,,,
Character,Moon,1,Comet,GIN,Moon Duo,What do you get when you mix a chicken who won’t quit and a baby ready to build the most unlikely vision into a reality? This epic team. There’s no stopping these two with their one of a kind skill set.,CDBC,7,,BLOK x Chalkly,Comet Drop 2,https://ipfs.tothemoon.net/ipfs/QmNUZ3HMhrNkW63xpDKxJd3XRVNgsczyF47WXe21mEzQxk,Male Male,22,22,22,Extraterrestrial,,,,,
Character,Moon,1,Comet,GIN,Moon Duo,What do you get when you mix a chicken who won’t quit and a baby ready to build the most unlikely vision into a reality? This epic team. There’s no stopping these two with their one of a kind skill set.,CDBC,8,,BLOK x Chalkly,Comet Drop 2,https://ipfs.tothemoon.net/ipfs/QmcjvCCp6ChwL15fjXGpTLptLGvMkCLApU5zAfizCbqSYE,Male Male,22,22,22,Extraterrestrial,,,,,
Character,Moon,1,Comet,GIN,Moon Duo,What do you get when you mix a chicken who won’t quit and a baby ready to build the most unlikely vision into a reality? This epic team. There’s no stopping these two with their one of a kind skill set.,CDBC,9,,BLOK x Chalkly,Comet Drop 2,https://ipfs.tothemoon.net/ipfs/Qmb6qRPT8Ame6GvhQzh7Av9TZMi8dggrAyyPLRkvstmR2A,Male Male,22,22,22,Extraterrestrial,,,,,
Character,Moon,1,Comet,GIN,Moon Duo,What do you get when you mix a chicken who won’t quit and a baby ready to build the most unlikely vision into a reality? This epic team. There’s no stopping these two with their one of a kind skill set.,CDBC,10,,BLOK x Chalkly,Comet Drop 2,https://ipfs.tothemoon.net/ipfs/QmbVCr8kbJmQTRaX54Zw2wyWMsVtwHtgKzvaQZvStZQWtw,Male Male,22,22,22,Extraterrestrial,,,,,
Character,Moon,1,Comet,GIN,Moon Duo,"Good luck catching up with this duo. With great intelligence and conviction, this octa-baby team is always focused on what’s to come, while keeping strong ties to the present.",CDCO,1,,COMI x Ova,Comet Drop 2,https://ipfs.tothemoon.net/ipfs/QmdYmGz4E8ksfpgT1hYFbL2NttzSu4nD1UrtXhfjchCyWU,Female Female,22,22,22,Extraterrestrial,,,,,
Character,Moon,1,Comet,GIN,Moon Duo,"Good luck catching up with this duo. With great intelligence and conviction, this octa-baby team is always focused on what’s to come, while keeping strong ties to the present.",CDCO,2,,COMI x Ova,Comet Drop 2,https://ipfs.tothemoon.net/ipfs/QmZ1PpVkoJhab3inMEmxcfgzsfD3rVhK7GFK8pLPtWncrg,Female Female,22,22,22,Extraterrestrial,,,,,
Character,Moon,1,Comet,GIN,Moon Duo,"Good luck catching up with this duo. With great intelligence and conviction, this octa-baby team is always focused on what’s to come, while keeping strong ties to the present.",CDCO,3,,COMI x Ova,Comet Drop 2,https://ipfs.tothemoon.net/ipfs/Qmc3iwX81obAx72DA14BEqStUbMaEqkcnUWFLeksZJ9HKu,Female Female,22,22,22,Extraterrestrial,,,,,
Character,Moon,1,Comet,GIN,Moon Duo,"Good luck catching up with this duo. With great intelligence and conviction, this octa-baby team is always focused on what’s to come, while keeping strong ties to the present.",CDCO,4,,COMI x Ova,Comet Drop 2,https://ipfs.tothemoon.net/ipfs/QmchsMUqPFH8ZF2StCDLhXMCAD4ebmPDM5kTipN9vBkMtY,Female Female,22,22,22,Extraterrestrial,,,,,
Character,Moon,1,Comet,GIN,Moon Duo,"Good luck catching up with this duo. With great intelligence and conviction, this octa-baby team is always focused on what’s to come, while keeping strong ties to the present.",CDCO,5,,COMI x Ova,Comet Drop 2,https://ipfs.tothemoon.net/ipfs/QmfMEENL2ZHrQnsps7UrBQvyCojRW4Ak5wuncXGz62P3aG,Female Female,22,22,22,Extraterrestrial,,,,,
Character,Moon,1,Comet,GIN,Moon Duo,"Good luck catching up with this duo. With great intelligence and conviction, this octa-baby team is always focused on what’s to come, while keeping strong ties to the present.",CDCO,6,,COMI x Ova,Comet Drop 2,https://ipfs.tothemoon.net/ipfs/QmQjwgHBqngj4LX8ztTZPH4nHR4m7S3s2oeX5ipNnFLkh3,Female Female,22,22,22,Extraterrestrial,,,,,
Character,Moon,1,Comet,GIN,Moon Duo,"Good luck catching up with this duo. With great intelligence and conviction, this octa-baby team is always focused on what’s to come, while keeping strong ties to the present.",CDCO,7,,COMI x Ova,Comet Drop 2,https://ipfs.tothemoon.net/ipfs/QmSiwWd1Brvw3cxxmqpHatwRttdGTZg9hP6QWcDZBgQTLa,Female Female,22,22,22,Extraterrestrial,,,,,
Character,Moon,1,Comet,GIN,Moon Duo,"Good luck catching up with this duo. With great intelligence and conviction, this octa-baby team is always focused on what’s to come, while keeping strong ties to the present.",CDCO,8,,COMI x Ova,Comet Drop 2,https://ipfs.tothemoon.net/ipfs/QmZxyURev2LjjsoCipva5VEscyeV5oQcMzBA4AovsxRCpc,Female Female,22,22,22,Extraterrestrial,,,,,
Character,Moon,1,Comet,GIN,Moon Duo,"Good luck catching up with this duo. With great intelligence and conviction, this octa-baby team is always focused on what’s to come, while keeping strong ties to the present.",CDCO,9,,COMI x Ova,Comet Drop 2,https://ipfs.tothemoon.net/ipfs/QmUtQtVQ8qiUzCp6Ck2g5kDyb6RcaBXvgFGmJ8bYD98pnR,Female Female,22,22,22,Extraterrestrial,,,,,
Character,Moon,1,Comet,GIN,Moon Duo,"Good luck catching up with this duo. With great intelligence and conviction, this octa-baby team is always focused on what’s to come, while keeping strong ties to the present.",CDCO,10,,COMI x Ova,Comet Drop 2,https://ipfs.tothemoon.net/ipfs/QmbkfgUSXdKXHqc9LMrYCCZkPV31GDS2CXLkX4tkFxF6ZH,Female Female,22,22,22,Extraterrestrial,,,,,
Character,Moon,1,Comet,GIN,Moon Duo,"This team comes with a knack for giving the most sincere, admiration-filled compliments. Always making connections, spreading kindness and taking advantage of every golden opportunity, FOMO and Jupiter are ready to forge down the unknown path",CDFJ,1,,FOMO x Jupiter,Comet Drop 2,https://ipfs.tothemoon.net/ipfs/QmNvenjq9vRq9XYQVQ9zUPBHfV2zPcUvxh9KhixJcw16xY,Male Female,22,22,22,Extraterrestrial,,,,,
Character,Moon,1,Comet,GIN,Moon Duo,"This team comes with a knack for giving the most sincere, admiration-filled compliments. Always making connections, spreading kindness and taking advantage of every golden opportunity, FOMO and Jupiter are ready to forge down the unknown path",CDFJ,2,,FOMO x Jupiter,Comet Drop 2,https://ipfs.tothemoon.net/ipfs/QmdTTMwmL71WWUNo3ryrHeNytoFS6YBwLHZo2dUduhW3QH,Male Female,22,22,22,Extraterrestrial,,,,,
Character,Moon,1,Comet,GIN,Moon Duo,"This team comes with a knack for giving the most sincere, admiration-filled compliments. Always making connections, spreading kindness and taking advantage of every golden opportunity, FOMO and Jupiter are ready to forge down the unknown path",CDFJ,3,,FOMO x Jupiter,Comet Drop 2,https://ipfs.tothemoon.net/ipfs/QmWsgxQBLPmJPzWXCQ4wuq32dWrNxs6uXtaMzAV4zVXgyu,Male Female,22,22,22,Extraterrestrial,,,,,
Character,Moon,1,Comet,GIN,Moon Duo,"This team comes with a knack for giving the most sincere, admiration-filled compliments. Always making connections, spreading kindness and taking advantage of every golden opportunity, FOMO and Jupiter are ready to forge down the unknown path",CDFJ,4,,FOMO x Jupiter,Comet Drop 2,https://ipfs.tothemoon.net/ipfs/QmWECzu7KKHiyfHqmtrDUWrgsqnq9XFYdB8ZtsCcsc1YPd,Male Female,22,22,22,Extraterrestrial,,,,,
Character,Moon,1,Comet,GIN,Moon Duo,"This team comes with a knack for giving the most sincere, admiration-filled compliments. Always making connections, spreading kindness and taking advantage of every golden opportunity, FOMO and Jupiter are ready to forge down the unknown path",CDFJ,5,,FOMO x Jupiter,Comet Drop 2,https://ipfs.tothemoon.net/ipfs/QmPWaEVsuY3Fre6BRJrpcfcTt3HGobi7rueR99Mb6MctuC,Male Female,22,22,22,Extraterrestrial,,,,,
Character,Moon,1,Comet,GIN,Moon Duo,"This team comes with a knack for giving the most sincere, admiration-filled compliments. Always making connections, spreading kindness and taking advantage of every golden opportunity, FOMO and Jupiter are ready to forge down the unknown path",CDFJ,6,,FOMO x Jupiter,Comet Drop 2,https://ipfs.tothemoon.net/ipfs/QmXv4fzVz7VSYquvTg53KUNbdQvHHpQFWzte3iAHjdNMip,Male Female,22,22,22,Extraterrestrial,,,,,
Character,Moon,1,Comet,GIN,Moon Duo,"This team comes with a knack for giving the most sincere, admiration-filled compliments. Always making connections, spreading kindness and taking advantage of every golden opportunity, FOMO and Jupiter are ready to forge down the unknown path",CDFJ,7,,FOMO x Jupiter,Comet Drop 2,https://ipfs.tothemoon.net/ipfs/QmUeW7LzEJdCkA9gT74jY6sazsAsSWPk6RyCnWvUiumk8C,Male Female,22,22,22,Extraterrestrial,,,,,
Character,Moon,1,Comet,GIN,Moon Duo,"This team comes with a knack for giving the most sincere, admiration-filled compliments. Always making connections, spreading kindness and taking advantage of every golden opportunity, FOMO and Jupiter are ready to forge down the unknown path",CDFJ,8,,FOMO x Jupiter,Comet Drop 2,https://ipfs.tothemoon.net/ipfs/Qmf5TYs3nSRJfhdKKvmd6gKHzEoCtg2zq7XMcBvHeNZoNc,Male Female,22,22,22,Extraterrestrial,,,,,
Character,Moon,1,Comet,GIN,Moon Duo,"This team comes with a knack for giving the most sincere, admiration-filled compliments. Always making connections, spreading kindness and taking advantage of every golden opportunity, FOMO and Jupiter are ready to forge down the unknown path",CDFJ,9,,FOMO x Jupiter,Comet Drop 2,https://ipfs.tothemoon.net/ipfs/QmTmZxxegkpLDCZZRT4WXhMM8uUu7P53QkYNnzdXhXRWqB,Male Female,22,22,22,Extraterrestrial,,,,,
Character,Moon,1,Comet,GIN,Moon Duo,"This team comes with a knack for giving the most sincere, admiration-filled compliments. Always making connections, spreading kindness and taking advantage of every golden opportunity, FOMO and Jupiter are ready to forge down the unknown path",CDFJ,10,,FOMO x Jupiter,Comet Drop 2,https://ipfs.tothemoon.net/ipfs/QmXkgJmAJ16Ls8JpWtYv3PYL5aHR3hEQQkG1C1pYJpQiDQ,Male Female,22,22,22,Extraterrestrial,,,,,
Character,Moon,1,Comet,GIN,Moon Duo,"Sometimes, patience is the only way through, and other times its determination and agility needed to break beyond. These flying friends know when to use what in order to achieve the greatest outcome possible.",CDHE,1,,HOLD x Everett,Comet Drop 2,https://ipfs.tothemoon.net/ipfs/QmecUhWg6xgb8QETLfFKBGH8NCA1qf7LKZ6En6NmYNgYGz,Male Male,22,22,22,Extraterrestrial,,,,,
Character,Moon,1,Comet,GIN,Moon Duo,"Sometimes, patience is the only way through, and other times its determination and agility needed to break beyond. These flying friends know when to use what in order to achieve the greatest outcome possible.",CDHE,2,,HOLD x Everett,Comet Drop 2,https://ipfs.tothemoon.net/ipfs/QmNk3afbP8DWYFvXH2YCPdyTAus6EwaW7NBBDiqXt53ZEo,Male Male,22,22,22,Extraterrestrial,,,,,
Character,Moon,1,Comet,GIN,Moon Duo,"Sometimes, patience is the only way through, and other times its determination and agility needed to break beyond. These flying friends know when to use what in order to achieve the greatest outcome possible.",CDHE,3,,HOLD x Everett,Comet Drop 2,https://ipfs.tothemoon.net/ipfs/QmWMVz5sBHxgYxGZ2TRPiayNWaPsSKfK7NfcLwLhXvUmFe,Male Male,22,22,22,Extraterrestrial,,,,,
Character,Moon,1,Comet,GIN,Moon Duo,"Sometimes, patience is the only way through, and other times its determination and agility needed to break beyond. These flying friends know when to use what in order to achieve the greatest outcome possible.",CDHE,4,,HOLD x Everett,Comet Drop 2,https://ipfs.tothemoon.net/ipfs/QmV34EE9CWoS7iFBfT3HiNbt9oEyH1KceVPFM8THXxPkrf,Male Male,22,22,22,Extraterrestrial,,,,,
Character,Moon,1,Comet,GIN,Moon Duo,"Sometimes, patience is the only way through, and other times its determination and agility needed to break beyond. These flying friends know when to use what in order to achieve the greatest outcome possible.",CDHE,5,,HOLD x Everett,Comet Drop 2,https://ipfs.tothemoon.net/ipfs/QmdiZknkaA36GvCU9WRuSCqPQjorkoDd4o4a8HzfYr9nFr,Male Male,22,22,22,Extraterrestrial,,,,,
Character,Moon,1,Comet,GIN,Moon Duo,"Sometimes, patience is the only way through, and other times its determination and agility needed to break beyond. These flying friends know when to use what in order to achieve the greatest outcome possible.",CDHE,6,,HOLD x Everett,Comet Drop 2,https://ipfs.tothemoon.net/ipfs/QmP4r1dyEYazcgBHKviv5XFNLCYQ6syg6MdXdLTYkJgEk1,Male Male,22,22,22,Extraterrestrial,,,,,
Character,Moon,1,Comet,GIN,Moon Duo,"Sometimes, patience is the only way through, and other times its determination and agility needed to break beyond. These flying friends know when to use what in order to achieve the greatest outcome possible.",CDHE,7,,HOLD x Everett,Comet Drop 2,https://ipfs.tothemoon.net/ipfs/QmbqP3xuL2HN3G83qxpuBtoAiD5954LtNTvt3hd5aKMmFH,Male Male,22,22,22,Extraterrestrial,,,,,
Character,Moon,1,Comet,GIN,Moon Duo,"Sometimes, patience is the only way through, and other times its determination and agility needed to break beyond. These flying friends know when to use what in order to achieve the greatest outcome possible.",CDHE,8,,HOLD x Everett,Comet Drop 2,https://ipfs.tothemoon.net/ipfs/QmciDEjttkUutsPKeV3ToM7Qby8h45EcjcJcpKfZVwtnVM,Male Male,22,22,22,Extraterrestrial,,,,,
Character,Moon,1,Comet,GIN,Moon Duo,"Sometimes, patience is the only way through, and other times its determination and agility needed to break beyond. These flying friends know when to use what in order to achieve the greatest outcome possible.",CDHE,9,,HOLD x Everett,Comet Drop 2,https://ipfs.tothemoon.net/ipfs/QmW79SixSDBi4zacwFnFwz5h5ooBPpJrr35mqqPc3LvCD2,Male Male,22,22,22,Extraterrestrial,,,,,
Character,Moon,1,Comet,GIN,Moon Duo,"Sometimes, patience is the only way through, and other times its determination and agility needed to break beyond. These flying friends know when to use what in order to achieve the greatest outcome possible.",CDHE,10,,HOLD x Everett,Comet Drop 2,https://ipfs.tothemoon.net/ipfs/QmaB9dDo1tU5M2Ywfbd6bn4914iVwZoLNAmWLNkL8Q7cFu,Male Male,22,22,22,Extraterrestrial,,,,,
Character,Moon,1,Comet,GIN,Moon Duo,"Everyone needs a bit of chaos and humor every now and then, especially when the jokes are humbling and keep the gang grounded. This bear-baby team is just as pragmatic as they are outlandish.",CDNB,1,,NEOM x Bromley,Comet Drop 2,https://ipfs.tothemoon.net/ipfs/QmaTUTsChhQK72XjPpkMvak9aCqE2iXPKdBf1H1t71mHzi,Female Male,22,22,22,Extraterrestrial,,,,,
Character,Moon,1,Comet,GIN,Moon Duo,"Everyone needs a bit of chaos and humor every now and then, especially when the jokes are humbling and keep the gang grounded. This bear-baby team is just as pragmatic as they are outlandish.",CDNB,2,,NEOM x Bromley,Comet Drop 2,https://ipfs.tothemoon.net/ipfs/QmeZMAyRCi4Ra2vx8vb3sPpuEumLiXpT1VVRUuFF7JyMNZ,Female Male,22,22,22,Extraterrestrial,,,,,
Character,Moon,1,Comet,GIN,Moon Duo,"Everyone needs a bit of chaos and humor every now and then, especially when the jokes are humbling and keep the gang grounded. This bear-baby team is just as pragmatic as they are outlandish.",CDNB,3,,NEOM x Bromley,Comet Drop 2,https://ipfs.tothemoon.net/ipfs/QmcjAN9ETYJzoBQ9gQ3mbFbhnhTGKmNyD83ATZM86dGB3X,Female Male,22,22,22,Extraterrestrial,,,,,
Character,Moon,1,Comet,GIN,Moon Duo,"Everyone needs a bit of chaos and humor every now and then, especially when the jokes are humbling and keep the gang grounded. This bear-baby team is just as pragmatic as they are outlandish.",CDNB,4,,NEOM x Bromley,Comet Drop 2,https://ipfs.tothemoon.net/ipfs/QmTJJdXCpKfxkcipG4nnAdj6FcUEUmci8P4A9rYPQ1xXp3,Female Male,22,22,22,Extraterrestrial,,,,,
Character,Moon,1,Comet,GIN,Moon Duo,"Everyone needs a bit of chaos and humor every now and then, especially when the jokes are humbling and keep the gang grounded. This bear-baby team is just as pragmatic as they are outlandish.",CDNB,5,,NEOM x Bromley,Comet Drop 2,https://ipfs.tothemoon.net/ipfs/QmYvAHpBtquqLW4gkXkaMER6ev8BQ8wM7VqyLRj1gGe18q,Female Male,22,22,22,Extraterrestrial,,,,,
Character,Moon,1,Comet,GIN,Moon Duo,"Everyone needs a bit of chaos and humor every now and then, especially when the jokes are humbling and keep the gang grounded. This bear-baby team is just as pragmatic as they are outlandish.",CDNB,6,,NEOM x Bromley,Comet Drop 2,https://ipfs.tothemoon.net/ipfs/QmPVuGk2G8oe7h8Q4hkbU5BBWW5xXkbxYb9KWGnPuyvHDh,Female Male,22,22,22,Extraterrestrial,,,,,
Character,Moon,1,Comet,GIN,Moon Duo,"Everyone needs a bit of chaos and humor every now and then, especially when the jokes are humbling and keep the gang grounded. This bear-baby team is just as pragmatic as they are outlandish.",CDNB,7,,NEOM x Bromley,Comet Drop 2,https://ipfs.tothemoon.net/ipfs/QmY1Lv2rm1onia4WgddYQtS7vAV2B5HTP4Yoa8UihsVhbs,Female Male,22,22,22,Extraterrestrial,,,,,
Character,Moon,1,Comet,GIN,Moon Duo,"Everyone needs a bit of chaos and humor every now and then, especially when the jokes are humbling and keep the gang grounded. This bear-baby team is just as pragmatic as they are outlandish.",CDNB,8,,NEOM x Bromley,Comet Drop 2,https://ipfs.tothemoon.net/ipfs/QmfGUXGf4r4ve9e9geKEjWCnyE8hPLyvxw2VY7iTJVPmzS,Female Male,22,22,22,Extraterrestrial,,,,,
Character,Moon,1,Comet,GIN,Moon Duo,"Everyone needs a bit of chaos and humor every now and then, especially when the jokes are humbling and keep the gang grounded. This bear-baby team is just as pragmatic as they are outlandish.",CDNB,9,,NEOM x Bromley,Comet Drop 2,https://ipfs.tothemoon.net/ipfs/Qmf7XLuoPimRfuRDXEnccGkbpgarNipgHYBTQgx3TGHWL7,Female Male,22,22,22,Extraterrestrial,,,,,
Character,Moon,1,Comet,GIN,Moon Duo,"Everyone needs a bit of chaos and humor every now and then, especially when the jokes are humbling and keep the gang grounded. This bear-baby team is just as pragmatic as they are outlandish.",CDNB,10,,NEOM x Bromley,Comet Drop 2,https://ipfs.tothemoon.net/ipfs/QmVGyTwiUX92RTdCeTeT27UND5pMzhdVFQPwrkZwrMyUAG,Female Male,22,22,22,Extraterrestrial,,,,,
Character,Moon,1,Comet,GIN,Moon Duo,"This team is sure about their powers and does not give a quack about those that doubt them. Able to see the future and all that leads up to it, this duo is always happy to help a friend in need.",CDOD,1,,OPLA x Dalton,Comet Drop 2,https://ipfs.tothemoon.net/ipfs/QmakqWYhcFAKwprYyTz4c8DRqgZpLYikQYXA8U6v3EpLLq,Female Male,22,22,22,Extraterrestrial,,,,,
Character,Moon,1,Comet,GIN,Moon Duo,"This team is sure about their powers and does not give a quack about those that doubt them. Able to see the future and all that leads up to it, this duo is always happy to help a friend in need.",CDOD,2,,OPLA x Dalton,Comet Drop 2,https://ipfs.tothemoon.net/ipfs/QmNsMCQJ6z98NzoNres2AdHjTktuuSZRYLRcT3SCJWiQ2e,Female Male,22,22,22,Extraterrestrial,,,,,
Character,Moon,1,Comet,GIN,Moon Duo,"This team is sure about their powers and does not give a quack about those that doubt them. Able to see the future and all that leads up to it, this duo is always happy to help a friend in need.",CDOD,3,,OPLA x Dalton,Comet Drop 2,https://ipfs.tothemoon.net/ipfs/QmVDUtcooHh4jp8DsmhFdVtoDa6owjcoPvLQHiVzUVNnhk,Female Male,22,22,22,Extraterrestrial,,,,,
Character,Moon,1,Comet,GIN,Moon Duo,"This team is sure about their powers and does not give a quack about those that doubt them. Able to see the future and all that leads up to it, this duo is always happy to help a friend in need.",CDOD,4,,OPLA x Dalton,Comet Drop 2,https://ipfs.tothemoon.net/ipfs/QmR8H3orMZkk8y3GTNg8y61FcuYcgdbTzSyB2AKBkVgnZr,Female Male,22,22,22,Extraterrestrial,,,,,
Character,Moon,1,Comet,GIN,Moon Duo,"This team is sure about their powers and does not give a quack about those that doubt them. Able to see the future and all that leads up to it, this duo is always happy to help a friend in need.",CDOD,5,,OPLA x Dalton,Comet Drop 2,https://ipfs.tothemoon.net/ipfs/QmT4ZcEEQchZBBtj144dKszPYokp5fSN7kmdVtfhUhL21E,Female Male,22,22,22,Extraterrestrial,,,,,
Character,Moon,1,Comet,GIN,Moon Duo,"This team is sure about their powers and does not give a quack about those that doubt them. Able to see the future and all that leads up to it, this duo is always happy to help a friend in need.",CDOD,6,,OPLA x Dalton,Comet Drop 2,https://ipfs.tothemoon.net/ipfs/QmSCaugdTcEoup4WDW7sgs2h3iXK2ehXmB9jK1WwtN6sMp,Female Male,22,22,22,Extraterrestrial,,,,,
Character,Moon,1,Comet,GIN,Moon Duo,"This team is sure about their powers and does not give a quack about those that doubt them. Able to see the future and all that leads up to it, this duo is always happy to help a friend in need.",CDOD,7,,OPLA x Dalton,Comet Drop 2,https://ipfs.tothemoon.net/ipfs/QmNQ25GRmUJVUWQ8VUJaPbnbmCJniPhvVQVsxn6Nn4nVyn,Female Male,22,22,22,Extraterrestrial,,,,,
Character,Moon,1,Comet,GIN,Moon Duo,"This team is sure about their powers and does not give a quack about those that doubt them. Able to see the future and all that leads up to it, this duo is always happy to help a friend in need.",CDOD,8,,OPLA x Dalton,Comet Drop 2,https://ipfs.tothemoon.net/ipfs/QmUMr7Ubh1g353spmcLcnhvcwCQMLTR3QGKGW4teK4H2ps,Female Male,22,22,22,Extraterrestrial,,,,,
Character,Moon,1,Comet,GIN,Moon Duo,"This team is sure about their powers and does not give a quack about those that doubt them. Able to see the future and all that leads up to it, this duo is always happy to help a friend in need.",CDOD,9,,OPLA x Dalton,Comet Drop 2,https://ipfs.tothemoon.net/ipfs/QmebyVkCmVbN7VguQnK2uwDr65Lpr5852wHDwKMgtdbgmt,Female Male,22,22,22,Extraterrestrial,,,,,
Character,Moon,1,Comet,GIN,Moon Duo,"This team is sure about their powers and does not give a quack about those that doubt them. Able to see the future and all that leads up to it, this duo is always happy to help a friend in need.",CDOD,10,,OPLA x Dalton,Comet Drop 2,https://ipfs.tothemoon.net/ipfs/QmaPVgTfZTcKzgBHSL8jaNvghaYJ7w8233zw66qS5dFYgj,Female Male,22,22,22,Extraterrestrial,,,,,
Character,Moon,1,Comet,GIN,Moon Duo,"Always looking for the fastest and most effective way to get the job done, this team can accomplish anything with the help of a little magic. This unlikely pair can perform some serious miracles at super sonic sloth speed.",CDOS,1,,ORBT x Speed,Comet Drop 2,https://ipfs.tothemoon.net/ipfs/QmNxPRuhMsr1GK7LN16KhNxrG4JiNVRa4vs2YCk5BdCThk,Male Male,22,22,22,Extraterrestrial,,,,,
Character,Moon,1,Comet,GIN,Moon Duo,"Always looking for the fastest and most effective way to get the job done, this team can accomplish anything with the help of a little magic. This unlikely pair can perform some serious miracles at super sonic sloth speed.",CDOS,2,,ORBT x Speed,Comet Drop 2,https://ipfs.tothemoon.net/ipfs/QmUtVBV5vzkX8Tct6P8aK8bq4Nh9DoQRDhEtBh2dj1PWX9,Male Male,22,22,22,Extraterrestrial,,,,,
Character,Moon,1,Comet,GIN,Moon Duo,"Always looking for the fastest and most effective way to get the job done, this team can accomplish anything with the help of a little magic. This unlikely pair can perform some serious miracles at super sonic sloth speed.",CDOS,3,,ORBT x Speed,Comet Drop 2,https://ipfs.tothemoon.net/ipfs/QmeZDNQCFdzhc12FnngYvkkasHXUGVXPsybh6gYweaBJyx,Male Male,22,22,22,Extraterrestrial,,,,,
Character,Moon,1,Comet,GIN,Moon Duo,"Always looking for the fastest and most effective way to get the job done, this team can accomplish anything with the help of a little magic. This unlikely pair can perform some serious miracles at super sonic sloth speed.",CDOS,4,,ORBT x Speed,Comet Drop 2,https://ipfs.tothemoon.net/ipfs/QmVkrW2Vj76uufx1vQkWXfDyNRg4nDto1J9P6PaMwGAydj,Male Male,22,22,22,Extraterrestrial,,,,,
Character,Moon,1,Comet,GIN,Moon Duo,"Always looking for the fastest and most effective way to get the job done, this team can accomplish anything with the help of a little magic. This unlikely pair can perform some serious miracles at super sonic sloth speed.",CDOS,5,,ORBT x Speed,Comet Drop 2,https://ipfs.tothemoon.net/ipfs/QmfMMGFHXeiYnLQGswA25x9L6bVjGZBAvTuFdbsCeYaViD,Male Male,22,22,22,Extraterrestrial,,,,,
Character,Moon,1,Comet,GIN,Moon Duo,"Always looking for the fastest and most effective way to get the job done, this team can accomplish anything with the help of a little magic. This unlikely pair can perform some serious miracles at super sonic sloth speed.",CDOS,6,,ORBT x Speed,Comet Drop 2,https://ipfs.tothemoon.net/ipfs/QmRvPmmVr3N1bDSMmPhi7CKs77QBocPNbkHAmNnEwJUyr9,Male Male,22,22,22,Extraterrestrial,,,,,
Character,Moon,1,Comet,GIN,Moon Duo,"Always looking for the fastest and most effective way to get the job done, this team can accomplish anything with the help of a little magic. This unlikely pair can perform some serious miracles at super sonic sloth speed.",CDOS,7,,ORBT x Speed,Comet Drop 2,https://ipfs.tothemoon.net/ipfs/QmThGVzWd6BjaVqAVJopKB21R8HReF1sTaojbLPKweyHrW,Male Male,22,22,22,Extraterrestrial,,,,,
Character,Moon,1,Comet,GIN,Moon Duo,"Always looking for the fastest and most effective way to get the job done, this team can accomplish anything with the help of a little magic. This unlikely pair can perform some serious miracles at super sonic sloth speed.",CDOS,8,,ORBT x Speed,Comet Drop 2,https://ipfs.tothemoon.net/ipfs/QmTHaS1eCcaB8ijLjmeh1gtfZ46n7UkbR2tcebHsYiv7rV,Male Male,22,22,22,Extraterrestrial,,,,,
Character,Moon,1,Comet,GIN,Moon Duo,"Always looking for the fastest and most effective way to get the job done, this team can accomplish anything with the help of a little magic. This unlikely pair can perform some serious miracles at super sonic sloth speed.",CDOS,9,,ORBT x Speed,Comet Drop 2,https://ipfs.tothemoon.net/ipfs/QmSYMkqKBE7XVUKGCQU7oDdP27n17fEMxeSdfVP6kxS83B,Male Male,22,22,22,Extraterrestrial,,,,,
Character,Moon,1,Comet,GIN,Moon Duo,"Always looking for the fastest and most effective way to get the job done, this team can accomplish anything with the help of a little magic. This unlikely pair can perform some serious miracles at super sonic sloth speed.",CDOS,10,,ORBT x Speed,Comet Drop 2,https://ipfs.tothemoon.net/ipfs/QmRuA5wEwywirSMija6Ap2gk7n798vq1524jQqtLmGTKuf,Male Male,22,22,22,Extraterrestrial,,,,,
Character,Moon,1,Comet,GIN,Moon Duo,"With a refusal to quit or take life at face value, this badger-baby duo lets the going get tough so that they can get going. This pair can dig themselves out of any tricky situation!",CDZB,1,,ZENA x Brynly,Comet Drop 2,https://ipfs.tothemoon.net/ipfs/QmToCv79KJjUMns1Y556NjneGDcMhhNx4Y33bd7JZ61xP7,Female Male,22,22,22,Extraterrestrial,,,,,
Character,Moon,1,Comet,GIN,Moon Duo,"With a refusal to quit or take life at face value, this badger-baby duo lets the going get tough so that they can get going. This pair can dig themselves out of any tricky situation!",CDZB,2,,ZENA x Brynly,Comet Drop 2,https://ipfs.tothemoon.net/ipfs/QmZhrsKherCvDyucvbcHQBzVaLDcH3TobZHP7HL2zQWk6y,Female Male,22,22,22,Extraterrestrial,,,,,
Character,Moon,1,Comet,GIN,Moon Duo,"With a refusal to quit or take life at face value, this badger-baby duo lets the going get tough so that they can get going. This pair can dig themselves out of any tricky situation!",CDZB,3,,ZENA x Brynly,Comet Drop 2,https://ipfs.tothemoon.net/ipfs/Qmbip7R3r8P1BByvVqftwi9m3vr39RQH6rdVWSbszgtSwB,Female Male,22,22,22,Extraterrestrial,,,,,
Character,Moon,1,Comet,GIN,Moon Duo,"With a refusal to quit or take life at face value, this badger-baby duo lets the going get tough so that they can get going. This pair can dig themselves out of any tricky situation!",CDZB,4,,ZENA x Brynly,Comet Drop 2,https://ipfs.tothemoon.net/ipfs/QmSz4w3p2Aoq6HrRcCpCSQcUFzxxJStCsz8YEXmTuaa6ei,Female Male,22,22,22,Extraterrestrial,,,,,
Character,Moon,1,Comet,GIN,Moon Duo,"With a refusal to quit or take life at face value, this badger-baby duo lets the going get tough so that they can get going. This pair can dig themselves out of any tricky situation!",CDZB,5,,ZENA x Brynly,Comet Drop 2,https://ipfs.tothemoon.net/ipfs/QmdWxAyhxFHSP7DrqFMssoqFjhZEAGtSVALTrJmXhwFKj2,Female Male,22,22,22,Extraterrestrial,,,,,
Character,Moon,1,Comet,GIN,Moon Duo,"With a refusal to quit or take life at face value, this badger-baby duo lets the going get tough so that they can get going. This pair can dig themselves out of any tricky situation!",CDZB,6,,ZENA x Brynly,Comet Drop 2,https://ipfs.tothemoon.net/ipfs/QmPeSXErdXi6fBYjPQzFvbc4AHg247u3AXqSnuvXaYsFqa,Female Male,22,22,22,Extraterrestrial,,,,,
Character,Moon,1,Comet,GIN,Moon Duo,"With a refusal to quit or take life at face value, this badger-baby duo lets the going get tough so that they can get going. This pair can dig themselves out of any tricky situation!",CDZB,7,,ZENA x Brynly,Comet Drop 2,https://ipfs.tothemoon.net/ipfs/QmYGLUwcrRjWVXLxgaZ4vQtEUMaPaP1eYnexEQHrCQakXv,Female Male,22,22,22,Extraterrestrial,,,,,
Character,Moon,1,Comet,GIN,Moon Duo,"With a refusal to quit or take life at face value, this badger-baby duo lets the going get tough so that they can get going. This pair can dig themselves out of any tricky situation!",CDZB,8,,ZENA x Brynly,Comet Drop 2,https://ipfs.tothemoon.net/ipfs/QmW1d9P3MwsFX8bynUQYL6wieTyHhAqBFVe5JuMH3J8MGA,Female Male,22,22,22,Extraterrestrial,,,,,
Character,Moon,1,Comet,GIN,Moon Duo,"With a refusal to quit or take life at face value, this badger-baby duo lets the going get tough so that they can get going. This pair can dig themselves out of any tricky situation!",CDZB,9,,ZENA x Brynly,Comet Drop 2,https://ipfs.tothemoon.net/ipfs/QmY458LY3GHt4yffMgGufirm7Wf4qMRTbb159JLvbQ3ioL,Female Male,22,22,22,Extraterrestrial,,,,,
Character,Moon,1,Comet,GIN,Moon Duo,"With a refusal to quit or take life at face value, this badger-baby duo lets the going get tough so that they can get going. This pair can dig themselves out of any tricky situation!",CDZB,10,,ZENA x Brynly,Comet Drop 2,https://ipfs.tothemoon.net/ipfs/QmUdoXhuCsAdCjJEeDFzXU6n35QhZ2C9oQpEWJanrNmvnj,Female Male,22,22,22,Extraterrestrial,,,,,
Character,Moon,1,Comet,GIN,Moon Duo,This conscientious pair have the gift of creativity. They are intelligent enough to know and composed enough to wait for the right time to share their bright ideas with the rest of the group.,CDAL,1,,AXL x Ludvik,Comet Drop 2,https://ipfs.tothemoon.net/ipfs/Qma7qcn6Qc3z4xGWDehjYjq8keLWVZwRafmrTGDKH87qDP,Male Male,16,16,16,Patience,Wisdom,Imagination,Wit,Humility,Generosity
Character,Moon,1,Comet,GIN,Moon Duo,This conscientious pair have the gift of creativity. They are intelligent enough to know and composed enough to wait for the right time to share their bright ideas with the rest of the group.,CDAL,2,,AXL x Ludvik,Comet Drop 2,https://ipfs.tothemoon.net/ipfs/Qme6PrkBsTSky7oNnsnVUsCgcFkuPBXaKxzqSeMddTZbk3,Male Male,16,16,16,Patience,Wisdom,Imagination,Wit,Humility,Generosity
Character,Moon,1,Comet,GIN,Moon Duo,This conscientious pair have the gift of creativity. They are intelligent enough to know and composed enough to wait for the right time to share their bright ideas with the rest of the group.,CDAL,3,,AXL x Ludvik,Comet Drop 2,https://ipfs.tothemoon.net/ipfs/Qma1UwiFNQJiqy9Yzi8MqAaG3UN755oLpG3PeLB1oJkgjy,Male Male,16,16,16,Patience,Wisdom,Imagination,Wit,Humility,Generosity
Character,Moon,1,Comet,GIN,Moon Duo,This conscientious pair have the gift of creativity. They are intelligent enough to know and composed enough to wait for the right time to share their bright ideas with the rest of the group.,CDAL,4,,AXL x Ludvik,Comet Drop 2,https://ipfs.tothemoon.net/ipfs/QmXikm9isN9yR8ogGCYFo3vGB45BAN9RSdteJFA2TmpZ72,Male Male,16,16,16,Patience,Wisdom,Imagination,Wit,Humility,Generosity
Character,Moon,1,Comet,GIN,Moon Duo,This conscientious pair have the gift of creativity. They are intelligent enough to know and composed enough to wait for the right time to share their bright ideas with the rest of the group.,CDAL,5,,AXL x Ludvik,Comet Drop 2,https://ipfs.tothemoon.net/ipfs/QmVmVGkngCrG8Wx6hytmSvULeYfYWMsZjXd15S5j3LNoFD,Male Male,16,16,16,Patience,Wisdom,Imagination,Wit,Humility,Generosity
Character,Moon,1,Comet,GIN,Moon Duo,This conscientious pair have the gift of creativity. They are intelligent enough to know and composed enough to wait for the right time to share their bright ideas with the rest of the group.,CDAL,6,,AXL x Ludvik,Comet Drop 2,https://ipfs.tothemoon.net/ipfs/QmPzBbVZUpgThrfsaED491MoGgByQjzdV3M7qgot3on242,Male Male,16,16,16,Patience,Wisdom,Imagination,Wit,Humility,Generosity
Character,Moon,1,Comet,GIN,Moon Duo,This conscientious pair have the gift of creativity. They are intelligent enough to know and composed enough to wait for the right time to share their bright ideas with the rest of the group.,CDAL,7,,AXL x Ludvik,Comet Drop 2,https://ipfs.tothemoon.net/ipfs/QmRxxJXFCABzwcGuN2EzFgPYprqmB8nbtfaoL6aWdCecMf,Male Male,16,16,16,Patience,Wisdom,Imagination,Wit,Humility,Generosity
Character,Moon,1,Comet,GIN,Moon Duo,This conscientious pair have the gift of creativity. They are intelligent enough to know and composed enough to wait for the right time to share their bright ideas with the rest of the group.,CDAL,8,,AXL x Ludvik,Comet Drop 2,https://ipfs.tothemoon.net/ipfs/QmXMdvX8Ds73QdRzaFFzzpACwgRhqbH7GdmUPQHnTKbcaq,Male Male,16,16,16,Patience,Wisdom,Imagination,Wit,Humility,Generosity
Character,Moon,1,Comet,GIN,Moon Duo,This conscientious pair have the gift of creativity. They are intelligent enough to know and composed enough to wait for the right time to share their bright ideas with the rest of the group.,CDAL,9,,AXL x Ludvik,Comet Drop 2,https://ipfs.tothemoon.net/ipfs/QmcxA5JkQoZca1hdWJLQ3RTw423XA8HjVqF6cf4qFC6w2J,Male Male,16,16,16,Patience,Wisdom,Imagination,Wit,Humility,Generosity
Character,Moon,1,Comet,GIN,Moon Duo,This conscientious pair have the gift of creativity. They are intelligent enough to know and composed enough to wait for the right time to share their bright ideas with the rest of the group.,CDAL,10,,AXL x Ludvik,Comet Drop 2,https://ipfs.tothemoon.net/ipfs/QmQ82CB8BTJxGKtqrQjsCAgzKtDwkEqx3vtJoh7oGTkHdd,Male Male,16,16,16,Patience,Wisdom,Imagination,Wit,Humility,Generosity
Character,Moon,1,Comet,GIN,Moon Duo,"When determination and bravery collide, you get Dev and Sirius. This duo uses intelligence and charm to win anyone over and without a blink, keeps their eyes on the prize.",CDDS,1,,DEV x Sirius,Comet Drop 2,https://ipfs.tothemoon.net/ipfs/QmZtSH6ZAHkCHpDH2cDdH8z7PgaC8nGgMKwbzDM3rXECfc,Male Male,16,16,16,Courage,Logic,Discipline,Alert,Charisma,Focus
Character,Moon,1,Comet,GIN,Moon Duo,"When determination and bravery collide, you get Dev and Sirius. This duo uses intelligence and charm to win anyone over and without a blink, keeps their eyes on the prize.",CDDS,2,,DEV x Sirius,Comet Drop 2,https://ipfs.tothemoon.net/ipfs/QmTTi3P9U8h5FpL6cFQGM25WDaMnPfV8HXdafzSDBGCYLm,Male Male,16,16,16,Courage,Logic,Discipline,Alert,Charisma,Focus
Character,Moon,1,Comet,GIN,Moon Duo,"When determination and bravery collide, you get Dev and Sirius. This duo uses intelligence and charm to win anyone over and without a blink, keeps their eyes on the prize.",CDDS,3,,DEV x Sirius,Comet Drop 2,https://ipfs.tothemoon.net/ipfs/QmeSU7Hyq8cafjnohvhzPFDUjitFNBAuXoh6xU2fsEjU2U,Male Male,16,16,16,Courage,Logic,Discipline,Alert,Charisma,Focus
Character,Moon,1,Comet,GIN,Moon Duo,"When determination and bravery collide, you get Dev and Sirius. This duo uses intelligence and charm to win anyone over and without a blink, keeps their eyes on the prize.",CDDS,4,,DEV x Sirius,Comet Drop 2,https://ipfs.tothemoon.net/ipfs/QmXzmHixoA4MuBkNUXgPS5gXyPbuKvn1rReaistGqm4ifW,Male Male,16,16,16,Courage,Logic,Discipline,Alert,Charisma,Focus
Character,Moon,1,Comet,GIN,Moon Duo,"When determination and bravery collide, you get Dev and Sirius. This duo uses intelligence and charm to win anyone over and without a blink, keeps their eyes on the prize.",CDDS,5,,DEV x Sirius,Comet Drop 2,https://ipfs.tothemoon.net/ipfs/QmSsR1eEX6xcdM8AKKg3FtHWk8ep86dhq5RvpPdTaukb1J,Male Male,16,16,16,Courage,Logic,Discipline,Alert,Charisma,Focus
Character,Moon,1,Comet,GIN,Moon Duo,"When determination and bravery collide, you get Dev and Sirius. This duo uses intelligence and charm to win anyone over and without a blink, keeps their eyes on the prize.",CDDS,6,,DEV x Sirius,Comet Drop 2,https://ipfs.tothemoon.net/ipfs/QmVMhMe93VeKnvXnmmDvded9Sw2U4yD1dPMoXesP4VBqjB,Male Male,16,16,16,Courage,Logic,Discipline,Alert,Charisma,Focus
Character,Moon,1,Comet,GIN,Moon Duo,"When determination and bravery collide, you get Dev and Sirius. This duo uses intelligence and charm to win anyone over and without a blink, keeps their eyes on the prize.",CDDS,7,,DEV x Sirius,Comet Drop 2,https://ipfs.tothemoon.net/ipfs/Qmc98f4ULF9VRF59iTj2f9CzmTWyrtMJH5ZaYdKf3iXaAL,Male Male,16,16,16,Courage,Logic,Discipline,Alert,Charisma,Focus
Character,Moon,1,Comet,GIN,Moon Duo,"When determination and bravery collide, you get Dev and Sirius. This duo uses intelligence and charm to win anyone over and without a blink, keeps their eyes on the prize.",CDDS,8,,DEV x Sirius,Comet Drop 2,https://ipfs.tothemoon.net/ipfs/QmQQtUA1Jsyv4cPkcDSXZcv9agX7jQLR4JtsRkegGRr3tp,Male Male,16,16,16,Courage,Logic,Discipline,Alert,Charisma,Focus
Character,Moon,1,Comet,GIN,Moon Duo,"When determination and bravery collide, you get Dev and Sirius. This duo uses intelligence and charm to win anyone over and without a blink, keeps their eyes on the prize.",CDDS,9,,DEV x Sirius,Comet Drop 2,https://ipfs.tothemoon.net/ipfs/QmTAgjZq6nho6SgcHFKUjJcfM7kNUPqbK9qDD2PD71Gsdx,Male Male,16,16,16,Courage,Logic,Discipline,Alert,Charisma,Focus
Character,Moon,1,Comet,GIN,Moon Duo,"When determination and bravery collide, you get Dev and Sirius. This duo uses intelligence and charm to win anyone over and without a blink, keeps their eyes on the prize.",CDDS,10,,DEV x Sirius,Comet Drop 2,https://ipfs.tothemoon.net/ipfs/QmSpAbQuaDKVeC1GFZx2KiS8AeFzDrhLJiDHcrwfvoJm1a,Male Male,16,16,16,Courage,Logic,Discipline,Alert,Charisma,Focus
Character,Moon,1,Comet,GIN,Moon Duo,"With the ability to wow the group, this duo is grateful for the attention they get and influence they have. This is why they use it for good and to encourage kindness and the spirit of giving to all around them.",CDIC,1,,IZI x Chantz,Comet Drop 2,https://ipfs.tothemoon.net/ipfs/QmVUeejUmdUB6VZ254SEvgEfXxwem2v8YJvsTRyfE4ZmTF,Female Female,16,16,16,Gratitude ,Luck,Efficiency,Charisma,Generosity,Charm
Character,Moon,1,Comet,GIN,Moon Duo,"With the ability to wow the group, this duo is grateful for the attention they get and influence they have. This is why they use it for good and to encourage kindness and the spirit of giving to all around them.",CDIC,2,,IZI x Chantz,Comet Drop 2,https://ipfs.tothemoon.net/ipfs/QmX3p3kz2zQLw1rhCToN35pY6WPskSqnhhoX5yybP9oe1S,Female Female,16,16,16,Gratitude ,Luck,Efficiency,Charisma,Generosity,Charm
Character,Moon,1,Comet,GIN,Moon Duo,"With the ability to wow the group, this duo is grateful for the attention they get and influence they have. This is why they use it for good and to encourage kindness and the spirit of giving to all around them.",CDIC,3,,IZI x Chantz,Comet Drop 2,https://ipfs.tothemoon.net/ipfs/QmVjs8wkAwZYatmq8NS9LDD6sWYYzX1rga3jViDJ9si1ER,Female Female,16,16,16,Gratitude ,Luck,Efficiency,Charisma,Generosity,Charm
Character,Moon,1,Comet,GIN,Moon Duo,"With the ability to wow the group, this duo is grateful for the attention they get and influence they have. This is why they use it for good and to encourage kindness and the spirit of giving to all around them.",CDIC,4,,IZI x Chantz,Comet Drop 2,https://ipfs.tothemoon.net/ipfs/Qme5VH5a9gQ5jZFFX6hpdD765YscvGkyZW7d2E3wu1Ya1A,Female Female,16,16,16,Gratitude ,Luck,Efficiency,Charisma,Generosity,Charm
Character,Moon,1,Comet,GIN,Moon Duo,"With the ability to wow the group, this duo is grateful for the attention they get and influence they have. This is why they use it for good and to encourage kindness and the spirit of giving to all around them.",CDIC,5,,IZI x Chantz,Comet Drop 2,https://ipfs.tothemoon.net/ipfs/QmfRjdD1MuWoUQF5THSjKNpc5tAvEXy2v4YouC5pDAZqB6,Female Female,16,16,16,Gratitude ,Luck,Efficiency,Charisma,Generosity,Charm
Character,Moon,1,Comet,GIN,Moon Duo,"With the ability to wow the group, this duo is grateful for the attention they get and influence they have. This is why they use it for good and to encourage kindness and the spirit of giving to all around them.",CDIC,6,,IZI x Chantz,Comet Drop 2,https://ipfs.tothemoon.net/ipfs/Qmf8qXjLe5bpK2gMJQ9HyFVfuu8Z6kgGZXFW6ZpqxhtWZZ,Female Female,16,16,16,Gratitude ,Luck,Efficiency,Charisma,Generosity,Charm
Character,Moon,1,Comet,GIN,Moon Duo,"With the ability to wow the group, this duo is grateful for the attention they get and influence they have. This is why they use it for good and to encourage kindness and the spirit of giving to all around them.",CDIC,7,,IZI x Chantz,Comet Drop 2,https://ipfs.tothemoon.net/ipfs/QmUFdSZ82MMYMSYWi9fGPL9R6CSq5HqYixfueNwEz5KvvY,Female Female,16,16,16,Gratitude ,Luck,Efficiency,Charisma,Generosity,Charm
Character,Moon,1,Comet,GIN,Moon Duo,"With the ability to wow the group, this duo is grateful for the attention they get and influence they have. This is why they use it for good and to encourage kindness and the spirit of giving to all around them.",CDIC,8,,IZI x Chantz,Comet Drop 2,https://ipfs.tothemoon.net/ipfs/QmR1Df6cqDpifka4S87YYbmNdcVw8TbD7RdKvsUr6NRJ8o,Female Female,16,16,16,Gratitude ,Luck,Efficiency,Charisma,Generosity,Charm
Character,Moon,1,Comet,GIN,Moon Duo,"With the ability to wow the group, this duo is grateful for the attention they get and influence they have. This is why they use it for good and to encourage kindness and the spirit of giving to all around them.",CDIC,9,,IZI x Chantz,Comet Drop 2,https://ipfs.tothemoon.net/ipfs/QmVCZDxnHZD6XHvy6Wpk3sRfdRCPRkDju3oBYfy2epdE6E,Female Female,16,16,16,Gratitude ,Luck,Efficiency,Charisma,Generosity,Charm
Character,Moon,1,Comet,GIN,Moon Duo,"With the ability to wow the group, this duo is grateful for the attention they get and influence they have. This is why they use it for good and to encourage kindness and the spirit of giving to all around them.",CDIC,10,,IZI x Chantz,Comet Drop 2,https://ipfs.tothemoon.net/ipfs/QmdR39sMzN9WT7LBA5bvSaKexSz8WysgwRWdzf82WefRVw,Female Female,16,16,16,Gratitude ,Luck,Efficiency,Charisma,Generosity,Charm
Character,Moon,1,Comet,GIN,Moon Duo,"Whether the flow means a torrential downpour or a droplet, this skilled pair is ready to go with it. Need a quick change in gears? No problem. They are prepared for whatever life throws at them and in the case of nothing, they are happy to wait.",CDKW,1,,KYE x Wynter,Comet Drop 2,https://ipfs.tothemoon.net/ipfs/Qmeeobd5A9NdSBFb46ZuW4S3z6S737mUsjaHBa5VMJeW2B,Female Female,16,16,16,Patience,Talent,Ambition,Versatility,Respect,Alert
Character,Moon,1,Comet,GIN,Moon Duo,"Whether the flow means a torrential downpour or a droplet, this skilled pair is ready to go with it. Need a quick change in gears? No problem. They are prepared for whatever life throws at them and in the case of nothing, they are happy to wait.",CDKW,2,,KYE x Wynter,Comet Drop 2,https://ipfs.tothemoon.net/ipfs/QmYNdXF9vomd75ggGsQTG8tB13gFpHzPn7yUjv2rVgUqyv,Female Female,16,16,16,Patience,Talent,Ambition,Versatility,Respect,Alert
Character,Moon,1,Comet,GIN,Moon Duo,"Whether the flow means a torrential downpour or a droplet, this skilled pair is ready to go with it. Need a quick change in gears? No problem. They are prepared for whatever life throws at them and in the case of nothing, they are happy to wait.",CDKW,3,,KYE x Wynter,Comet Drop 2,https://ipfs.tothemoon.net/ipfs/QmdeC4SSAPZmjURpLR8ebr6Zxw7GA7K23ni6sdMxfpGtJp,Female Female,16,16,16,Patience,Talent,Ambition,Versatility,Respect,Alert
Character,Moon,1,Comet,GIN,Moon Duo,"Whether the flow means a torrential downpour or a droplet, this skilled pair is ready to go with it. Need a quick change in gears? No problem. They are prepared for whatever life throws at them and in the case of nothing, they are happy to wait.",CDKW,4,,KYE x Wynter,Comet Drop 2,https://ipfs.tothemoon.net/ipfs/QmWXdAhBvPodd7HKijQym6vJJnFVVSNJ5GPdYCVWU4oz4b,Female Female,16,16,16,Patience,Talent,Ambition,Versatility,Respect,Alert
Character,Moon,1,Comet,GIN,Moon Duo,"Whether the flow means a torrential downpour or a droplet, this skilled pair is ready to go with it. Need a quick change in gears? No problem. They are prepared for whatever life throws at them and in the case of nothing, they are happy to wait.",CDKW,5,,KYE x Wynter,Comet Drop 2,https://ipfs.tothemoon.net/ipfs/QmT9yFHQu9dLBXeVBJqWTbGtMUWrovJbN7QFiA2DHLfRGU,Female Female,16,16,16,Patience,Talent,Ambition,Versatility,Respect,Alert
Character,Moon,1,Comet,GIN,Moon Duo,"Whether the flow means a torrential downpour or a droplet, this skilled pair is ready to go with it. Need a quick change in gears? No problem. They are prepared for whatever life throws at them and in the case of nothing, they are happy to wait.",CDKW,6,,KYE x Wynter,Comet Drop 2,https://ipfs.tothemoon.net/ipfs/QmZNXGtCVJnwoAP5XrAXokejEuH5iTp1s461LWhGW3peb6,Female Female,16,16,16,Patience,Talent,Ambition,Versatility,Respect,Alert
Character,Moon,1,Comet,GIN,Moon Duo,"Whether the flow means a torrential downpour or a droplet, this skilled pair is ready to go with it. Need a quick change in gears? No problem. They are prepared for whatever life throws at them and in the case of nothing, they are happy to wait.",CDKW,7,,KYE x Wynter,Comet Drop 2,https://ipfs.tothemoon.net/ipfs/QmaZnj6k69BdLFAucuo6YPXNE5xUSeeBrRdZQo2VAzFjPS,Female Female,16,16,16,Patience,Talent,Ambition,Versatility,Respect,Alert
Character,Moon,1,Comet,GIN,Moon Duo,"Whether the flow means a torrential downpour or a droplet, this skilled pair is ready to go with it. Need a quick change in gears? No problem. They are prepared for whatever life throws at them and in the case of nothing, they are happy to wait.",CDKW,8,,KYE x Wynter,Comet Drop 2,https://ipfs.tothemoon.net/ipfs/QmT442GbwkkEMYtNJGRVvacZzBS48USJ78gmfrAyc2xQFj,Female Female,16,16,16,Patience,Talent,Ambition,Versatility,Respect,Alert
Character,Moon,1,Comet,GIN,Moon Duo,"Whether the flow means a torrential downpour or a droplet, this skilled pair is ready to go with it. Need a quick change in gears? No problem. They are prepared for whatever life throws at them and in the case of nothing, they are happy to wait.",CDKW,9,,KYE x Wynter,Comet Drop 2,https://ipfs.tothemoon.net/ipfs/QmWKiYNNR2tvcaTgZRZMmj1Y7A1e5t7FjqPBc55SZQfFqy,Female Female,16,16,16,Patience,Talent,Ambition,Versatility,Respect,Alert
Character,Moon,1,Comet,GIN,Moon Duo,"Whether the flow means a torrential downpour or a droplet, this skilled pair is ready to go with it. Need a quick change in gears? No problem. They are prepared for whatever life throws at them and in the case of nothing, they are happy to wait.",CDKW,10,,KYE x Wynter,Comet Drop 2,https://ipfs.tothemoon.net/ipfs/QmbjkBbUNmhA5JVuCGUWBpVmipnHKGuGYXhXHqqHXjeUaT,Female Female,16,16,16,Patience,Talent,Ambition,Versatility,Respect,Alert
Character,Moon,1,Comet,GIN,Moon Duo,"These savvy girls know that in order to succeed, you have to put the work in, as well as be grateful for what the universe already allowed you to accomplish. No wonder the gang loves this duo.",CDLW,1,,LIN x Wila,Comet Drop 2,https://ipfs.tothemoon.net/ipfs/QmesssHwNSS1cQU39xacpcPuD5GgG1GFLio4wPbwtfjSuS,Female Female,16,16,16,Gratitude,Skillful,Faith,Clever,Sociable,Discipline
Character,Moon,1,Comet,GIN,Moon Duo,"These savvy girls know that in order to succeed, you have to put the work in, as well as be grateful for what the universe already allowed you to accomplish. No wonder the gang loves this duo.",CDLW,2,,LIN x Wila,Comet Drop 2,https://ipfs.tothemoon.net/ipfs/QmWnkKXzGssFYvsyaSdVpKuSiL6oHyrZuUkn7JrGpmiz55,Female Female,16,16,16,Gratitude,Skillful,Faith,Clever,Sociable,Discipline
Character,Moon,1,Comet,GIN,Moon Duo,"These savvy girls know that in order to succeed, you have to put the work in, as well as be grateful for what the universe already allowed you to accomplish. No wonder the gang loves this duo.",CDLW,3,,LIN x Wila,Comet Drop 2,https://ipfs.tothemoon.net/ipfs/QmUJv9aUjmTbLxWTaHibNPjb6Xmyx1i3EgmWxFmKsZhSRK,Female Female,16,16,16,Gratitude,Skillful,Faith,Clever,Sociable,Discipline
Character,Moon,1,Comet,GIN,Moon Duo,"These savvy girls know that in order to succeed, you have to put the work in, as well as be grateful for what the universe already allowed you to accomplish. No wonder the gang loves this duo.",CDLW,4,,LIN x Wila,Comet Drop 2,https://ipfs.tothemoon.net/ipfs/QmWKPq8B93souVNisyVbQ3xJbskKR5yyMwvLBepYwRTQ6c,Female Female,16,16,16,Gratitude,Skillful,Faith,Clever,Sociable,Discipline
Character,Moon,1,Comet,GIN,Moon Duo,"These savvy girls know that in order to succeed, you have to put the work in, as well as be grateful for what the universe already allowed you to accomplish. No wonder the gang loves this duo.",CDLW,5,,LIN x Wila,Comet Drop 2,https://ipfs.tothemoon.net/ipfs/QmYqYMBPUL6n6dtfdfEFxADMw2KZEqv5xJXp5nqgdNCtFy,Female Female,16,16,16,Gratitude,Skillful,Faith,Clever,Sociable,Discipline
Character,Moon,1,Comet,GIN,Moon Duo,"These savvy girls know that in order to succeed, you have to put the work in, as well as be grateful for what the universe already allowed you to accomplish. No wonder the gang loves this duo.",CDLW,6,,LIN x Wila,Comet Drop 2,https://ipfs.tothemoon.net/ipfs/QmZXG7fWkyhLvyePpwMpXb1a2Y9X4etmBtvxB7vRPeuMqo,Female Female,16,16,16,Gratitude,Skillful,Faith,Clever,Sociable,Discipline
Character,Moon,1,Comet,GIN,Moon Duo,"These savvy girls know that in order to succeed, you have to put the work in, as well as be grateful for what the universe already allowed you to accomplish. No wonder the gang loves this duo.",CDLW,7,,LIN x Wila,Comet Drop 2,https://ipfs.tothemoon.net/ipfs/QmRPmiohbmi8EBtYs6NSQC7kfjtLBEATKbuw97tKYteu7w,Female Female,16,16,16,Gratitude,Skillful,Faith,Clever,Sociable,Discipline
Character,Moon,1,Comet,GIN,Moon Duo,"These savvy girls know that in order to succeed, you have to put the work in, as well as be grateful for what the universe already allowed you to accomplish. No wonder the gang loves this duo.",CDLW,8,,LIN x Wila,Comet Drop 2,https://ipfs.tothemoon.net/ipfs/QmdEQWTe2fwfzSygb31AYDtis6ueDyiBxwpKmr67Hk92Pw,Female Female,16,16,16,Gratitude,Skillful,Faith,Clever,Sociable,Discipline
Character,Moon,1,Comet,GIN,Moon Duo,"These savvy girls know that in order to succeed, you have to put the work in, as well as be grateful for what the universe already allowed you to accomplish. No wonder the gang loves this duo.",CDLW,9,,LIN x Wila,Comet Drop 2,https://ipfs.tothemoon.net/ipfs/QmRVjo7LJzzQypAps6X9Kb2Aj84oWVFnXbsnZMzhLwzkHV,Female Female,16,16,16,Gratitude,Skillful,Faith,Clever,Sociable,Discipline
Character,Moon,1,Comet,GIN,Moon Duo,"These savvy girls know that in order to succeed, you have to put the work in, as well as be grateful for what the universe already allowed you to accomplish. No wonder the gang loves this duo.",CDLW,10,,LIN x Wila,Comet Drop 2,https://ipfs.tothemoon.net/ipfs/QmetfBGM8GvPxhjzswMVPZdKU9WNdrmcaygSouB3WWCeTk,Female Female,16,16,16,Gratitude,Skillful,Faith,Clever,Sociable,Discipline
Character,Moon,1,Comet,GIN,Moon Duo,"Together, these two can rule the universe. With their need to take initiative and move the group forward, they know persistence with the ability to listen to life’s messages are the way to go.",CDRG,1,,RAX x Gideon,Comet Drop 2,https://ipfs.tothemoon.net/ipfs/QmfAguvNvK8CzPMZzQAvV2wJbpvDzxoGWHbgmgsdVP1HRV,Female Male,16,16,16,Knowledge,Leader,Determination,Adaptability,Charm,Intuition
Character,Moon,1,Comet,GIN,Moon Duo,"Together, these two can rule the universe. With their need to take initiative and move the group forward, they know persistence with the ability to listen to life’s messages are the way to go.",CDRG,2,,RAX x Gideon,Comet Drop 2,https://ipfs.tothemoon.net/ipfs/QmYVRwYoHh2HyK6tGGRffG5PUE2bGCTToenGEPog7kchFy,Female Male,16,16,16,Knowledge,Leader,Determination,Adaptability,Charm,Intuition
Character,Moon,1,Comet,GIN,Moon Duo,"Together, these two can rule the universe. With their need to take initiative and move the group forward, they know persistence with the ability to listen to life’s messages are the way to go.",CDRG,3,,RAX x Gideon,Comet Drop 2,https://ipfs.tothemoon.net/ipfs/QmZK5zGzQUJPuFh49q3GRP4vSM2psSBtb5EJKK941dd2zo,Female Male,16,16,16,Knowledge,Leader,Determination,Adaptability,Charm,Intuition
Character,Moon,1,Comet,GIN,Moon Duo,"Together, these two can rule the universe. With their need to take initiative and move the group forward, they know persistence with the ability to listen to life’s messages are the way to go.",CDRG,4,,RAX x Gideon,Comet Drop 2,https://ipfs.tothemoon.net/ipfs/QmX96R71YgHKN1qm7e36SbrHvbKokYUcDdoNVzt93vxMbd,Female Male,16,16,16,Knowledge,Leader,Determination,Adaptability,Charm,Intuition
Character,Moon,1,Comet,GIN,Moon Duo,"Together, these two can rule the universe. With their need to take initiative and move the group forward, they know persistence with the ability to listen to life’s messages are the way to go.",CDRG,5,,RAX x Gideon,Comet Drop 2,https://ipfs.tothemoon.net/ipfs/QmTbkBYHy1r3pdiWv5AF1BJYR1fQpT6D41UfATSowCe7rZ,Female Male,16,16,16,Knowledge,Leader,Determination,Adaptability,Charm,Intuition
Character,Moon,1,Comet,GIN,Moon Duo,"Together, these two can rule the universe. With their need to take initiative and move the group forward, they know persistence with the ability to listen to life’s messages are the way to go.",CDRG,6,,RAX x Gideon,Comet Drop 2,https://ipfs.tothemoon.net/ipfs/QmQEEpKRGYqcvUC3qNCdvA1fZz4ZGPSFrE1LxdcfsTmvGN,Female Male,16,16,16,Knowledge,Leader,Determination,Adaptability,Charm,Intuition
Character,Moon,1,Comet,GIN,Moon Duo,"Together, these two can rule the universe. With their need to take initiative and move the group forward, they know persistence with the ability to listen to life’s messages are the way to go.",CDRG,7,,RAX x Gideon,Comet Drop 2,https://ipfs.tothemoon.net/ipfs/QmSSWuMCwrQeefnHEPiuxqpf4U6ePmkWij2TBqiutppJcL,Female Male,16,16,16,Knowledge,Leader,Determination,Adaptability,Charm,Intuition
Character,Moon,1,Comet,GIN,Moon Duo,"Together, these two can rule the universe. With their need to take initiative and move the group forward, they know persistence with the ability to listen to life’s messages are the way to go.",CDRG,8,,RAX x Gideon,Comet Drop 2,https://ipfs.tothemoon.net/ipfs/QmTqWBQnWqsrkQd5UgEwg5ZF2tgHW8ACpJspsVoHPVdWTe,Female Male,16,16,16,Knowledge,Leader,Determination,Adaptability,Charm,Intuition
Character,Moon,1,Comet,GIN,Moon Duo,"Together, these two can rule the universe. With their need to take initiative and move the group forward, they know persistence with the ability to listen to life’s messages are the way to go.",CDRG,9,,RAX x Gideon,Comet Drop 2,https://ipfs.tothemoon.net/ipfs/QmTbvkKXScCZut8cTNiC783QzxHKWfwuUSwvDAUhe3rfqd,Female Male,16,16,16,Knowledge,Leader,Determination,Adaptability,Charm,Intuition
Character,Moon,1,Comet,GIN,Moon Duo,"Together, these two can rule the universe. With their need to take initiative and move the group forward, they know persistence with the ability to listen to life’s messages are the way to go.",CDRG,10,,RAX x Gideon,Comet Drop 2,https://ipfs.tothemoon.net/ipfs/QmXL8TSauUCJV1KmGPCwP6CC9xQ4wuvoco7t6hcq3Nuzx5,Female Male,16,16,16,Knowledge,Leader,Determination,Adaptability,Charm,Intuition
Character,Moon,1,Comet,GIN,Moon Duo,"Observant and sharp, nothing slips by these two. And if you try, the jokes on you! Astuteness aside, these two have everyone in stitches with their clever remarks.",CDWO,1,,WUN x Orson,Comet Drop 2,https://ipfs.tothemoon.net/ipfs/QmbHv6SEdJrFxNcqkLQbwzFxdU4faA5qVkDex1Cfvsq4dV,Male Male,16,16,16,Knowledge,Logic,Versatility,Alert,Humor,Adaptability
Character,Moon,1,Comet,GIN,Moon Duo,"Observant and sharp, nothing slips by these two. And if you try, the jokes on you! Astuteness aside, these two have everyone in stitches with their clever remarks.",CDWO,2,,WUN x Orson,Comet Drop 2,https://ipfs.tothemoon.net/ipfs/Qmf6AJrFAPkdAZTtrjUmL5YYWBEtRWkp7N5BaAZv5QyS1i,Male Male,16,16,16,Knowledge,Logic,Versatility,Alert,Humor,Adaptability
Character,Moon,1,Comet,GIN,Moon Duo,"Observant and sharp, nothing slips by these two. And if you try, the jokes on you! Astuteness aside, these two have everyone in stitches with their clever remarks.",CDWO,3,,WUN x Orson,Comet Drop 2,https://ipfs.tothemoon.net/ipfs/QmPXCQqMSWtcaphRX9CEKoo1hr6BKeEsQ2gEKgz9JseZ1N,Male Male,16,16,16,Knowledge,Logic,Versatility,Alert,Humor,Adaptability
Character,Moon,1,Comet,GIN,Moon Duo,"Observant and sharp, nothing slips by these two. And if you try, the jokes on you! Astuteness aside, these two have everyone in stitches with their clever remarks.",CDWO,4,,WUN x Orson,Comet Drop 2,https://ipfs.tothemoon.net/ipfs/QmcezbTXX2eWy2rsudU3q1XXCVMSsZNyej866nDpinHGoG,Male Male,16,16,16,Knowledge,Logic,Versatility,Alert,Humor,Adaptability
Character,Moon,1,Comet,GIN,Moon Duo,"Observant and sharp, nothing slips by these two. And if you try, the jokes on you! Astuteness aside, these two have everyone in stitches with their clever remarks.",CDWO,5,,WUN x Orson,Comet Drop 2,https://ipfs.tothemoon.net/ipfs/QmaqDasuE3AwXjs5n6uABsU3PX3i4uVCySmJCur9JCzGWr,Male Male,16,16,16,Knowledge,Logic,Versatility,Alert,Humor,Adaptability
Character,Moon,1,Comet,GIN,Moon Duo,"Observant and sharp, nothing slips by these two. And if you try, the jokes on you! Astuteness aside, these two have everyone in stitches with their clever remarks.",CDWO,6,,WUN x Orson,Comet Drop 2,https://ipfs.tothemoon.net/ipfs/QmTEt3e7VTZWM8b5Va22aYmcFLnxjrWWdST8VyVej1HQkw,Male Male,16,16,16,Knowledge,Logic,Versatility,Alert,Humor,Adaptability
Character,Moon,1,Comet,GIN,Moon Duo,"Observant and sharp, nothing slips by these two. And if you try, the jokes on you! Astuteness aside, these two have everyone in stitches with their clever remarks.",CDWO,7,,WUN x Orson,Comet Drop 2,https://ipfs.tothemoon.net/ipfs/QmYHJUsJZVhZPCdSmTaDsDzzUhyydRPmjQJBidDsHjiue3,Male Male,16,16,16,Knowledge,Logic,Versatility,Alert,Humor,Adaptability
Character,Moon,1,Comet,GIN,Moon Duo,"Observant and sharp, nothing slips by these two. And if you try, the jokes on you! Astuteness aside, these two have everyone in stitches with their clever remarks.",CDWO,8,,WUN x Orson,Comet Drop 2,https://ipfs.tothemoon.net/ipfs/QmRwbuW9rfA7FtNG2eTQPGrWQt9XiKy8X17TFAwCDchPAB,Male Male,16,16,16,Knowledge,Logic,Versatility,Alert,Humor,Adaptability
Character,Moon,1,Comet,GIN,Moon Duo,"Observant and sharp, nothing slips by these two. And if you try, the jokes on you! Astuteness aside, these two have everyone in stitches with their clever remarks.",CDWO,9,,WUN x Orson,Comet Drop 2,https://ipfs.tothemoon.net/ipfs/QmaDaD8bsGKEKWYmmyfpCe5BzARh6zjxmdb3Y1qtBHo6vj,Male Male,16,16,16,Knowledge,Logic,Versatility,Alert,Humor,Adaptability
Character,Moon,1,Comet,GIN,Moon Duo,"Observant and sharp, nothing slips by these two. And if you try, the jokes on you! Astuteness aside, these two have everyone in stitches with their clever remarks.",CDWO,10,,WUN x Orson,Comet Drop 2,https://ipfs.tothemoon.net/ipfs/QmX858sBNVWG3W9AToVV6tLRnZAY7NByAzvgQU2W5PzT8N,Male Male,16,16,16,Knowledge,Logic,Versatility,Alert,Humor,Adaptability
Character,Moon,1,Comet,GIN,Moon Duo,"With great levels of intelligence and certainty, veiled by an air of tranquility, this duo is a secret weapon. It’s easy to look past the quiet ones, which is what makes this pair so powerful.",CDZP,1,,ZEN x Pezi,Comet Drop 2,https://ipfs.tothemoon.net/ipfs/QmUy241PH3K4YX4fCf23FGhKJHrLeKGo7vZBk8AsdThvXk,Male Male,16,16,16,Courage,Leader,Discipline,Confidence,Calm,Logic
Character,Moon,1,Comet,GIN,Moon Duo,"With great levels of intelligence and certainty, veiled by an air of tranquility, this duo is a secret weapon. It’s easy to look past the quiet ones, which is what makes this pair so powerful.",CDZP,2,,ZEN x Pezi,Comet Drop 2,https://ipfs.tothemoon.net/ipfs/QmTiVp3hfaeK42QVgvk9iz7Ps2GTtgKxD5F4uJUogdCJd6,Male Male,16,16,16,Courage,Leader,Discipline,Confidence,Calm,Logic
Character,Moon,1,Comet,GIN,Moon Duo,"With great levels of intelligence and certainty, veiled by an air of tranquility, this duo is a secret weapon. It’s easy to look past the quiet ones, which is what makes this pair so powerful.",CDZP,3,,ZEN x Pezi,Comet Drop 2,https://ipfs.tothemoon.net/ipfs/QmV6y8sErEvz9DtmXh5EbjNVHPuvCMKbdmAihQwpU7iVL3,Male Male,16,16,16,Courage,Leader,Discipline,Confidence,Calm,Logic
Character,Moon,1,Comet,GIN,Moon Duo,"With great levels of intelligence and certainty, veiled by an air of tranquility, this duo is a secret weapon. It’s easy to look past the quiet ones, which is what makes this pair so powerful.",CDZP,4,,ZEN x Pezi,Comet Drop 2,https://ipfs.tothemoon.net/ipfs/QmZqX1v5nTdJJNc9AB1r4t4dkEpDumSs9YKP7iSYeu8bWn,Male Male,16,16,16,Courage,Leader,Discipline,Confidence,Calm,Logic
Character,Moon,1,Comet,GIN,Moon Duo,"With great levels of intelligence and certainty, veiled by an air of tranquility, this duo is a secret weapon. It’s easy to look past the quiet ones, which is what makes this pair so powerful.",CDZP,5,,ZEN x Pezi,Comet Drop 2,https://ipfs.tothemoon.net/ipfs/QmauGn6vUQuod2GdHDVEEgTmFXENQKXAdANPjSszE7bkBq,Male Male,16,16,16,Courage,Leader,Discipline,Confidence,Calm,Logic
Character,Moon,1,Comet,GIN,Moon Duo,"With great levels of intelligence and certainty, veiled by an air of tranquility, this duo is a secret weapon. It’s easy to look past the quiet ones, which is what makes this pair so powerful.",CDZP,6,,ZEN x Pezi,Comet Drop 2,https://ipfs.tothemoon.net/ipfs/QmPdTFwp6EsJ38PZehoJwjPwJJzguDYbRLZFv5KuvowyQ9,Male Male,16,16,16,Courage,Leader,Discipline,Confidence,Calm,Logic
Character,Moon,1,Comet,GIN,Moon Duo,"With great levels of intelligence and certainty, veiled by an air of tranquility, this duo is a secret weapon. It’s easy to look past the quiet ones, which is what makes this pair so powerful.",CDZP,7,,ZEN x Pezi,Comet Drop 2,https://ipfs.tothemoon.net/ipfs/QmYhfm6UzDaoGkqu4Qidg3nDWTRJjSStX3LuGoBoVbk6SW,Male Male,16,16,16,Courage,Leader,Discipline,Confidence,Calm,Logic
Character,Moon,1,Comet,GIN,Moon Duo,"With great levels of intelligence and certainty, veiled by an air of tranquility, this duo is a secret weapon. It’s easy to look past the quiet ones, which is what makes this pair so powerful.",CDZP,8,,ZEN x Pezi,Comet Drop 2,https://ipfs.tothemoon.net/ipfs/Qmbw3ivXzU7ETCg3NnL7PPw5KpFE3xH5R8yXfFsGNnkuqE,Male Male,16,16,16,Courage,Leader,Discipline,Confidence,Calm,Logic
Character,Moon,1,Comet,GIN,Moon Duo,"With great levels of intelligence and certainty, veiled by an air of tranquility, this duo is a secret weapon. It’s easy to look past the quiet ones, which is what makes this pair so powerful.",CDZP,9,,ZEN x Pezi,Comet Drop 2,https://ipfs.tothemoon.net/ipfs/QmVzAKHNoQSrXA9jfbgKmXq4t4b6TKHrAGbm3UW8GqrEBv,Male Male,16,16,16,Courage,Leader,Discipline,Confidence,Calm,Logic
Character,Moon,1,Comet,GIN,Moon Duo,"With great levels of intelligence and certainty, veiled by an air of tranquility, this duo is a secret weapon. It’s easy to look past the quiet ones, which is what makes this pair so powerful.",CDZP,10,,ZEN x Pezi,Comet Drop 2,https://ipfs.tothemoon.net/ipfs/QmcReVot52HYyQuxtXSP2dR8SCJnhMWKnwQCUveF8BJVQM,Male Male,16,16,16,Courage,Leader,Discipline,Confidence,Calm,Logic
Character,Moon,1,Comet,GIN,Moon Duo,"This team knows how to feel their way through any tough situation and do so while staying cool and collected. Their inner guiding light leads them to other bright connections, while their charm locks them in.",CDCF,1,,Cobie x Fisk,Comet Drop 2,https://ipfs.tothemoon.net/ipfs/Qmf7RyzU7nqoPmzwHvai1d88N145NeSx5R4ZGQzeSjDmND,Male Male,10,10,10,Intuition,Faith,Sociable,Calm,,
Character,Moon,1,Comet,GIN,Moon Duo,"This team knows how to feel their way through any tough situation and do so while staying cool and collected. Their inner guiding light leads them to other bright connections, while their charm locks them in.",CDCF,2,,Cobie x Fisk,Comet Drop 2,https://ipfs.tothemoon.net/ipfs/QmZumCUZsgrLAoKCBiQGREJciSAvEBhe6soJNB18eCHXAu,Male Male,10,10,10,Intuition,Faith,Sociable,Calm,,
Character,Moon,1,Comet,GIN,Moon Duo,"This team knows how to feel their way through any tough situation and do so while staying cool and collected. Their inner guiding light leads them to other bright connections, while their charm locks them in.",CDCF,3,,Cobie x Fisk,Comet Drop 2,https://ipfs.tothemoon.net/ipfs/QmRsFYjcy5Y92Lb7mNE3nABTZUAhPoiJukoomJHuh27teS,Male Male,10,10,10,Intuition,Faith,Sociable,Calm,,
Character,Moon,1,Comet,GIN,Moon Duo,"This team knows how to feel their way through any tough situation and do so while staying cool and collected. Their inner guiding light leads them to other bright connections, while their charm locks them in.",CDCF,4,,Cobie x Fisk,Comet Drop 2,https://ipfs.tothemoon.net/ipfs/QmQVvbwx9mj3bnxvGK6oyUBAqxCSwCmu6m2wBNNLDNfMm1,Male Male,10,10,10,Intuition,Faith,Sociable,Calm,,
Character,Moon,1,Comet,GIN,Moon Duo,"This team knows how to feel their way through any tough situation and do so while staying cool and collected. Their inner guiding light leads them to other bright connections, while their charm locks them in.",CDCF,5,,Cobie x Fisk,Comet Drop 2,https://ipfs.tothemoon.net/ipfs/QmZnpdwf2aBZL67bQEre9giCrG9caNFN6EZsSCzDVQevV8,Male Male,10,10,10,Intuition,Faith,Sociable,Calm,,
Character,Moon,1,Comet,GIN,Moon Duo,"This team knows how to feel their way through any tough situation and do so while staying cool and collected. Their inner guiding light leads them to other bright connections, while their charm locks them in.",CDCF,6,,Cobie x Fisk,Comet Drop 2,https://ipfs.tothemoon.net/ipfs/QmQ9Tn7x48LmwxU2iwsxQjfHWSan7esZTdz3HnnqutsvVX,Male Male,10,10,10,Intuition,Faith,Sociable,Calm,,
Character,Moon,1,Comet,GIN,Moon Duo,"This team knows how to feel their way through any tough situation and do so while staying cool and collected. Their inner guiding light leads them to other bright connections, while their charm locks them in.",CDCF,7,,Cobie x Fisk,Comet Drop 2,https://ipfs.tothemoon.net/ipfs/QmP2RXCcMaPsRDtBieMbHq4RBWcEruGuyeMyhBLdJw1cYA,Male Male,10,10,10,Intuition,Faith,Sociable,Calm,,
Character,Moon,1,Comet,GIN,Moon Duo,"This team knows how to feel their way through any tough situation and do so while staying cool and collected. Their inner guiding light leads them to other bright connections, while their charm locks them in.",CDCF,8,,Cobie x Fisk,Comet Drop 2,https://ipfs.tothemoon.net/ipfs/QmcWFhKS8Qdz8dw4sAotUQ8scndgVDmy8JyYoeuE9zq9PF,Male Male,10,10,10,Intuition,Faith,Sociable,Calm,,
Character,Moon,1,Comet,GIN,Moon Duo,"This team knows how to feel their way through any tough situation and do so while staying cool and collected. Their inner guiding light leads them to other bright connections, while their charm locks them in.",CDCF,9,,Cobie x Fisk,Comet Drop 2,https://ipfs.tothemoon.net/ipfs/QmdkC1ZA7rEuWXR6ZeJvJRTkx1hkZXPkjBTpXbhcUqv9U5,Male Male,10,10,10,Intuition,Faith,Sociable,Calm,,
Character,Moon,1,Comet,GIN,Moon Duo,"This team knows how to feel their way through any tough situation and do so while staying cool and collected. Their inner guiding light leads them to other bright connections, while their charm locks them in.",CDCF,10,,Cobie x Fisk,Comet Drop 2,https://ipfs.tothemoon.net/ipfs/QmZmxRVvfZaMUTQ3rNuKZaLFewse9kXpEwHK1ptoEddXbn,Male Male,10,10,10,Intuition,Faith,Sociable,Calm,,
Character,Moon,1,Comet,GIN,Moon Duo,"This duo is driven, to the point and thrilled to be here. Hector and Dart have their sights set on attaining the greater good for all those involved.",CDHD,1,,Hector x Dart,Comet Drop 2,https://ipfs.tothemoon.net/ipfs/QmQqvvJ7fLPtzpENyMQhTtyNMHPtwVCwbwoySKmyd51V98,Male Male,10,10,10,Talent,Focus,Conscientiousness,Enthusiasm,,
Character,Moon,1,Comet,GIN,Moon Duo,"This duo is driven, to the point and thrilled to be here. Hector and Dart have their sights set on attaining the greater good for all those involved.",CDHD,2,,Hector x Dart,Comet Drop 2,https://ipfs.tothemoon.net/ipfs/QmZbn7wcaRxWRFqEXjyQMAb92xEdD1X5243qVoaUuFuQj2,Male Male,10,10,10,Talent,Focus,Conscientiousness,Enthusiasm,,
Character,Moon,1,Comet,GIN,Moon Duo,"This duo is driven, to the point and thrilled to be here. Hector and Dart have their sights set on attaining the greater good for all those involved.",CDHD,3,,Hector x Dart,Comet Drop 2,https://ipfs.tothemoon.net/ipfs/QmWMjVJYMczYHvoR3sBut7G6HgEVSi6RVLEzeT5nrUAkZZ,Male Male,10,10,10,Talent,Focus,Conscientiousness,Enthusiasm,,
Character,Moon,1,Comet,GIN,Moon Duo,"This duo is driven, to the point and thrilled to be here. Hector and Dart have their sights set on attaining the greater good for all those involved.",CDHD,4,,Hector x Dart,Comet Drop 2,https://ipfs.tothemoon.net/ipfs/QmZtGofSg64Y5kkZxHsU7i7qt4XXGSJs1s69rer16atMuQ,Male Male,10,10,10,Talent,Focus,Conscientiousness,Enthusiasm,,
Character,Moon,1,Comet,GIN,Moon Duo,"This duo is driven, to the point and thrilled to be here. Hector and Dart have their sights set on attaining the greater good for all those involved.",CDHD,5,,Hector x Dart,Comet Drop 2,https://ipfs.tothemoon.net/ipfs/QmUXq1VercwZsP4EDUnX6wXNRgAacDqS7Yc2HrPmQ72ZtT,Male Male,10,10,10,Talent,Focus,Conscientiousness,Enthusiasm,,
Character,Moon,1,Comet,GIN,Moon Duo,"This duo is driven, to the point and thrilled to be here. Hector and Dart have their sights set on attaining the greater good for all those involved.",CDHD,6,,Hector x Dart,Comet Drop 2,https://ipfs.tothemoon.net/ipfs/QmewppYoEDTFaLs2Cr5uQqRf4X4o1iidJUxiZwzz8biAaz,Male Male,10,10,10,Talent,Focus,Conscientiousness,Enthusiasm,,
Character,Moon,1,Comet,GIN,Moon Duo,"This duo is driven, to the point and thrilled to be here. Hector and Dart have their sights set on attaining the greater good for all those involved.",CDHD,7,,Hector x Dart,Comet Drop 2,https://ipfs.tothemoon.net/ipfs/QmcRnLGjY82a53j7kNKCSYVArEFbdwdmrmbPtw9tZ644HE,Male Male,10,10,10,Talent,Focus,Conscientiousness,Enthusiasm,,
Character,Moon,1,Comet,GIN,Moon Duo,"This duo is driven, to the point and thrilled to be here. Hector and Dart have their sights set on attaining the greater good for all those involved.",CDHD,8,,Hector x Dart,Comet Drop 2,https://ipfs.tothemoon.net/ipfs/QmPV2tvJq7CXuWeLk6phmbmkTigyEbJvbp8i4iAGmpevM7,Male Male,10,10,10,Talent,Focus,Conscientiousness,Enthusiasm,,
Character,Moon,1,Comet,GIN,Moon Duo,"This duo is driven, to the point and thrilled to be here. Hector and Dart have their sights set on attaining the greater good for all those involved.",CDHD,9,,Hector x Dart,Comet Drop 2,https://ipfs.tothemoon.net/ipfs/QmQgUZLccRpWLvw5DCHyjzcLnXDof6iHdsfXbqruVzd27E,Male Male,10,10,10,Talent,Focus,Conscientiousness,Enthusiasm,,
Character,Moon,1,Comet,GIN,Moon Duo,"This duo is driven, to the point and thrilled to be here. Hector and Dart have their sights set on attaining the greater good for all those involved.",CDHD,10,,Hector x Dart,Comet Drop 2,https://ipfs.tothemoon.net/ipfs/QmVKmpE7bi2zW4XmrKVRHvpErA1cvs2vTpGs6ht6rFWHw7,Male Male,10,10,10,Talent,Focus,Conscientiousness,Enthusiasm,,
Character,Moon,1,Comet,GIN,Moon Duo,"The sensibility of these two are what bonds them together. Fortunately, there is a splash of positivity and the ability to dream big which steady the scales.",CDER,1,,Emyra x Ridley,Comet Drop 2,https://ipfs.tothemoon.net/ipfs/QmbbJmv6WFsCRybsyPfUTaRdtv4u2mmwAFBEsGk9JKamFW,Female Male,10,10,10,Optimism,Responsibility,Ambition,,,
Character,Moon,1,Comet,GIN,Moon Duo,"The sensibility of these two are what bonds them together. Fortunately, there is a splash of positivity and the ability to dream big which steady the scales.",CDER,2,,Emyra x Ridley,Comet Drop 2,https://ipfs.tothemoon.net/ipfs/QmfPHxfqttVh1JemHfN7XWKU5i3m4zQdXcj8jGqT64XHE2,Female Male,10,10,10,Optimism,Responsibility,Ambition,,,
Character,Moon,1,Comet,GIN,Moon Duo,"The sensibility of these two are what bonds them together. Fortunately, there is a splash of positivity and the ability to dream big which steady the scales.",CDER,3,,Emyra x Ridley,Comet Drop 2,https://ipfs.tothemoon.net/ipfs/QmdCifkX4dDp25pCS7hWbfB8zL8aPtXCFLBJ3y3qZXNgsL,Female Male,10,10,10,Optimism,Responsibility,Ambition,,,
Character,Moon,1,Comet,GIN,Moon Duo,"The sensibility of these two are what bonds them together. Fortunately, there is a splash of positivity and the ability to dream big which steady the scales.",CDER,4,,Emyra x Ridley,Comet Drop 2,https://ipfs.tothemoon.net/ipfs/QmbWSCxdco1yuo1MiiFmirUy9ycgs2gZeKGovSYrgQn5ic,Female Male,10,10,10,Optimism,Responsibility,Ambition,,,
Character,Moon,1,Comet,GIN,Moon Duo,"The sensibility of these two are what bonds them together. Fortunately, there is a splash of positivity and the ability to dream big which steady the scales.",CDER,5,,Emyra x Ridley,Comet Drop 2,https://ipfs.tothemoon.net/ipfs/QmNbzdeuiWCjhWQiRA452vvtPm2hZe1WUSDZLowkE1G2W4,Female Male,10,10,10,Optimism,Responsibility,Ambition,,,
Character,Moon,1,Comet,GIN,Moon Duo,"The sensibility of these two are what bonds them together. Fortunately, there is a splash of positivity and the ability to dream big which steady the scales.",CDER,6,,Emyra x Ridley,Comet Drop 2,https://ipfs.tothemoon.net/ipfs/QmQaeRnAEB9tJHu9abatRiQ5eFrPzE61bBzx3etxzHEyVv,Female Male,10,10,10,Optimism,Responsibility,Ambition,,,
Character,Moon,1,Comet,GIN,Moon Duo,"The sensibility of these two are what bonds them together. Fortunately, there is a splash of positivity and the ability to dream big which steady the scales.",CDER,7,,Emyra x Ridley,Comet Drop 2,https://ipfs.tothemoon.net/ipfs/QmZHVBi3jmVeYZHKxggLbd7YXJ8ytPnhFreZMZjvH4rGPS,Female Male,10,10,10,Optimism,Responsibility,Ambition,,,
Character,Moon,1,Comet,GIN,Moon Duo,"The sensibility of these two are what bonds them together. Fortunately, there is a splash of positivity and the ability to dream big which steady the scales.",CDER,8,,Emyra x Ridley,Comet Drop 2,https://ipfs.tothemoon.net/ipfs/QmdARQYyyprm56dmDzHyxHPnF8jJFMqyLN9JFcG9G3Upyx,Female Male,10,10,10,Optimism,Responsibility,Ambition,,,
Character,Moon,1,Comet,GIN,Moon Duo,"The sensibility of these two are what bonds them together. Fortunately, there is a splash of positivity and the ability to dream big which steady the scales.",CDER,9,,Emyra x Ridley,Comet Drop 2,https://ipfs.tothemoon.net/ipfs/QmQ3X1Gmtp5LZvXsppSkwscWk5UKnFWGaYAH1E3hfsMUqT,Female Male,10,10,10,Optimism,Responsibility,Ambition,,,
Character,Moon,1,Comet,GIN,Moon Duo,"The sensibility of these two are what bonds them together. Fortunately, there is a splash of positivity and the ability to dream big which steady the scales.",CDER,10,,Emyra x Ridley,Comet Drop 2,https://ipfs.tothemoon.net/ipfs/QmRW7HiPTNZCzc99uwyKBuWKFwXbTSkMfYsuQYBDbRYnY2,Female Male,10,10,10,Optimism,Responsibility,Ambition,,,
Character,Moon,1,Comet,GIN,Moon Duo,"Everyone loves this team and it's not just because of their kindness. Sheldon and Saturn are an outgoing, charming pair who are always interested in learning about others and their experiences.",CDSS,1,,Sheldon x Saturn,Comet Drop 2,https://ipfs.tothemoon.net/ipfs/QmYCNkEtULWMuadAp4UwkQKQshTfDgPs8ycLs72iBMVVew,Male Male,10,10,10,Generosity,Curiosity,Sociable,Charisma,,
Character,Moon,1,Comet,GIN,Moon Duo,"Everyone loves this team and it's not just because of their kindness. Sheldon and Saturn are an outgoing, charming pair who are always interested in learning about others and their experiences.",CDSS,2,,Sheldon x Saturn,Comet Drop 2,https://ipfs.tothemoon.net/ipfs/QmPWJXNmwNL9KrtsSfE62KbMQuuN7pCaLyFUVVhpz6VQJs,Male Male,10,10,10,Generosity,Curiosity,Sociable,Charisma,,
Character,Moon,1,Comet,GIN,Moon Duo,"Everyone loves this team and it's not just because of their kindness. Sheldon and Saturn are an outgoing, charming pair who are always interested in learning about others and their experiences.",CDSS,3,,Sheldon x Saturn,Comet Drop 2,https://ipfs.tothemoon.net/ipfs/QmaEqAS3bNjzAPMR5w1HePoj7mV2BSZF3MHLZKWR4nBZFD,Male Male,10,10,10,Generosity,Curiosity,Sociable,Charisma,,
Character,Moon,1,Comet,GIN,Moon Duo,"Everyone loves this team and it's not just because of their kindness. Sheldon and Saturn are an outgoing, charming pair who are always interested in learning about others and their experiences.",CDSS,4,,Sheldon x Saturn,Comet Drop 2,https://ipfs.tothemoon.net/ipfs/QmUiaXwX3A5Qq8D4XZKzxbJWMZjgS6g5bjBwN1HzeZMpNx,Male Male,10,10,10,Generosity,Curiosity,Sociable,Charisma,,
Character,Moon,1,Comet,GIN,Moon Duo,"Everyone loves this team and it's not just because of their kindness. Sheldon and Saturn are an outgoing, charming pair who are always interested in learning about others and their experiences.",CDSS,5,,Sheldon x Saturn,Comet Drop 2,https://ipfs.tothemoon.net/ipfs/Qmdsj6L2PbH6k3AC8kra1Tmk4oR7bsSzT3SWYbW4Dnfbmh,Male Male,10,10,10,Generosity,Curiosity,Sociable,Charisma,,
Character,Moon,1,Comet,GIN,Moon Duo,"Everyone loves this team and it's not just because of their kindness. Sheldon and Saturn are an outgoing, charming pair who are always interested in learning about others and their experiences.",CDSS,6,,Sheldon x Saturn,Comet Drop 2,https://ipfs.tothemoon.net/ipfs/QmPr8kVNBeZuVyKfFevQ5EXyGNM7L6y1qjsFAhBCf8ZXvm,Male Male,10,10,10,Generosity,Curiosity,Sociable,Charisma,,
Character,Moon,1,Comet,GIN,Moon Duo,"Everyone loves this team and it's not just because of their kindness. Sheldon and Saturn are an outgoing, charming pair who are always interested in learning about others and their experiences.",CDSS,7,,Sheldon x Saturn,Comet Drop 2,https://ipfs.tothemoon.net/ipfs/QmWJpZngBu1Tcih5w1hibrhGjhgmdAv5dcDjokhVppeuS8,Male Male,10,10,10,Generosity,Curiosity,Sociable,Charisma,,
Character,Moon,1,Comet,GIN,Moon Duo,"Everyone loves this team and it's not just because of their kindness. Sheldon and Saturn are an outgoing, charming pair who are always interested in learning about others and their experiences.",CDSS,8,,Sheldon x Saturn,Comet Drop 2,https://ipfs.tothemoon.net/ipfs/QmW3cxDoJ8iYB8C4uSRviEW8LKyWeJpZnATRW5td3sDeEZ,Male Male,10,10,10,Generosity,Curiosity,Sociable,Charisma,,
Character,Moon,1,Comet,GIN,Moon Duo,"Everyone loves this team and it's not just because of their kindness. Sheldon and Saturn are an outgoing, charming pair who are always interested in learning about others and their experiences.",CDSS,9,,Sheldon x Saturn,Comet Drop 2,https://ipfs.tothemoon.net/ipfs/QmcCAz6e77p9ofLgKwCmnUnvTR79zmqnDnFA23VcFYfPtX,Male Male,10,10,10,Generosity,Curiosity,Sociable,Charisma,,
Character,Moon,1,Comet,GIN,Moon Duo,"Everyone loves this team and it's not just because of their kindness. Sheldon and Saturn are an outgoing, charming pair who are always interested in learning about others and their experiences.",CDSS,10,,Sheldon x Saturn,Comet Drop 2,https://ipfs.tothemoon.net/ipfs/QmdVHTBTaq3bNmwD43sRfdbJic6z37UcDFZyZtF3PmphQY,Male Male,10,10,10,Generosity,Curiosity,Sociable,Charisma,,